"dat.source","locID","session_nr","vrijwillID","year","date","Latitude","Longitude","BEKNR","BEKNAAM","coordinateUncertaintyInMeters","procambarus.clarkii","procambarus.virginalis","procambarus.acutus","faxonius.limosus","pacifastacus.leniusculus","faxonius.virilis","pontastacus.leptodactylus","CPUE_faxonius.limosus","CPUE_faxonius.virilis","CPUE_pacifastacus.leniusculus","CPUE_pontastacus.leptodactylus","CPUE_procambarus.acutus","CPUE_procambarus.clarkii","CPUE_procambarus.virginalis","valid_link","link_method","VHAS","geometry","VHAG","CATC","WVLC","distances"
"craywatch_data","I_1501_1","I_1501_1_1","mzc3ytq4",2024,2024-08-23,50.7447390025422,4.2502099959244,8,"Dijle- en Zennebekken",2,0,0,0,0,0,0,0,0,0,0,0,0,0,0,TRUE,"<buffer","6043235",c(141633.565013069, 159364.099568913),"6552","1",NA,0.658623614730506
"craywatch_data","I_1502_1","I_1502_1_1","yjq4y2nh",2024,2024-08-24,50.7120313025491,4.22571339592696,8,"Dijle- en Zennebekken",2,0,0,0,0,0,0,0,0,0,0,0,0,0,0,TRUE,"<buffer","32222",c(139897.657142607, 155728.818509662),"6552","1",NA,0.94981599830314
"craywatch_data","I_1502_4","I_1502_4_1","mzc3ytq4",2024,2024-09-06,50.7128000025497,4.23340099592515,8,"Dijle- en Zennebekken",2,0,0,0,0,0,0,0,0,0,0,0,0,0,0,TRUE,"<buffer",NA,c(140440.767893025, 155813.31335566),NA,NA,"VBRHLE0088",3.40363661246353
"craywatch_data","I_1540_1","I_1540_1_1","mjkyzjq3",2025,2025-08-12,50.7461156,4.1030811,8,"Dijle- en Zennebekken",2,0,0,0,0,0,0,0,0,0,0,0,0,0,0,TRUE,"<buffer","7007667",c(131249.998538407, 159543.998289023),"6571","2",NA,0.659631339155287
"craywatch_data","I_1540_2","I_1540_2_1","mjkyzjq3",2025,2025-08-12,50.7520451,4.0576583,7,"Denderbekken",2,0,0,0,0,0,0,0,0,0,0,0,0,0,0,TRUE,"<buffer","6040984",c(128046.996811314, 160215.998649549),"6354","2",NA,0.127458832930159
"craywatch_data","I_1541_2","I_1541_2_1","mjkyzjq3",2025,2025-08-18,50.6993496,4.0144358,7,"Denderbekken",2,0,0,0,0,0,0,0,0,0,0,0,0,0,0,TRUE,"<buffer","7036531",c(124969.000940457, 154368.000864454),"5952","1",NA,0.0908695266069943
"craywatch_data","I_1547_1","I_1547_1_1","mjkyzjq3",2025,2025-09-01,50.707375,3.9465587,7,"Denderbekken",2,0,0,0,0,0,0,0,0,0,0,0,0,0,0,TRUE,"<buffer","7056288",c(120178.849077913, 155285.73479805),"6347","2",NA,0.6086448189786
"craywatch_data","I_1570_3","I_1570_3_1","yjbhmzzi",2024,2024-09-24,50.739314,4.024344,7,"Denderbekken",2,0,0,0,0,0,0,0,0,0,0,0,0,0,0,TRUE,"<buffer","7073726",c(125689.552529764, 158810.189589766),"6317","2",NA,2.07429635212934
"craywatch_data","I_1600_1","I_1600_1_1","nmm2njmx",2025,2025-07-10,50.77818,4.21213,8,"Dijle- en Zennebekken",2,0,0,0,0,0,0,0,0,0,0,0,0,0,0,TRUE,"<buffer","6043244",c(138953.749508106, 163088.963964541),"6554","1",NA,0.332218129560231
"craywatch_data","I_1600_4","I_1600_4_1","mziwognl",2024,2024-08-18,50.7984079,4.2827493,8,"Dijle- en Zennebekken",2,0,0,0,0,0,0,0,0,0,0,0,0,0,0,TRUE,"<buffer","31637",c(143937.000426889, 165331.002539822),"6554","1",NA,0.133586388820939
"craywatch_data","I_1600_8","I_1600_8_1","otyyyjk1",2024,2024-10-01,50.7935364,4.2699178,8,"Dijle- en Zennebekken",2,0,0,0,0,0,0,0,0,0,0,0,0,0,0,TRUE,"<buffer",NA,c(143031.687411264, 164790.218687699),NA,NA,"VBRSPL0096",0
"craywatch_data","I_1600_9","I_1600_9_1","otyyyjk1",2024,2024-10-07,50.783287,4.242457,8,"Dijle- en Zennebekken",2,0,0,0,0,0,0,0,0,0,0,0,0,0,0,TRUE,"<buffer","6013514",c(141093.624047071, 163653.004520616),"6554","1",NA,0.171564069263009
"craywatch_data","I_1640_2","I_1640_2_1","yjq4y2nh",2024,2024-07-26,50.7220474025577,4.32813989590278,8,"Dijle- en Zennebekken",2,0,0,0,0,0,0,0,0,0,0,0,0,0,0,TRUE,"<buffer",NA,c(147132.386500945, 156834.100186035),NA,NA,"VBRSGR0021",0
"craywatch_data","I_1653_1","I_1653_1_1","yjq4y2nh",2024,2024-07-26,50.7268228025517,4.2879532959132,8,"Dijle- en Zennebekken",2,0,0,0,0,0,0,0,0,0,0,0,0,0,0,TRUE,"<buffer","7035070",c(144295.281090068, 157367.595815582),"7040","2",NA,6.08295613630494
"craywatch_data","I_1654_2","I_1654_2_1","mzc3ytq4",2024,2024-08-30,50.7562888025406,4.2657594959218,8,"Dijle- en Zennebekken",2,0,0,0,0,0,0,0,0,0,0,0,0,0,0,TRUE,"<buffer","7073473",c(142732.795686401, 160647.247184854),"6903","2",NA,0.0181649889014033
"craywatch_data","I_1730_1","I_1730_1_1","ownlnda3",2024,2024-06-26,50.9065872,4.2510468,4,"Benedenscheldebekken",2,0,0,0,0,0,0,0,0,0,0,0,0,0,0,TRUE,"<buffer","6037495",c(141720.998729042, 177367.999501764),"6","2",NA,1.36432177263383
"craywatch_data","I_1740_1","I_1740_1_1","yjmznwm3",2024,2024-10-03,50.8812453,4.1546679,7,"Denderbekken",2,0,0,0,0,0,0,0,0,0,0,0,0,0,0,TRUE,"<buffer","6007143",c(134933.997077311, 174564.004124071),"6140","1",NA,4.97083614636009
"craywatch_data","I_1745_1","I_1745_1_1","ndzmm2ex",2024,2024-09-01,50.960996,4.212466,4,"Benedenscheldebekken",2,0,0,0,0,0,0,0,0,0,0,0,0,0,0,TRUE,"<buffer","7004303",c(139020.063302769, 183425.596465925),"615","2",NA,0.0797801848270321
"craywatch_data","I_1750_1","I_1750_1_1","nmm2njmx",2025,2025-08-12,50.79551,4.19683,8,"Dijle- en Zennebekken",2,NA,NA,NA,NA,NA,NA,NA,0,0,0,0,0,0,0,TRUE,"<buffer",NA,c(137879.111986055, 165019.10726275),NA,NA,"VBRLEN0040",0
"craywatch_data","I_1755_4","I_1755_4_1","otgzymmz",2024,2024-08-29,50.8004074,4.0705318,7,"Denderbekken",2,0,0,0,0,0,0,0,0,0,0,0,0,0,0,TRUE,"<buffer","6009673",c(128976.998744465, 165591.99353341),"6044","2",NA,0.618187498028458
"craywatch_data","I_1770_1","I_1770_1_1","yjmznwm3",2024,2024-09-28,50.8854042,4.0965682,7,"Denderbekken",2,0,0,0,1,0,0,0,0.833333333333333,0,0,0,0,0,0,TRUE,"<buffer","32493",c(130846.997808961, 175039.995287869),"5956","1",NA,0.877347118156337
"craywatch_data","I_1790_1","I_1790_1_1","yjmznwm3",2024,2024-09-28,50.8880448,4.1156538,7,"Denderbekken",2,0,0,0,0,0,0,0,0,0,0,0,0,0,0,TRUE,"<buffer","32572",c(132191.000566192, 175329.001232008),"5956","1",NA,1.99544981799795
"craywatch_data","I_1800_1","I_1800_1_1","njfjm2i0",2025,2025-07-30,50.953136,4.4610634,8,"Dijle- en Zennebekken",2,0,0,0,0,0,0,0,0,0,0,0,0,0,0,TRUE,"<buffer","6032955",c(156486.25893221, 182543.854984804),"6873","2",NA,0.967741569021393
"craywatch_data","I_1840_3","I_1840_3_1","nty4mmqw",2024,2024-09-13,50.9808973,4.2640039,4,"Benedenscheldebekken",2,0,0,0,0,0,0,0,0,0,0,0,0,0,0,TRUE,"<buffer","25292",c(142643.93467876, 185633.180421724),"6","1",NA,2.86615060650914
"craywatch_data","I_1980_2","I_1980_2_1","njfjm2i0",2025,2025-07-30,50.9535553,4.4420612,8,"Dijle- en Zennebekken",2,0,0,0,0,0,0,0,0,0,0,0,0,0,0,TRUE,"<buffer","6040832",c(155150.997605904, 182588.998133333),"6996","2",NA,0.119149651239226
"craywatch_data","I_1980_3","I_1980_3_1","ymjlzthm",2025,2025-08-12,50.9655389,4.4707173,8,"Dijle- en Zennebekken",2,0,0,0,0,0,0,0,0,0,0,0,0,0,0,TRUE,"<buffer","6015774",c(157162.695328481, 183924.501036643),"6552","0",NA,0.0866705659275611
"craywatch_data","I_1980_9","I_1980_9_1","njfjm2i0",2025,2025-08-04,50.9530568,4.455003,8,"Dijle- en Zennebekken",2,1,0,0,0,0,0,0,0,0,0,0,0,0.0555555555555556,0,TRUE,"<buffer",NA,c(156060.427229253, 182534.528450726),NA,NA,"VBRVIL0060",0
"craywatch_data","I_1981_2","I_1981_2_1","mmmyngrm",2025,2025-05-02,50.9863328,4.4905038,8,"Dijle- en Zennebekken",2,1,NA,NA,NA,NA,NA,NA,0,0,0,0,0,0.666666666666667,0,TRUE,"<buffer","6033077",c(158548.83712041, 186239.822550568),"6560","1",NA,3.16545336683996
"craywatch_data","I_1981_2","I_1981_2_2","mmmyngrm",2025,2025-05-30,50.9863328,4.4905038,8,"Dijle- en Zennebekken",2,1,NA,NA,NA,NA,NA,NA,0,0,0,0,0,0.333333333333333,0,TRUE,"<buffer","6033077",c(158548.83712041, 186239.822550568),"6560","1",NA,3.16545336683996
"craywatch_data","I_1981_3","I_1981_3_1","odcxnmmx",2025,2025-03-03,50.9876254,4.505414,8,"Dijle- en Zennebekken",2,1,0,0,1,0,0,0,0.125,0,0,0,0,1.58333333333333,0,TRUE,"<buffer",NA,c(159595.51363806, 186385.449670337),NA,NA,"VBRZEM0090",0
"craywatch_data","I_1982_5","I_1982_5_1","ymjlzthm",2025,2025-07-12,50.9609651,4.4781625,8,"Dijle- en Zennebekken",2,1,0,0,0,0,0,0,0,0,0,0,0,2.33333333333333,0,TRUE,"<buffer","6015140",c(157686.458119333, 183416.440467591),"6794","2",NA,1.94721150905449
"craywatch_data","I_1982_7","I_1982_7_1","ymjlzthm",2025,2025-07-18,50.9606829,4.4903475,8,"Dijle- en Zennebekken",2,1,0,0,0,0,0,0,0,0,0,0,0,1,0,TRUE,"<buffer","6015437",c(158542.561614074, 183386.386918133),"6560","2",NA,2.50650865628531
"craywatch_data","I_2020_1","I_2020_1_1","zdvjmdzk",2024,2024-09-25,51.18664,4.40863,4,"Benedenscheldebekken",2,0,0,0,0,0,0,0,0,0,0,0,0,0,0,TRUE,"<buffer",NA,c(152787.762271428, 208517.520425859),NA,NA,"ANTANT0077",0
"craywatch_data","I_2020_2","I_2020_2_1","zdvjmdzk",2024,2024-10-15,51.17985,4.4122,4,"Benedenscheldebekken",2,0,0,0,0,0,0,0,0,0,0,0,0,0,0,TRUE,"<buffer",NA,c(153037.81329194, 207762.25467344),NA,NA,"ANTANT0464",0
"craywatch_data","I_2030_4","I_2030_4_1","zjyxyjrl",2024,2024-08-10,51.3013959,4.3723865,4,"Benedenscheldebekken",2,0,0,0,0,0,0,0,0,0,0,0,0,0,0,TRUE,"<buffer","6015532",c(150252.998685308, 221284.003688877),"3104","1",NA,0.602416478731801
"craywatch_data","I_2100_2","I_2100_2_1","owmxyjiw",2024,2024-08-15,51.2157209,4.4590502,4,"Benedenscheldebekken",2,0,0,0,0,0,0,0,0,0,0,0,0,0,0,TRUE,"<buffer","6024268",c(156309.001111783, 211756.002423964),"3103","1",NA,0.629059042150256
"craywatch_data","I_2100_4","I_2100_4_1","owmxyjiw",2024,2024-09-06,51.2129726,4.4713983,4,"Benedenscheldebekken",2,0,0,0,1,0,0,0,0.733333333333333,0,0,0,0,0,0,TRUE,"<buffer",NA,c(157172.224089063, 211451.371332587),NA,NA,"ANTANT0477",0
"craywatch_data","I_2110_1","I_2110_1_1","nwqymjk4",2024,2024-09-10,51.2245608,4.5268978,4,"Benedenscheldebekken",2,0,0,0,0,0,0,0,0,0,0,0,0,0,0,TRUE,"<buffer",NA,c(161047.602353235, 212747.455540844),NA,NA,"ANTWIJ0037",0
"craywatch_data","I_2180_1","I_2180_1_1","nzi4mtm4",2024,2024-08-19,51.3017677,4.3725453,4,"Benedenscheldebekken",2,0,0,0,0,0,0,0,0,0,0,0,0,0,0,TRUE,"<buffer",NA,c(150264.071623818, 221325.370184822),NA,NA,"ANTANT0369",0.185834254222521
"craywatch_data","I_2200_5","I_2200_5_1","ytm3ngrh",2024,2024-09-22,51.2012885,4.7942723,10,"Netebekken",2,NA,NA,NA,NA,NA,NA,NA,0,0,0,0,0,0,0,TRUE,"<buffer","6011520",c(179741.013275425, 210231.941617317),"8504","1",NA,4.87310112325165
"craywatch_data","I_2220_1","I_2220_1_1","odcxnmmx",2024,2024-10-29,51.090445,4.7408571,10,"Netebekken",2,0,0,1,0,0,0,0,0,0,0,0,16.3333333333333,0,0,TRUE,"<buffer",NA,c(176069.54760269, 197880.501580347),NA,NA,"ANTHEI0433",0
"craywatch_data","I_2220_1","I_2220_1_2","odcxnmmx",2025,2025-02-18,51.090445,4.7408571,10,"Netebekken",2,0,0,1,0,0,0,0,0,0,0,0,4.69565217391304,0,0,TRUE,"<buffer",NA,c(176069.54760269, 197880.501580347),NA,NA,"ANTHEI0433",0
"craywatch_data","I_2220_2","I_2220_2_1","odcxnmmx",2025,2025-06-17,51.0907835,4.7412299,10,"Netebekken",2,NA,NA,1,NA,NA,NA,NA,0,0,0,0,5.5,0,0,TRUE,"<buffer",NA,c(176095.476626713, 197918.290188315),NA,NA,"ANTHEI0389",0
"craywatch_data","I_2220_3","I_2220_3_1","odcxnmmx",2025,2025-06-18,51.089962,4.744915,10,"Netebekken",2,0,0,0,0,0,0,0,0,0,0,0,0,0,0,TRUE,"<buffer","7027620",c(176354.115824772, 197828.204025256),"8501","0",NA,3.2626687718179
"craywatch_data","I_2221_1","I_2221_1_1","mmm4mzq3",2024,2024-08-27,51.0701906025052,4.7628235958319,10,"Netebekken",2,0,0,0,0,0,0,0,0,0,0,0,0,0,0,TRUE,"<buffer","6024996",c(177620.493758466, 195635.208682357),"8620","2",NA,1.07699421973786
"craywatch_data","I_2221_2","I_2221_2_1","ztfhota2",2024,2024-08-29,51.0486977025138,4.78322789582454,10,"Netebekken",2,0,0,0,0,0,0,0,0,0,0,0,0,0,0,TRUE,"<buffer","1501972",c(179063.999414182, 193252.002080022),"8956","2",NA,1.21015195579806
"craywatch_data","I_2222_5","I_2222_5_1","odcxnmmx",2025,2025-06-18,51.09293,4.740437,10,"Netebekken",2,0,0,0,0,0,0,0,0,0,0,0,0,0,0,TRUE,"<buffer","7027548",c(176038.729058849, 198156.805000958),"8501","0",NA,2.15047393534604
"craywatch_data","I_2222_6","I_2222_6_1","odcxnmmx",2025,2025-06-19,51.092366,4.742324,10,"Netebekken",2,0,0,0,0,0,0,0,0,0,0,0,0,0,0,TRUE,"<buffer","7027547",c(176171.24107862, 198094.725811037),"8501","0",NA,0.220530957679236
"craywatch_data","I_2235_1","I_2235_1_1","yjbjnzi1",2024,2024-09-13,51.0619956025121,4.80233249582118,10,"Netebekken",2,0,0,0,0,0,0,0,0,0,0,0,0,0,0,TRUE,"<buffer","6016502",c(180395.000995419, 194739.003528667),"8518","2",NA,0.477991189468912
"craywatch_data","I_2260_1","I_2260_1_1","ztfhota2",2024,2024-09-16,51.1021604,4.8324878,10,"Netebekken",2,0,0,0,0,0,0,0,0,0,0,0,0,0,0,TRUE,"<buffer","6011772",c(182480.999965982, 199220.00118426),"8507","1",NA,1.74531701869485
"craywatch_data","I_2270_3","I_2270_3_1","mmm4mzq3",2024,2024-07-31,51.1259324,4.7591022,10,"Netebekken",2,0,0,0,0,0,0,0,0,0,0,0,0,0,0,TRUE,"<buffer","6016600",c(177327.002620041, 201834.994340289),"8507","1",NA,0.270106852620242
"craywatch_data","I_2275_1","I_2275_1_1","njdknmu2",2024,2024-08-19,51.225805,4.8581553,10,"Netebekken",2,0,0,0,0,0,0,0,0,0,0,0,0,0,0,TRUE,"<buffer","7038280",c(184188.000273092, 212987.000510803),"8504","1",NA,1.72659202353382
"craywatch_data","I_2275_2","I_2275_2_1","yjq0ntkw",2024,2024-08-13,51.2668617,4.8841623,10,"Netebekken",2,0,0,0,0,0,0,0,0,0,0,0,0,0,0,TRUE,"<buffer","6011542",c(185973.002142371, 217566.99618665),"8504","1",NA,0.769064934978004
"craywatch_data","I_2275_3","I_2275_3_1","yjq0ntkw",2024,2024-08-13,51.2679451,4.8376797,10,"Netebekken",2,0,0,0,0,0,0,0,0,0,0,0,0,0,0,TRUE,"<buffer","6000515",c(182727.996629919, 217665.994556039),"8572","2",NA,0.0446655276317965
"craywatch_data","I_2300_4","I_2300_4_1","mzk5yjmz",2024,2024-09-21,51.3101635,4.9474125,10,"Netebekken",2,0,0,0,1,0,0,0,0.5,0,0,0,0,0,0,TRUE,"<buffer",NA,c(190349.923622449, 222417.073765432),NA,NA,"ANTTUR0205",0
"craywatch_data","I_2321_1","I_2321_1_1","zgjjotcy",2024,2024-08-06,51.4452341,4.7472234,11,"Maasbekken",2,0,0,0,0,0,0,0,0,0,0,0,0,0,0,TRUE,"<buffer","6027806",c(176314.002367009, 237354.996928044),"9502","1",NA,2.01170976808021
"craywatch_data","I_2330_1","I_2330_1_1","njixzjg3",2024,2024-09-27,51.3604564,4.8320228,11,"Maasbekken",2,0,0,0,0,0,0,0,0,0,0,0,0,0,0,TRUE,"<buffer",NA,c(182268.868592925, 227956.018147402),NA,NA,"ANTMRK0062",0
"craywatch_data","I_2340_1","I_2340_1_1","otuwnjq5",2024,2024-07-25,51.3128148,4.8376736,10,"Netebekken",2,0,0,0,0,0,0,0,0,0,0,0,0,0,0,TRUE,"<buffer","6000571",c(182695.997737705, 222657.996023673),"8572","2",NA,1.22090410924178
"craywatch_data","I_2340_2","I_2340_2_1","otuwnjq5",2024,2024-07-30,51.3348974,4.8674389,10,"Netebekken",2,0,0,0,1,0,0,0,0.0833333333333333,0,0,0,0,0,0,TRUE,"<buffer",NA,c(184754.888781937, 225128.378767258),NA,NA,"ANTBSE0336",0
"craywatch_data","I_2360_3","I_2360_3_1","mzk5yjmz",2024,2024-08-13,51.3193559,4.9769205,10,"Netebekken",2,0,0,0,0,0,0,0,0,0,0,0,0,0,0,TRUE,"<buffer","1500445",c(192399.106827424, 223456.239535436),"8504","2",NA,3.01844550765852
"craywatch_data","I_2370_1","I_2370_1_1","zwy2zjg3",2024,2024-08-12,51.3343984,5.1183225,10,"Netebekken",2,0,0,0,0,0,0,0,0,0,0,0,0,0,0,TRUE,"<buffer","1000016",c(202239.999865228, 225219.998105188),"8508","2",NA,1.35258731722393
"craywatch_data","I_2380_1","I_2380_1_1","zde4odbk",2024,2024-09-29,51.359158,4.997395,10,"Netebekken",2,0,0,0,1,0,0,0,0.0833333333333333,0,0,0,0,0,0,TRUE,"<buffer","7064058",c(193788.958184235, 227896.36725509),"17","0",NA,6.90788045405789
"craywatch_data","I_2387_3","I_2387_3_1","njixzjg3",2024,2024-09-26,51.3986486,4.8996106,11,"Maasbekken",2,0,0,0,0,0,0,0,0,0,0,0,0,0,0,TRUE,"<buffer","7053515",c(186946.244008932, 232236.811271408),"9670","2",NA,0.552929295445357
"craywatch_data","I_2400_2","I_2400_2_1","ztu0mthk",2024,2024-07-16,51.1790866,5.1125897,10,"Netebekken",2,0,0,0,0,0,0,0,0,0,0,0,0,0,0,TRUE,"<buffer","6012047",c(202013.732259355, 207937.428122479),"8726","1",NA,0.551020167288026
"craywatch_data","I_2400_6","I_2400_6_1","mwnhmtq1",2024,2024-10-20,51.230458,5.1813304,10,"Netebekken",2,0,0,0,0,0,0,0,0,0,0,0,0,0,0,TRUE,"<buffer",NA,c(206757.758972676, 213702.782032639),NA,NA,"ANTMOL0036",0
"craywatch_data","I_2400_8","I_2400_8_1","y2y0zdvk",2024,2024-09-04,51.2138313,5.0524223,10,"Netebekken",2,NA,NA,NA,1,NA,NA,NA,0.333333333333333,0,0,0,0,0,0,TRUE,"GRB/2 + buffer","7025502",c(197770.92363594, 211762.255288308),"5","0",NA,24.1982835719235
"craywatch_data","I_2431_2","I_2431_2_1","otyymtfh",2025,2025-07-19,51.0870393,4.9557391,10,"Netebekken",2,1,0,0,0,0,0,0,0,0,0,0,0,0.166666666666667,0,TRUE,"<buffer","6004432",c(191126.999814202, 197599.001256416),"8503","1",NA,3.57672819822887
"craywatch_data","I_2431_3","I_2431_3_1","ztyxmjnj",2025,2025-06-15,51.0738039,5.0334369,10,"Netebekken",2,1,0,0,0,0,0,0,0,0,0,0,0,0.0833333333333333,0,TRUE,"<buffer","6004443",c(196583.955444536, 196172.571794913),"8503","1",NA,1.29221249972759
"craywatch_data","I_2440_1","I_2440_1_1","ztyxmjnj",2025,2025-07-05,51.1032353,4.9847864,10,"Netebekken",2,0,0,0,0,0,0,0,0,0,0,0,0,0,0,TRUE,"<buffer","6016544",c(193147.188598947, 199417.241579381),"8501","0",NA,1.91876588166362
"craywatch_data","I_2450_1","I_2450_1_1","ztyxmjnj",2025,2025-05-28,51.13643,5.0916118,10,"Netebekken",2,0,0,0,1,0,0,0,0.0666666666666667,0,0,0,0,0,0,TRUE,"<buffer","28484",c(200593.108197424, 203177.519562921),"8501","1",NA,2.30510479653659
"craywatch_data","I_2460_10","I_2460_10_1","yjq0ntkw",2024,2024-08-20,51.2440713,4.9130423,10,"Netebekken",2,0,0,0,0,0,0,0,0,0,0,0,0,0,0,TRUE,"<buffer","1500306",c(188007.27874835, 215045.893561371),"9332","2",NA,0.846380009238477
"craywatch_data","I_2460_2","I_2460_2_1","owm5ndk2",2024,2024-08-13,51.1987613,4.9030521,10,"Netebekken",2,0,0,0,1,0,0,0,0.25,0,0,0,0,0,0,TRUE,"<buffer","6011610",c(187345.997277342, 210000.000240396),"8502","1",NA,0.119741882027153
"craywatch_data","I_2460_7","I_2460_7_1","njdknmu2",2024,2024-08-26,51.2432886,4.8728888,10,"Netebekken",2,0,0,0,0,0,0,0,0,0,0,0,0,0,0,TRUE,"<buffer","6011535",c(185204.00294092, 214938.994009066),"8504","1",NA,0.161183109977587
"craywatch_data","I_2480_2","I_2480_2_1","zgu4nzuz",2024,2024-09-07,51.233302,5.1045285,10,"Netebekken",2,0,0,0,0,0,0,0,0,0,0,0,0,0,0,TRUE,"<buffer","7072550",c(201390.233226653, 213963.192706469),"8502","2",NA,12.90069046718
"craywatch_data","I_2491_7","I_2491_7_1","ymfmywyx",2024,2024-08-29,51.150198,5.151801,10,"Netebekken",2,0,0,0,0,0,0,0,0,0,0,0,0,0,0,TRUE,"<buffer","7076561",c(204789.471790563, 204751.901858349),"8501","1",NA,1.10920091549116
"craywatch_data","I_2500_1","I_2500_1_1","zgi0mju3",2024,2024-09-12,51.1348,4.518105,10,"Netebekken",2,0,0,0,0,0,0,0,0,0,0,0,0,0,0,TRUE,"<buffer","6043750",c(160453.521061713, 202760.047096948),"8839","2",NA,1.32613714571808
"craywatch_data","I_2500_7","I_2500_7_1","zgi0mju3",2024,2024-10-14,51.1469777,4.5494446,10,"Netebekken",2,0,0,0,0,0,0,0,0,0,0,0,0,0,0,TRUE,"<buffer","7039502",c(162643.796161132, 204119.723659637),"8612","2",NA,1.17038059359853
"craywatch_data","I_2520_1","I_2520_1_1","mmmwzmrh",2024,2024-09-03,51.1712784,4.6298545,10,"Netebekken",2,0,0,0,1,0,0,0,0.0833333333333333,0,0,0,0,0,0,TRUE,"<buffer","7033933",c(168260.998062494, 206840.001581654),"8505","1",NA,2.41012921004512
"craywatch_data","I_2520_4","I_2520_4_1","ota3ymuw",2024,2024-08-27,51.2285958,4.6120736,4,"Benedenscheldebekken",2,NA,NA,NA,NA,NA,NA,NA,0,0,0,0,0,0,0,TRUE,"<buffer","6042142",c(166996.4611656, 213212.508666096),"17603","1",NA,5.0213846558261
"craywatch_data","I_2520_4","I_2520_4_2","ota3ymuw",2024,2024-09-06,51.2285958,4.6120736,4,"Benedenscheldebekken",2,0,0,0,0,0,0,0,0,0,0,0,0,0,0,TRUE,"<buffer","6042142",c(166996.4611656, 213212.508666096),"17603","1",NA,5.0213846558261
"craywatch_data","I_2520_8","I_2520_8_1","zjkwzmrj",2024,2024-09-15,51.210439,4.615385,4,"Benedenscheldebekken",2,0,0,0,0,0,0,0,0,0,0,0,0,0,0,TRUE,"<buffer","6024234",c(167234.501861397, 211193.257327808),"17602","1",NA,1.26998596665427
"craywatch_data","I_2547_1","I_2547_1_1","zgi0mju3",2024,2024-09-20,51.1273567,4.4924606,10,"Netebekken",2,0,0,0,0,0,0,0,0,0,0,0,0,0,0,TRUE,"<buffer",NA,c(158659.952333871, 201928.657211848),NA,NA,"ANTLNT0023",0
"craywatch_data","I_2550_2","I_2550_2_1","otjhmjg3",2024,2024-10-16,51.1391208,4.4500527,4,"Benedenscheldebekken",2,0,0,0,0,0,0,0,0,0,0,0,0,0,0,TRUE,"<buffer",NA,c(155689.730227688, 203233.298033349),NA,NA,"ANTKON0157",0
"craywatch_data","I_2550_3","I_2550_3_1","otjhmjg3",2024,2024-10-06,51.1426612,4.4084352,4,"Benedenscheldebekken",2,0,0,0,0,0,0,0,0,0,0,0,0,0,0,TRUE,"<buffer","6042715",c(152776.803081039, 203624.771941403),"3108","2",NA,0.654396411684337
"craywatch_data","I_2600_2","I_2600_2_1","zdvjmdzk",2024,2024-09-04,51.1905352,4.4293877,4,"Benedenscheldebekken",2,0,0,0,0,0,0,0,0,0,0,0,0,0,0,TRUE,"<buffer",NA,c(154238.710194357, 208951.869934559),NA,NA,"ANTANT0140",0
"craywatch_data","I_2610_1","I_2610_1_1","zgjhngvm",2024,2024-09-03,51.1634236,4.4021273,4,"Benedenscheldebekken",2,0,0,0,0,0,0,0,0,0,0,0,0,0,0,TRUE,"<buffer",NA,c(152334.301245293, 205934.404703355),NA,NA,"ANTANT0474",0
"craywatch_data","I_2610_2","I_2610_2_1","ymjlzwe4",2024,2024-08-09,51.1636463,4.3741224,4,"Benedenscheldebekken",2,0,0,0,0,0,0,0,0,0,0,0,0,0,0,TRUE,"<buffer",NA,c(150375.319918256, 205958.65118085),NA,NA,"ANTANT0463",0
"craywatch_data","I_2610_3","I_2610_3_1","ymjlzwe4",2024,2024-08-13,51.1653519,4.3666873,4,"Benedenscheldebekken",2,0,1,0,0,0,0,0,0,0,0,0,0,0,2.5,TRUE,"<buffer",NA,c(149855.230935766, 206148.386623145),NA,NA,"ANTANT0466",0
"craywatch_data","I_2620_1","I_2620_1_1","mgexnjex",2024,2024-10-11,51.1325115,4.3494272,4,"Benedenscheldebekken",2,0,0,0,0,0,0,0,0,0,0,0,0,0,0,TRUE,"<buffer","25070",c(148646.997456526, 202495.0014274),"3108","1",NA,0.563950824316109
"craywatch_data","I_2630_3","I_2630_3_1","otjhmjg3",2024,2024-10-12,51.1377952,4.3945113,4,"Benedenscheldebekken",2,NA,NA,NA,NA,NA,NA,NA,0,0,0,0,0,0,0,TRUE,"<buffer",NA,c(151802.56786379, 203082.98479774),NA,NA,"ANTARL0059",0
"craywatch_data","I_2640_1","I_2640_1_1","zgjhngvm",2024,2024-08-28,51.1718562,4.4609497,4,"Benedenscheldebekken",2,NA,1,NA,NA,NA,NA,NA,0,0,0,0,0,0,0.2,TRUE,"<buffer",NA,c(156447.829830221, 206876.068737159),NA,NA,"ANTMOR0002",0
"craywatch_data","I_2800_1","I_2800_1_1","yjdjywix",2025,2025-06-01,51.0484016,4.4519654,8,"Dijle- en Zennebekken",2,0,0,0,0,0,0,0,0,0,0,0,0,0,0,TRUE,"<buffer","6019388",c(155835.000287038, 193140.9956448),"6553","1",NA,0.312309683142128
"craywatch_data","I_2800_3","I_2800_3_1","yjdjywix",2025,2025-07-19,51.0666831,4.4511176,10,"Netebekken",2,0,0,0,1,0,0,0,0.166666666666667,0,0,0,0,0,0,TRUE,"<buffer",NA,c(155773.274530911, 195174.708002595),NA,NA,"ANTMEC0180",0
"craywatch_data","I_2811_7","I_2811_7_1","ntk3ywvl",2025,2025-05-20,51.0108231,4.4454555,8,"Dijle- en Zennebekken",2,NA,NA,NA,NA,NA,NA,NA,0,0,0,0,0,0,0,TRUE,"<buffer",NA,c(155382.860103115, 188960.008156031),NA,NA,"ANTMEC0140",0
"craywatch_data","I_2812_1","I_2812_1_1","mmmyngrm",2025,2025-07-19,51.0044234,4.5187625,8,"Dijle- en Zennebekken",2,1,0,0,0,0,0,0,0,0,0,0,0,0.518518518518518,0,TRUE,"<buffer","6020995",c(160528.980089433, 188255.969676898),"6560","1",NA,0.888370898480888
"craywatch_data","I_2812_2","I_2812_2_1","zmnhnje5",2025,2025-07-19,51.02408,4.5209212,8,"Dijle- en Zennebekken",2,0,0,0,0,0,0,0,0,0,0,0,0,0,0,TRUE,"<buffer","7026114",c(160675.99615629, 190443.000651508),"6553","1",NA,0.292714094762584
"craywatch_data","I_2830_2","I_2830_2_1","ztc4nmfl",2025,2025-05-13,51.0576496,4.3922546,4,"Benedenscheldebekken",2,0,0,0,0,0,0,0,0,0,0,0,0,0,0,TRUE,"<buffer","7025130",c(151647.527406239, 194166.767663518),"3369","2",NA,0.000235939250772518
"craywatch_data","I_2830_3","I_2830_3_1","ztc4nmfl",2025,2025-07-29,51.0590381,4.3844079,4,"Benedenscheldebekken",2,0,0,0,0,0,0,0,0,0,0,0,0,0,0,TRUE,"<buffer",NA,c(151097.362947471, 194321.085373765),NA,NA,"ANTWIL0121",0
"craywatch_data","I_2830_4","I_2830_4_1","ztc4nmfl",2025,2025-05-13,51.0544065,4.3933008,4,"Benedenscheldebekken",2,0,0,0,0,0,0,0,0,0,0,0,0,0,0,TRUE,"<buffer",NA,c(151720.998904889, 193806.003874549),NA,NA,"ANTWIL0176",0
"craywatch_data","I_2840_4","I_2840_4_1","ntvinwe1",2024,2024-09-03,51.0779516,4.4314065,10,"Netebekken",2,0,0,0,0,0,0,0,0,0,0,0,0,0,0,TRUE,"<buffer",NA,c(154390.531455011, 196426.949962785),NA,NA,"ANTRUM0147",0
"craywatch_data","I_2860_3","I_2860_3_1","yjdjywix",2025,2025-06-15,51.075153,4.4834901,10,"Netebekken",2,0,0,0,0,0,0,0,0,0,0,0,0,0,0,TRUE,"<buffer","6024505",c(158040.998639996, 196120.003673005),"9112","2",NA,1.25545775201903
"craywatch_data","I_2860_4","I_2860_4_1","odbjody4",2024,2024-10-16,51.0598583,4.5109872,8,"Dijle- en Zennebekken",2,NA,NA,NA,NA,NA,NA,NA,0,0,0,0,0,0,0,TRUE,"<buffer",NA,c(159971.365712222, 194421.848717855),NA,NA,"ANTSKW0423",0
"craywatch_data","I_2860_4","I_2860_4_2","yjdjywix",2025,2025-06-09,51.0598583,4.5109872,8,"Dijle- en Zennebekken",2,1,0,0,0,0,0,0,0,0,0,0,0,1.08333333333333,0,TRUE,"<buffer",NA,c(159971.365712222, 194421.848717855),NA,NA,"ANTSKW0423",0
"craywatch_data","I_2870_1","I_2870_1_1","zwuxmwy1",2024,2024-07-06,51.0950370024481,4.31745249594477,4,"Benedenscheldebekken",2,0,0,0,0,0,0,0,0,0,0,0,0,0,0,TRUE,"<buffer","6021278",c(146406.002949977, 198327.000526741),"6","1",NA,4.15468918864005
"craywatch_data","I_2870_2","I_2870_2_1","zwuxmwy1",2024,2024-07-20,51.0746396024564,4.33886299593737,4,"Benedenscheldebekken",2,0,0,0,0,0,0,0,0,0,0,0,0,0,0,TRUE,"<buffer","7022841",c(147904.99670265, 196057.003130962),"3106","1",NA,0.409118711680428
"craywatch_data","I_2870_8","I_2870_8_1","njm2yzlk",2024,2024-10-08,51.0804692024467,4.2672168959556,4,"Benedenscheldebekken",2,0,0,0,0,0,0,0,0,0,0,0,0,0,0,TRUE,"<buffer","1501997",c(142884.610587321, 196709.935385277),"617","2",NA,2.73537478926331
"craywatch_data","I_2870_9","I_2870_9_1","njm2yzlk",2024,2024-10-02,51.0725540024493,4.2699230959541,4,"Benedenscheldebekken",2,0,0,0,0,0,0,0,0,0,0,0,0,0,0,TRUE,"<buffer","7022872",c(143073.085181713, 195829.126078591),"6","1",NA,3.31873788622912
"craywatch_data","I_2880_1","I_2880_1_1","zge1otbm",2024,2024-08-03,51.0913189,4.2391514,4,"Benedenscheldebekken",2,0,0,0,1,0,0,0,0.0833333333333333,0,0,0,0,0,0,TRUE,"<buffer",NA,c(140920.002082666, 197919.99535944),NA,NA,"ANTBRM0334",0
"craywatch_data","I_2880_11","I_2880_11_1","mthjnmy5",2024,2024-09-12,51.1180833,4.2985397,4,"Benedenscheldebekken",2,0,0,0,0,0,0,0,0,0,0,0,0,0,0,TRUE,"<buffer","6021311",c(145083.491236065, 200891.969746125),"3761","2",NA,0.167644132029727
"craywatch_data","I_2880_12","I_2880_12_1","mthjnmy5",2024,2024-09-12,51.0925450024483,4.31271549594568,4,"Benedenscheldebekken",2,0,0,0,0,0,0,0,0,0,0,0,0,0,0,TRUE,"<buffer","6021278",c(146073.951681979, 198050.003839322),"6","1",NA,4.39685773719254
"craywatch_data","I_2880_13","I_2880_13_1","njm2yzlk",2024,2024-09-24,51.0836332,4.2890212,4,"Benedenscheldebekken",2,0,0,0,0,0,0,0,0,0,0,0,0,0,0,TRUE,"<buffer","7025867",c(144412.93377291, 197060.075779802),"6","1",NA,4.28118264438399
"craywatch_data","I_2880_2","I_2880_2_1","zge1otbm",2024,2024-08-07,51.1092937,4.2478199,4,"Benedenscheldebekken",2,1,0,0,0,0,0,0,0,0,0,0,0,0.0833333333333333,0,TRUE,"<buffer",NA,c(141530.548842004, 199918.66429739),NA,NA,"ANTBRM0421",0
"craywatch_data","I_2890_1","I_2890_1_1","njm2yzlk",2024,2024-10-22,51.0541728024537,4.26214469595409,4,"Benedenscheldebekken",2,0,0,0,0,0,0,0,0,0,0,0,0,0,0,TRUE,"<buffer","7022910",c(142525.000529521, 193785.001317377),"6","1",NA,0.151873823347687
"craywatch_data","I_2900_1","I_2900_1_1","nmvkndjl",2024,2024-10-01,51.2871379,4.5257715,4,"Benedenscheldebekken",2,0,0,0,1,0,0,0,0.0833333333333333,0,0,0,0,0,0,TRUE,"<buffer",NA,c(160954.131777122, 219709.36427898),NA,NA,"ANTSOT0221",0
"craywatch_data","I_2900_3","I_2900_3_1","nmvkndjl",2024,2024-07-09,51.2927059,4.5470864,4,"Benedenscheldebekken",2,0,0,0,1,0,0,0,0.666666666666667,0,0,0,0,0,0,TRUE,"<buffer","6033175",c(162439.688379282, 220332.217754309),"17","0",NA,9.18140477027433
"craywatch_data","I_2920_10","I_2920_10_1","ywyxmtey",2024,2024-10-19,51.3687658023891,4.49336629592995,11,"Maasbekken",2,NA,1,NA,NA,NA,NA,NA,0,0,0,0,0,0,2.66666666666667,TRUE,"<buffer",NA,c(158678.029472757, 228786.92657136),NA,NA,"ANTKAL0126",0
"craywatch_data","I_2920_4","I_2920_4_1","yjqxzmiz",2024,2024-08-13,51.4264226023746,4.51036579593173,11,"Maasbekken",2,0,0,0,0,0,0,0,0,0,0,0,0,0,0,TRUE,"<buffer","7023288",c(159849.639404145, 235204.112474696),"9918","2",NA,0.0344701345540066
"craywatch_data","I_2920_8","I_2920_8_1","ywyxmtey",2025,2025-07-17,51.4223627,4.5271094,11,"Maasbekken",2,NA,NA,NA,1,NA,NA,NA,0.222222222222222,0,0,0,0,0,0,TRUE,"<buffer",NA,c(161015.243400754, 234754.754912803),NA,NA,"ANTKAL0156",0
"craywatch_data","I_2920_9","I_2920_9_1","ywyxmtey",2024,2024-10-30,51.428769,4.5248433,11,"Maasbekken",2,NA,NA,NA,NA,NA,NA,NA,0,0,0,0,0,0,0,TRUE,"<buffer",NA,c(160856.101214696, 235467.210684343),NA,NA,"ANTKAL0193",0
"craywatch_data","I_2920_9","I_2920_9_2","ywyxmtey",2025,2025-08-23,51.428769,4.5248433,11,"Maasbekken",2,0,0,0,0,0,0,0,0,0,0,0,0,0,0,TRUE,"<buffer",NA,c(160856.101214696, 235467.210684343),NA,NA,"ANTKAL0193",0
"craywatch_data","I_2930_10","I_2930_10_1","ztnjowu1",2024,2024-10-11,51.2870106,4.5002058,4,"Benedenscheldebekken",2,0,0,0,1,0,0,0,0.0833333333333333,0,0,0,0,0,0,TRUE,"<buffer",NA,c(159170.545257087, 219691.719782109),NA,NA,"ANTBRS0173",0.635307183317042
"craywatch_data","I_2930_6","I_2930_6_1","nmvkndjl",2024,2024-07-30,51.3022217,4.5369521,4,"Benedenscheldebekken",2,0,0,0,1,0,0,0,0.0833333333333333,0,0,0,0,0,0,TRUE,"<buffer",NA,c(161730.337718696, 221389.268738844),NA,NA,"ANTBRS0068",0
"craywatch_data","I_2940_1","I_2940_1_1","nzi4mtm4",2024,2024-08-27,51.3412834,4.3502764,4,"Benedenscheldebekken",2,0,0,0,0,0,0,0,0,0,0,0,0,0,0,TRUE,"<buffer","6024257",c(148712.001855475, 225721.995853658),"113","1",NA,1.79832464981965
"craywatch_data","I_2940_2","I_2940_2_1","zjyxyjrl",2024,2024-07-09,51.3429651,4.3775854,4,"Benedenscheldebekken",2,0,0,0,0,0,0,0,0,0,0,0,0,0,0,TRUE,"<buffer","6024273",c(150615.000270416, 225908.996408929),"113","1",NA,2.9613563377791
"craywatch_data","I_2950_2","I_2950_2_1","nzi4mtm4",2024,2024-09-04,51.3463916,4.4291238,4,"Benedenscheldebekken",2,0,0,0,0,0,0,0,0,0,0,0,0,0,0,TRUE,"<buffer","7025929",c(154205.999939122, 226291.937066317),"113","1",NA,6.14361416345284
"craywatch_data","I_2960_3","I_2960_3_1","mdq4mmy1",2025,2025-06-26,51.3482097,4.614661,11,"Maasbekken",2,0,0,0,0,0,0,0,0,0,0,0,0,0,0,TRUE,"<buffer","6038522",c(167133.001356763, 226521.002391825),"9503","2",NA,1.02383125587135
"craywatch_data","I_2960_4","I_2960_4_1","mdq4mmy1",2024,2024-08-27,51.3360393024162,4.65357059588695,11,"Maasbekken",2,0,0,0,1,0,0,0,0.166666666666667,0,0,0,0,0,0,TRUE,"<buffer","6033174",c(169849.194645592, 225176.645380216),"17","0",NA,10.1835070543532
"craywatch_data","I_2970_1","I_2970_1_1","nmvkndjl",2024,2024-07-03,51.2630475,4.5877525,4,"Benedenscheldebekken",2,0,0,0,0,0,0,0,0,0,0,0,0,0,0,TRUE,"<buffer","7074068",c(165286.210750166, 217040.137623092),"17603","1",NA,4.36729668807048
"craywatch_data","I_2970_2","I_2970_2_1","nmvkndjl",2024,2024-08-13,51.2483174,4.5985564,4,"Benedenscheldebekken",2,0,0,0,0,0,0,0,0,0,0,0,0,0,0,TRUE,"<buffer","6042141",c(166045.428879644, 215403.616500393),"17603","1",NA,0.371432294481776
"craywatch_data","I_2990_1","I_2990_1_1","zgjjotcy",2024,2024-08-06,51.4211058023905,4.64116769589886,11,"Maasbekken",2,0,0,0,0,0,0,0,0,0,0,0,0,0,0,TRUE,"<buffer","7023999",c(168949.996816604, 234637.998068357),"9503","1",NA,0.777666322581026
"craywatch_data","I_2990_10","I_2990_10_1","ywyxmtey",2025,2025-07-20,51.4235034,4.5419916,11,"Maasbekken",2,NA,NA,NA,NA,NA,NA,NA,0,0,0,0,0,0,0,TRUE,"<buffer","7024017",c(162050.198679088, 234883.994980042),"9773","2",NA,1.54438715525845
"craywatch_data","I_3000_3","I_3000_3_1","yjdkn2u5",2024,2024-09-27,50.860611,4.736806,8,"Dijle- en Zennebekken",2,0,0,0,0,0,0,0,0,0,0,0,0,0,0,TRUE,"<buffer","7073451",c(175912.701948123, 172311.497598547),"6557","2",NA,2.14716602298313
"craywatch_data","I_3001_4","I_3001_4_1","nwi1ntu1",2024,2024-09-07,50.8715217,4.6903964,8,"Dijle- en Zennebekken",2,0,0,0,0,0,0,0,0,0,0,0,0,0,0,TRUE,"<buffer","7052236",c(172640.000840817, 173510.001695286),"6919","1",NA,0.590880838192558
"craywatch_data","I_3001_5","I_3001_5_1","y2nhotdk",2024,2024-09-01,50.8633361,4.6721017,8,"Dijle- en Zennebekken",2,0,0,0,0,0,0,0,0,0,0,0,0,0,0,TRUE,"<buffer","6032992",c(171356.001623854, 172594.000222844),"6919","1",NA,0.391768542889377
"craywatch_data","I_3001_7","I_3001_7_1","y2nhotdk",2024,2024-08-27,50.8637529,4.7141723,8,"Dijle- en Zennebekken",2,0,0,0,0,0,0,0,0,0,0,0,0,0,0,TRUE,"<buffer",NA,c(174317.565709268, 172653.331866301),NA,NA,"VBRLEU0026",0
"craywatch_data","I_3010_10","I_3010_10_1","nzq2nzbh",2024,2024-07-30,50.8935525,4.7281685,8,"Dijle- en Zennebekken",2,0,0,0,0,0,0,0,0,0,0,0,0,0,0,TRUE,"<buffer",NA,c(175286.81423102, 175972.938419617),NA,NA,"VBRLEU0062",0
"craywatch_data","I_3010_4","I_3010_4_1","nzq2nzbh",2024,2024-07-30,50.8943306,4.7227575,8,"Dijle- en Zennebekken",2,0,0,0,0,0,0,0,0,0,0,0,0,0,0,TRUE,"<buffer",NA,c(174905.710776312, 176057.662605264),NA,NA,"VBRLEU0129",0
"craywatch_data","I_3010_5","I_3010_5_1","nzq2nzbh",2024,2024-09-03,50.8921988,4.7205903,8,"Dijle- en Zennebekken",2,0,1,0,0,0,0,0,0,0,0,0,0,0,1.58333333333333,TRUE,"<buffer",NA,c(174754.366187409, 175819.79298733),NA,NA,"VBRLEU0131",0
"craywatch_data","I_3010_6","I_3010_6_1","nzq2nzbh",2024,2024-09-03,50.8926286,4.7253163,8,"Dijle- en Zennebekken",2,0,0,0,1,0,0,0,0.5,0,0,0,0,0,0,TRUE,"<buffer",NA,c(175086.642703628, 175869.193580203),NA,NA,"VBRLEU0066",0
"craywatch_data","I_3010_8","I_3010_8_1","nzq2nzbh",2024,2024-09-03,50.8931725,4.7201455,8,"Dijle- en Zennebekken",2,0,1,0,0,0,0,0,0,0,0,0,0,0,3.08333333333333,TRUE,"<buffer",NA,c(174722.557838623, 175927.959815848),NA,NA,"VBRLEU0128",0
"craywatch_data","I_3010_9","I_3010_9_1","nzq2nzbh",2024,2024-09-03,50.8927698,4.7214705,8,"Dijle- en Zennebekken",2,0,1,0,0,0,0,0,0,0,0,0,0,0,0.0833333333333333,TRUE,"<buffer",NA,c(174815.99198468, 175883.605950479),NA,NA,"VBRLEU0051",0
"craywatch_data","I_3012_8","I_3012_8_1","mzqxyjhi",2024,2024-08-07,50.9056413,4.7035974,8,"Dijle- en Zennebekken",2,0,0,0,0,0,0,0,0,0,0,0,0,0,0,TRUE,"<buffer",NA,c(173552.04072754, 177309.614272714),NA,NA,"VBRLEU0047",0
"craywatch_data","I_3061_1","I_3061_1_1","zja3zjyx",2024,2024-09-22,50.8565096,4.6076213,8,"Dijle- en Zennebekken",2,0,0,0,0,0,0,0,0,0,0,0,0,0,0,TRUE,"<buffer","7007113",c(166819.003216664, 171817.999643669),"6919","2",NA,0.410095166483272
"craywatch_data","I_3070_1","I_3070_1_1","zja3zjyx",2024,2024-08-04,50.8846604,4.5507054,8,"Dijle- en Zennebekken",2,0,0,0,0,0,0,0,0,0,0,0,0,0,0,TRUE,"<buffer",NA,c(162803.803280614, 174938.13369696),NA,NA,"VBRKRB0004",0
"craywatch_data","I_3080_2","I_3080_2_1","zthmztvh",2024,2024-07-26,50.8310642,4.5445525,8,"Dijle- en Zennebekken",2,0,0,0,0,0,0,0,0,0,0,0,0,0,0,TRUE,"<buffer",NA,c(162385.002730046, 168975.003411994),NA,NA,"VBRTRV0073",0
"craywatch_data","I_3090_1","I_3090_1_1","owm3nzbk",2025,2025-07-23,50.7688133,4.5096449,8,"Dijle- en Zennebekken",2,0,0,0,0,0,0,0,0,0,0,0,0,0,0,TRUE,"<buffer","7052525",c(159938.997762469, 162044.999453057),"6556","2",NA,0.364445327653508
"craywatch_data","I_3090_6","I_3090_6_1","owm3nzbk",2025,2025-07-19,50.7687761,4.5185848,8,"Dijle- en Zennebekken",2,0,0,0,0,0,0,0,0,0,0,0,0,0,0,TRUE,"<buffer",NA,c(160569.648008028, 162042.10184844),NA,NA,"VBROVR0047",0
"craywatch_data","I_3090_7","I_3090_7_1","owm3nzbk",2025,2025-07-23,50.7708377,4.5388971,8,"Dijle- en Zennebekken",2,0,0,0,0,0,0,0,0,0,0,0,0,0,0,TRUE,"<buffer",NA,c(162001.998993286, 162274.531162404),NA,NA,"VBROVR0149",0
"craywatch_data","I_3090_8","I_3090_8_1","owm3nzbk",2025,2025-07-19,50.7793222,4.5545423,8,"Dijle- en Zennebekken",2,0,0,0,0,0,0,0,0,0,0,0,0,0,0,TRUE,"<buffer",NA,c(163103.229886007, 163220.987637934),NA,NA,"VBROVR0020",0
"craywatch_data","I_3110_7","I_3110_7_1","odi5ngi0",2024,2024-10-01,50.9597795,4.7292443,9,"Demerbekken",2,0,0,0,0,0,0,0,0,0,0,0,0,0,0,TRUE,"<buffer",NA,c(175326.665240979, 183340.530962784),NA,NA,"VBRROT0167",0
"craywatch_data","I_3118_1","I_3118_1_1","odi5ngi0",2024,2024-10-01,50.96651,4.6946368,8,"Dijle- en Zennebekken",2,0,0,0,0,0,0,0,0,0,0,0,0,0,0,TRUE,"<buffer","6019410",c(172891.999121678, 184077.994896291),"6551","1",NA,0.0910958547268222
"craywatch_data","I_3190_1","I_3190_1_1","ymuxmjez",2024,2024-09-20,50.9861762,4.5701582,8,"Dijle- en Zennebekken",2,0,0,0,0,0,0,0,0,0,0,0,0,0,0,TRUE,"<buffer","6017220",c(164141.93511724, 186234.624680591),"6559","2",NA,0.180427578073833
"craywatch_data","I_3190_4","I_3190_4_1","ymuxmjez",2024,2024-09-30,50.9908156025078,4.58167329586854,8,"Dijle- en Zennebekken",2,0,0,0,0,0,0,0,0,0,0,0,0,0,0,TRUE,"<buffer","6006469",c(164949.001191829, 186752.998435899),"6558","2",NA,0.371911183315481
"craywatch_data","I_3220_2","I_3220_2_1","zjbmngyy",2024,2024-10-16,50.9343435,4.8303267,9,"Demerbekken",2,0,0,0,0,0,0,0,0,0,0,0,0,0,0,TRUE,"<buffer",NA,c(182445.859376465, 180550.361472891),NA,NA,"VBRHOL0137",0
"craywatch_data","I_3271_1","I_3271_1_1","otyymtfh",2024,2024-08-26,51.0071698,4.9664636,9,"Demerbekken",2,0,0,0,0,0,0,0,0,0,0,0,0,0,0,TRUE,"<buffer","6023919",c(191950.003005512, 188719.998833313),"7360","1",NA,4.25149502375896
"craywatch_data","I_3271_4","I_3271_4_1","otyymtfh",2024,2024-08-30,51.0085692,4.9912887,9,"Demerbekken",2,0,0,0,0,0,0,0,0,0,0,0,0,0,0,TRUE,"<buffer","6023797",c(193690.997532432, 188890.004234136),"7360","1",NA,0.741485031337103
"craywatch_data","I_3272_2","I_3272_2_1","otyymtfh",2024,2024-09-19,51.002933,4.9333761,9,"Demerbekken",2,0,0,0,0,0,0,0,0,0,0,0,0,0,0,TRUE,"<buffer","6033129",c(189631.402563027, 188230.48739396),"7151","0",NA,4.27377338275554
"craywatch_data","I_3290_5","I_3290_5_1","nwnizjfi",2024,2024-08-27,51.03249,5.11059,9,"Demerbekken",2,0,0,0,0,0,0,0,0,0,0,0,0,0,0,TRUE,"<buffer","6034857",c(202036.993584324, 191627.983128534),"7751","1",NA,0.213333909705296
"craywatch_data","I_3320_1","I_3320_1_1","nzyyotg1",2025,2025-05-15,50.7759463,4.9000942,9,"Demerbekken",2,0,0,0,0,0,0,0,0,0,0,0,0,0,0,TRUE,"<buffer","7028348",c(187476.27559099, 162963.37951784),"7153","1",NA,5.62776324631862
"craywatch_data","I_3400_4","I_3400_4_1","yji2zte1",2024,2024-10-30,50.7749738026195,5.00260139574039,9,"Demerbekken",2,0,0,0,0,0,0,0,0,0,0,0,0,0,0,TRUE,"<buffer","2006055",c(194706.997267685, 162911.999073151),"7161","1",NA,0.42862641819272
"craywatch_data","I_3440_5","I_3440_5_1","nwi2m2u2",2024,2024-10-21,50.8466138026109,5.11138849572072,9,"Demerbekken",2,NA,NA,NA,NA,NA,NA,NA,0,0,0,0,0,0,0,TRUE,"<buffer","2006993",c(202300.001328473, 170952.002586875),"7161","1",NA,0.454981547291294
"craywatch_data","I_3440_6","I_3440_6_1","nwi2m2u2",2024,2024-08-08,50.8409316026114,5.10147339572261,9,"Demerbekken",2,0,0,0,0,0,0,0,0,0,0,0,0,0,0,TRUE,"<buffer","7067808",c(201607.998635642, 170312.998049435),"7957","1",NA,0.550325920225429
"craywatch_data","I_3440_8","I_3440_8_1","nwi2m2u2",2025,2025-07-28,50.842011,5.125022,9,"Demerbekken",2,0,0,0,0,0,0,0,0,0,0,0,0,0,0,TRUE,"<buffer",NA,c(203265.324764743, 170449.710284683),NA,NA,"VBRZOU0028",0
"craywatch_data","I_3450_1","I_3450_1_1","otyymtfh",2025,2025-07-25,50.9000984,5.1276598,9,"Demerbekken",2,0,0,0,0,0,0,0,0,0,0,0,0,0,0,TRUE,"<buffer","2007134",c(203385.000249487, 176913.000067171),"7162","1",NA,0.85520992914023
"craywatch_data","I_3450_3","I_3450_3_1","ngq0zmji",2025,2025-07-04,50.8878124,5.1201843,9,"Demerbekken",2,0,0,0,0,0,0,0,0,0,0,0,0,0,0,TRUE,"<buffer","6000649",c(202873.00097282, 175540.994793016),"7162","1",NA,1.08121868720587
"craywatch_data","I_3450_5","I_3450_5_1","otyymtfh",2025,2025-07-25,50.9000619,5.1332746,9,"Demerbekken",2,0,0,0,0,0,0,0,0,0,0,0,0,0,0,TRUE,"<buffer","33061",c(203779.999091931, 176912.995438516),"7154","1",NA,0.595211415632121
"craywatch_data","I_3470_1","I_3470_1_1","ngq0zmji",2025,2025-06-29,50.8954866,5.0343933,9,"Demerbekken",2,0,0,0,0,0,0,0,0,0,0,0,0,0,0,TRUE,"<buffer","6010197",c(196828.996755823, 176336.996225975),"7155","1",NA,0.178095183222846
"craywatch_data","I_3471_1","I_3471_1_1","ngq0zmji",2025,2025-06-29,50.8704892,4.9827656,9,"Demerbekken",2,0,0,0,0,0,0,0,0,0,0,0,0,0,0,TRUE,"<buffer","6010010",c(193220.002069317, 173525.001734493),"7155","1",NA,0.303143353535822
"craywatch_data","I_3500_1","I_3500_1_1","mdy2ngvi",2025,2025-06-23,50.8883133,5.3243742,9,"Demerbekken",2,0,0,0,0,0,0,0,0,0,0,0,0,0,0,TRUE,"<buffer","6036518",c(217238.99656322, 175761.998393565),"7159","1",NA,0.020698607150195
"craywatch_data","I_3511_2","I_3511_2_1","zwexnwe1",2024,2024-07-18,50.9595413,5.2706883,9,"Demerbekken",2,0,0,0,0,0,0,0,0,0,0,0,0,0,0,TRUE,"<buffer","7028355",c(213365.445071831, 183637.761693785),"42910","1",NA,0.935964404209066
"craywatch_data","I_3511_4","I_3511_4_1","zwexnwe1",2024,2024-08-06,50.9652475,5.2918906,9,"Demerbekken",2,0,0,0,0,0,0,0,0,0,0,0,0,0,0,TRUE,"<buffer","7073332",c(214847.040108948, 184290.816576803),"7195","2",NA,0.0679328472284457
"craywatch_data","I_3511_4","I_3511_4_2","zwexnwe1",2024,2024-08-26,50.9652475,5.2918906,9,"Demerbekken",2,0,0,0,0,0,0,0,0,0,0,0,0,0,0,TRUE,"<buffer","7073332",c(214847.040108948, 184290.816576803),"7195","2",NA,0.0679328472284457
"craywatch_data","I_3512_1","I_3512_1_1","mdy2ngvi",2025,2025-07-04,50.9197078,5.2421134,9,"Demerbekken",2,0,0,0,0,0,0,0,0,0,0,0,0,0,0,TRUE,"<buffer","6036640",c(211410.169142879, 179182.822007165),"7812","1",NA,1.12828331986213
"craywatch_data","I_3520_1","I_3520_1_1","zjiyngyx",2025,2025-07-15,50.991651,5.3872974,9,"Demerbekken",2,0,0,0,0,0,0,0,0,0,0,0,0,0,0,TRUE,"<buffer","7074946",c(221508.307352055, 187315.491103753),"7351","2",NA,0.723767915860109
"craywatch_data","I_3520_4","I_3520_4_1","zjiyngyx",2024,2024-08-29,50.9869595,5.3508929,9,"Demerbekken",2,0,0,1,0,0,0,0,0,0,0,0,0.0833333333333333,0,0,TRUE,"<buffer","7065776",c(218959.535912853, 186759.171684847),"7351","2",NA,0.000401202726986572
"craywatch_data","I_3520_8","I_3520_8_1","zmvizjk1",2024,2024-08-06,50.9864473,5.3163818,9,"Demerbekken",2,0,0,0,1,0,0,0,0.416666666666667,0,0,0,0,0,0,TRUE,"<buffer",NA,c(216537.247300931, 186670.68547882),NA,NA,"LIMZNH0539",0
"craywatch_data","I_3530_3","I_3530_3_1","mtmzmge1",2025,2025-07-27,51.0330313,5.4219622,9,"Demerbekken",2,0,0,0,0,0,0,0,0,0,0,0,0,0,0,TRUE,"<buffer",NA,c(223876.502967349, 191952.409093222),NA,NA,"LIMHHE0114",0
"craywatch_data","I_3530_4","I_3530_4_1","mtmzmge1",2025,2025-07-22,51.0387988,5.3564118,9,"Demerbekken",2,0,0,0,0,0,0,0,0,0,0,0,0,0,0,TRUE,"<buffer","6003602",c(219270.25478815, 192530.737696189),"7775","2",NA,0.847952920162233
"craywatch_data","I_3550_2","I_3550_2_1","zmvizjk1",2024,2024-08-06,50.9991189,5.2597765,9,"Demerbekken",2,0,0,0,0,0,0,0,0,0,0,0,0,0,0,TRUE,"<buffer","6034753",c(212545.999271857, 188030.997388895),"7623","2",NA,0.731707577510259
"craywatch_data","I_3560_8","I_3560_8_1","zmvizjk1",2024,2024-08-13,50.9738454,5.1729945,9,"Demerbekken",2,0,0,0,0,0,0,0,0,0,0,0,0,0,0,TRUE,"<buffer","7008849",c(206484.997338478, 185150.003771607),"7196","1",NA,1.02164439514531
"craywatch_data","I_3570_1","I_3570_1_1","mdy2ngvi",2025,2025-05-23,50.8886293,5.3075097,9,"Demerbekken",2,0,0,0,0,0,0,0,0,0,0,0,0,0,0,TRUE,"<buffer","3300609",c(216052.003313654, 175782.000035929),"7812","1",NA,4.90198016160257
"craywatch_data","I_3580_1","I_3580_1_1","m2i4yzvl",2024,2024-09-26,51.0419336,5.2287682,9,"Demerbekken",2,0,0,0,0,0,0,0,0,0,0,0,0,0,0,TRUE,"<buffer","7072509",c(210314.235835079, 192767.98294607),"7629","2",NA,2.88768763606488
"craywatch_data","I_3582_1","I_3582_1_1","mzc5yzc3",2024,2024-10-03,51.0596175,5.2371641,9,"Demerbekken",2,0,0,0,0,0,0,0,0,0,0,0,0,0,0,TRUE,"<buffer","6040672",c(210880.002045942, 194742.001219859),"7455","2",NA,1.30304989034158
"craywatch_data","I_3582_3","I_3582_3_1","m2i4yzvl",2024,2024-10-05,51.0690631,5.2555738,9,"Demerbekken",2,0,0,0,0,0,0,0,0,0,0,0,0,0,0,TRUE,"<buffer","7065758",c(212157.997975731, 195807.999345407),"7157","2",NA,0.340093824291354
"craywatch_data","I_3582_5","I_3582_5_1","mzc5yzc3",2024,2024-10-29,51.0807552,5.32604,9,"Demerbekken",2,0,0,0,0,0,0,0,0,0,0,0,0,0,0,TRUE,"<buffer",NA,c(217080.00088097, 197170.000737982),NA,NA,"LIMBRG0217",0
"craywatch_data","I_3590_2","I_3590_2_1","mdcxmmmy",2024,2024-07-30,50.9238133486224,5.39591865832034,9,"Demerbekken",2,0,0,0,0,0,0,0,0,0,0,0,0,0,0,TRUE,"<buffer","6020884",c(222217.999872475, 179777.998920698),"7151","1",NA,1.43734516704719
"craywatch_data","I_3600_1","I_3600_1_1","yzayn2iy",2024,2024-07-04,50.9582301,5.4719828,9,"Demerbekken",2,0,0,0,0,0,0,0,0,0,0,0,0,0,0,TRUE,"<buffer","7075580",c(227508.622550005, 183682.996472542),"8038","2",NA,0.797509542054333
"craywatch_data","I_3600_11","I_3600_11_1","mdnjzwy3",2024,2024-08-27,50.9773846,5.4927852,9,"Demerbekken",2,NA,NA,NA,NA,NA,NA,NA,0,0,0,0,0,0,0,TRUE,"<buffer",NA,c(228937.733011313, 185835.522719532),NA,NA,"LIMGNK0063",0
"craywatch_data","I_3600_12","I_3600_12_1","mdnjzwy3",2024,2024-08-27,50.9786478,5.4934182,9,"Demerbekken",2,NA,NA,NA,NA,NA,NA,NA,0,0,0,0,0,0,0,TRUE,"<buffer",NA,c(228980.053819396, 185976.704948703),NA,NA,"LIMGNK0152",0
"craywatch_data","I_3621_3","I_3621_3_1","odcxnmmx",2024,2024-10-29,50.9361600026492,5.66343999559025,11,"Maasbekken",2,0,0,1,0,0,0,0,0,0,0,0,0.666666666666667,0,0,TRUE,"<buffer",NA,c(241001.236637392, 181445.524500085),NA,NA,"LIMLNK0237",0
"craywatch_data","I_3640_1","I_3640_1_1","n2jjztbi",2025,2025-07-02,51.125738,5.811887,11,"Maasbekken",2,0,0,0,0,0,0,0,0,0,0,0,0,0,0,TRUE,"<buffer","40048",c(251023.99916879, 202723.995105821),"9505","1",NA,4.3985936117815
"craywatch_data","I_3640_11","I_3640_11_1","ztnhyzk1",2024,2024-07-13,51.1717186,5.7795737,NA,NA,2,0,0,0,0,0,0,0,0,0,0,0,0,0,0,TRUE,"<buffer","3601120",c(248664.997182136, 207794.994490121),"9967","1",NA,3.8948422294718
"craywatch_data","I_3640_16","I_3640_16_1","mznknjaw",2024,2024-08-29,51.1527600025953,5.75200999559096,11,"Maasbekken",2,0,0,0,1,0,0,0,0.4,0,0,0,0,0,0,TRUE,"<buffer","6010711",c(246776.873994869, 205649.888459261),"9505","1",NA,0.204265510892175
"craywatch_data","I_3640_17","I_3640_17_1","mznknjaw",2024,2024-08-24,51.1584440025882,5.70584099560337,11,"Maasbekken",2,0,0,0,1,0,0,0,0.0833333333333333,0,0,0,0,0,0,TRUE,"<buffer","6035415",c(243535.704049744, 206222.940463802),"18258","9",NA,1.54978428767426
"craywatch_data","I_3640_3","I_3640_3_1","mznknjaw",2024,2024-09-11,51.1698770025923,5.76991459558821,11,"Maasbekken",2,0,0,0,0,0,0,0,0,0,0,0,0,0,0,TRUE,"<buffer","3601120",c(247993.439279242, 207577.351222956),"9967","1",NA,1.9597871504244
"craywatch_data","I_3640_4","I_3640_4_1","ztnhyzk1",2024,2024-07-08,51.1645167025904,5.7399778955953,11,"Maasbekken",2,0,0,0,0,0,0,0,0,0,0,0,0,0,0,TRUE,"<buffer","6010882",c(245911.000201212, 206942.000182749),"9967","1",NA,0.415941630563778
"craywatch_data","I_3640_6","I_3640_6_1","ztnhyzk1",2024,2024-07-17,51.1508565025986,5.77547279558475,11,"Maasbekken",2,0,0,0,1,0,0,0,0.166666666666667,0,0,0,0,0,0,TRUE,"<buffer","7066309",c(248422.226401353, 205469.014099877),"9522","1",NA,10.3019161380631
"craywatch_data","I_3650_16","I_3650_16_1","ngrkywmz",2025,2025-07-26,51.0622554,5.7729366,11,"Maasbekken",2,0,0,0,0,0,0,0,0,0,0,0,0,0,0,TRUE,"GRB/2 + buffer","6025765",c(248431.285928239, 195610.550541959),"9501","0",NA,31.7726243241981
"craywatch_data","I_3660_1","I_3660_1_1","nzzlmmvm",2024,2024-07-25,51.0767210026086,5.67345699560286,11,"Maasbekken",2,0,0,0,0,0,0,0,0,0,0,0,0,0,0,TRUE,"<buffer","6033920",c(241430.348601492, 197092.308995862),"10004","1",NA,7.50141663634857
"craywatch_data","I_3660_1","I_3660_1_2","nzzlmmvm",2024,2024-09-12,51.0767210026086,5.67345699560286,11,"Maasbekken",2,NA,NA,NA,NA,NA,NA,NA,0,0,0,0,0,0,0,TRUE,"<buffer","6033920",c(241430.348601492, 197092.308995862),"10004","1",NA,7.50141663634857
"craywatch_data","I_3670_6","I_3670_6_1","mznkyti0",2024,2024-08-11,51.1244491025758,5.51500789564836,11,"Maasbekken",2,0,0,0,0,0,0,0,0,0,0,0,0,0,0,TRUE,"<buffer","6010599",c(230245.543022826, 202218.046618761),"9505","2",NA,1.21978201817373
"craywatch_data","I_3680_1","I_3680_1_1","n2jjztbi",2025,2025-07-09,51.1040778,5.809133,11,"Maasbekken",2,1,0,0,0,0,0,0,0,0,0,0,0,2.25,0,TRUE,"<buffer","7016229",c(250877.998644258, 200311.000744297),"10004","1",NA,0.141515073356547
"craywatch_data","I_3680_10","I_3680_10_1","n2jjztbi",2024,2024-09-17,51.0913630026089,5.71372299559415,11,"Maasbekken",2,0,0,0,0,0,0,0,0,0,0,0,0,0,0,TRUE,"<buffer","6011091",c(244222.270347556, 198771.323348253),"9823","2",NA,0.735776984628031
"craywatch_data","I_3680_4","I_3680_4_1","nzzlmmvm",2025,2025-08-05,51.0563721,5.6356721,11,"Maasbekken",2,0,0,0,0,0,0,0,0,0,0,0,0,0,0,TRUE,"<buffer","6004172",c(238821.379451635, 194782.978777274),"10004","1",NA,0.205231022557037
"craywatch_data","I_3680_8","I_3680_8_1","n2jjztbi",2025,2025-07-09,51.0978871,5.8069542,11,"Maasbekken",2,1,0,0,0,0,0,0,0,0,0,0,0,0.333333333333333,0,TRUE,"<buffer",NA,c(250738.769166525, 199619.457179603),NA,NA,"LIMMSK0456",0
"craywatch_data","I_3740_4","I_3740_4_1","zji2zgyw",2024,2024-08-03,50.8898258,5.5063873,9,"Demerbekken",2,0,0,0,0,0,0,0,0,0,0,0,0,0,0,TRUE,"<buffer","6001668",c(230042.218420884, 176110.870017702),"7151","1",NA,0.119324827893144
"craywatch_data","I_3740_6","I_3740_6_1","zji2zgyw",2024,2024-08-03,50.8633251,5.5139927,9,"Demerbekken",2,0,0,0,0,0,0,0,0,0,0,0,0,0,0,TRUE,"<buffer",NA,c(230622.775054163, 173171.469183439),NA,NA,"LIMBIL0339",0
"craywatch_data","I_3746_1","I_3746_1_1","zji2zgyw",2024,2024-08-08,50.8932569,5.5486044,9,"Demerbekken",2,0,0,0,0,0,0,0,0,0,0,0,0,0,0,TRUE,"<buffer","6000940",c(233006.235244556, 176538.886244449),"7642","2",NA,3.39762675707235
"craywatch_data","I_3900_1","I_3900_1_1","mdflzwm0",2024,2024-08-17,51.186019,5.436245,11,"Maasbekken",2,0,0,0,0,0,0,0,0,0,0,0,0,0,0,TRUE,"<buffer","6018238",c(224633.451497977, 208984.857628381),"9512","1",NA,0.627634348978598
"craywatch_data","I_3900_2","I_3900_2_1","mdflzwm0",2024,2024-08-17,51.173648,5.436339,11,"Maasbekken",2,0,0,0,0,0,0,0,0,0,0,0,0,0,0,TRUE,"<buffer","6018115",c(224659.823765349, 207608.784661287),"9512","1",NA,2.33670459348471
"craywatch_data","I_3910_13","I_3910_13_1","mdflzwm0",2024,2024-08-30,51.248411,5.41703,11,"Maasbekken",2,0,0,0,1,0,0,0,0.416666666666667,0,0,0,0,0,0,TRUE,"<buffer",NA,c(223192.064412377, 215906.405187258),NA,NA,"LIMNEE0119",0
"craywatch_data","I_3910_2","I_3910_2_1","mdflzwm0",2024,2024-09-02,51.2358368,5.4214858,11,"Maasbekken",2,0,0,0,0,0,0,0,0,0,0,0,0,0,0,TRUE,"<buffer","6018188",c(223523.001534974, 214512.000014301),"9512","1",NA,0.411568417988572
"craywatch_data","I_3910_4","I_3910_4_1","yjvinjli",2024,2024-10-11,51.2402072,5.4952079,11,"Maasbekken",2,NA,NA,NA,NA,NA,NA,NA,0,0,0,0,0,0,0,TRUE,"<buffer","6010061",c(228664.024597258, 215073.777872297),"9508","1",NA,0.379275369497585
"craywatch_data","I_3910_6","I_3910_6_1","mdflzwm0",2024,2024-08-30,51.2679807,5.4284195,11,"Maasbekken",2,0,0,0,0,0,0,0,0,0,0,0,0,0,0,TRUE,"<buffer","6018151",c(223956.152807678, 218094.731839907),"9512","1",NA,2.75725386074443
"craywatch_data","I_3930_1","I_3930_1_1","mdflzwm0",2025,2025-06-25,51.2091835,5.5574111,11,"Maasbekken",2,0,0,0,1,0,0,0,0.333333333333333,0,0,0,0,0,0,TRUE,"<buffer","6025685",c(233062.81930023, 211690.443296731),"263","2",NA,1.53446328127854
"craywatch_data","I_3930_2","I_3930_2_1","mdflzwm0",2025,2025-08-06,51.2966876,5.4865843,11,"Maasbekken",2,0,0,0,0,0,0,0,0,0,0,0,0,0,0,TRUE,"<buffer","7077777",c(227967.197334853, 221347.787076117),"71395","1",NA,0.604294384503275
"craywatch_data","I_3950_6","I_3950_6_1","mdflzwm0",2025,2025-06-25,51.1967998,5.4954027,11,"Maasbekken",2,0,0,0,0,0,0,0,0,0,0,0,0,0,0,TRUE,"<buffer","6030296",c(228750.946021365, 210245.268597052),"9508","2",NA,0.334064084667302
"craywatch_data","I_3980_2","I_3980_2_1","yzjkywm1",2025,2025-08-11,51.0442797,5.1209392,9,"Demerbekken",2,0,0,0,0,0,0,0,0,0,0,0,0,0,0,TRUE,"<buffer","6034857",c(202749.628625602, 192946.798231776),"7751","1",NA,0.28971720581197
"craywatch_data","I_3980_3","I_3980_3_1","otyymtfh",2025,2025-07-19,51.0790464,5.0587994,10,"Netebekken",2,0,0,0,0,0,0,0,0,0,0,0,0,0,0,TRUE,"<buffer","6004473",c(198356.001628545, 196772.000218381),"8503","1",NA,1.32486883147645
"craywatch_data","I_3980_4","I_3980_4_1","yzjkywm1",2025,2025-08-11,51.082602,5.0939029,10,"Netebekken",2,1,0,0,0,0,0,0,0,0,0,0,0,0.166666666666667,0,TRUE,"<buffer","4191045",c(200811.996765373, 197191.003448498),"8503","1",NA,0.804806999291435
"craywatch_data","I_3990_5","I_3990_5_1","mwnhmtq1",2024,2024-08-19,51.1165486025638,5.39167379567882,11,"Maasbekken",2,0,0,0,0,0,0,0,0,0,0,0,0,0,0,TRUE,"<buffer","6018373",c(221623.997944988, 201212.994786073),"9702","2",NA,0.319236030842787
"craywatch_data","I_8020_1","I_8020_1_1","mdjjotdj",2024,2024-07-16,51.1530017,3.2531877,2,"Bekken van de Brugse Polders",2,0,0,0,0,0,0,0,0,0,0,0,0,0,0,TRUE,"<buffer","6009906",c(71949.9999780494, 205359.997239359),"28","1",NA,2.95474174683721
"craywatch_data","I_8020_10","I_8020_10_1","odcxnmmx",2024,2024-10-18,51.1035502,3.2041622,2,"Bekken van de Brugse Polders",2,NA,NA,NA,NA,NA,NA,NA,0,0,0,0,0,0,0,TRUE,"<buffer","6009899",c(68434.0078517278, 199911.788988205),"28","1",NA,1.86833394067262
"craywatch_data","I_8020_3","I_8020_3_1","ymzlmda2",2024,2024-10-05,51.1025832,3.2575029,2,"Bekken van de Brugse Polders",2,0,0,0,0,0,0,0,0,0,0,0,0,0,0,TRUE,"<buffer","6009909",c(72167.9970222337, 199747.004109344),"927","1",NA,0.440714077148604
"craywatch_data","I_8020_6","I_8020_6_1","odcxnmmx",2024,2024-10-18,51.13214,3.25372,2,"Bekken van de Brugse Polders",2,NA,NA,NA,NA,NA,NA,NA,0,0,0,0,0,0,0,TRUE,"<buffer","6009902",c(71952.4094142984, 203038.807209319),"845","1",NA,0.968034146411828
"craywatch_data","I_8020_8","I_8020_8_1","odcxnmmx",2024,2024-10-18,51.1777616,3.2349959,2,"Bekken van de Brugse Polders",2,NA,NA,NA,NA,NA,NA,NA,0,0,0,0,0,0,0,TRUE,"<buffer","6033335",c(70719.3545844931, 208133.538602482),"12","0",NA,13.2077444446558
"craywatch_data","I_8020_9","I_8020_9_1","odcxnmmx",2024,2024-10-18,51.0713302,3.1864224,2,"Bekken van de Brugse Polders",2,NA,NA,NA,NA,NA,NA,NA,0,0,0,0,0,0,0,TRUE,"<buffer","7015501",c(67134.6089771813, 196347.419407221),"318","2",NA,2.94762411342532
"craywatch_data","I_8200_2","I_8200_2_1","ymu3ntm1",2024,2024-09-28,51.1744665,3.208793,2,"Bekken van de Brugse Polders",2,0,0,0,0,0,0,0,0,0,0,0,0,0,0,TRUE,"<buffer","5010419",c(68881.485697019, 207795.278031375),"54716","1",NA,0.00442683192963472
"craywatch_data","I_8200_4","I_8200_4_1","ymu3ntm1",2024,2024-10-05,51.2167651,3.1911161,2,"Bekken van de Brugse Polders",2,1,0,0,0,0,0,0,0,0,0,0,0,1,0,TRUE,"<buffer",NA,c(67719.9974325979, 212520.00448794),NA,NA,"WVLBRU1179",0
"craywatch_data","I_8300_3","I_8300_3_1","ntvlndrm",2024,2024-10-16,51.327339,3.3394706,2,"Bekken van de Brugse Polders",2,1,0,0,0,0,0,0,0,0,0,0,0,0.333333333333333,0,TRUE,"<buffer","6043342",c(78254.9981456598, 224666.996375863),"2230","1",NA,4.69671183552823
"craywatch_data","I_8300_7","I_8300_7_1","nzlkmtvh",2024,2024-09-25,51.3319846,3.2988945,2,"Bekken van de Brugse Polders",2,1,NA,NA,NA,NA,NA,NA,0,0,0,0,0,1.125,0,TRUE,"<buffer","5003936",c(75434.3373067936, 225223.762755229),"2125","1",NA,0.00375054261964694
"craywatch_data","I_8300_8","I_8300_8_1","nzlkmtvh",2024,2024-09-21,51.3451031,3.2827663,2,"Bekken van de Brugse Polders",2,NA,NA,NA,NA,NA,NA,NA,0,0,0,0,0,0,0,TRUE,"<buffer",NA,c(74331.6732969926, 226699.479437971),NA,NA,"WVLKNO0091",0
"craywatch_data","I_8300_9","I_8300_9_1","nzlkmtvh",2024,2024-09-17,51.335653,3.2774769,2,"Bekken van de Brugse Polders",2,1,0,0,0,0,0,0,0,0,0,0,0,1.5,0,TRUE,"<buffer",NA,c(73947.7100402026, 225653.573552053),NA,NA,"WVLKNO0116",0
"craywatch_data","I_8301_1","I_8301_1_1","ntvlndrm",2024,2024-08-27,51.3276998,3.237953,2,"Bekken van de Brugse Polders",2,1,0,0,0,0,0,0,0,0,0,0,0,2.16666666666667,0,TRUE,"<buffer","5003883",c(71180.0023478509, 224809.994738204),"2125","1",NA,3.19612370168085
"craywatch_data","I_8301_3","I_8301_3_1","ntvlndrm",2024,2024-10-01,51.328525,3.262212,2,"Bekken van de Brugse Polders",2,1,0,0,0,0,0,0,0,0,0,0,0,1.5,0,TRUE,"<buffer","5003908",c(72872.1553324908, 224876.336558538),"2125","1",NA,0.116209408988947
"craywatch_data","I_8310_6","I_8310_6_1","mmy5nzkz",2024,2024-10-03,51.182775,3.233472,2,"Bekken van de Brugse Polders",2,NA,NA,NA,NA,NA,NA,NA,0,0,0,0,0,0,0,TRUE,"<buffer","6033335",c(70621.3233017265, 208692.856080362),"12","0",NA,9.17043041292406
"craywatch_data","I_8340_7","I_8340_7_1","m2u0nwi3",2025,2025-07-15,51.2532994,3.2863563,2,"Bekken van de Brugse Polders",2,1,0,0,0,0,0,0,0,0,0,0,0,1.75,0,TRUE,"<buffer","7065872",c(74433.0029514959, 216482.999126267),"2124","1",NA,1.66872999325594
"craywatch_data","I_8340_8","I_8340_8_1","m2u0nwi3",2025,2025-05-13,51.2782519,3.2831616,2,"Bekken van de Brugse Polders",2,1,0,0,0,0,0,0,0,0,0,0,0,0.166666666666667,0,TRUE,"<buffer","5003139",c(74250.5443395447, 219262.088512983),"2230","1",NA,1.00632730489299
"craywatch_data","I_8370_1","I_8370_1_1","m2m0odgy",2024,2024-08-26,51.2771978,3.1260221,2,"Bekken van de Brugse Polders",2,1,0,0,0,0,0,0,0,0,0,0,0,0.0833333333333333,0,TRUE,"<buffer","6019175",c(63284.8548636916, 219316.636051589),"2123","1",NA,7.58249287081151
"craywatch_data","I_8370_4","I_8370_4_1","odc4ztrj",2024,2024-08-03,51.2885633,3.1555969,2,"Bekken van de Brugse Polders",2,1,0,0,0,0,0,0,0,0,0,0,0,6,0,TRUE,"<buffer","5012654",c(65368.9740903085, 220546.855138531),"2256","2",NA,0.00176223869413161
"craywatch_data","I_8370_5","I_8370_5_1","m2m0odgy",2024,2024-08-18,51.3039487,3.1244784,2,"Bekken van de Brugse Polders",2,1,0,0,0,0,0,0,0,0,0,0,0,1.08333333333333,0,TRUE,"<buffer","7022215",c(63226.9936749958, 222294.267443025),"2360","2",NA,0.00652603736913102
"craywatch_data","I_8377_1","I_8377_1_1","odc4ztrj",2024,2024-07-20,51.258039,3.1818424,2,"Bekken van de Brugse Polders",2,1,0,0,0,0,0,0,0,0,0,0,0,2.08333333333333,0,TRUE,"<buffer",NA,c(67145.4693655148, 217121.673114441),NA,NA,"WVLZUI0115",0
"craywatch_data","I_8377_2","I_8377_2_1","odc4ztrj",2024,2024-07-15,51.2609007,3.1796315,2,"Bekken van de Brugse Polders",2,1,0,0,0,0,0,0,0,0,0,0,0,3,0,TRUE,"<buffer",NA,c(66996.2428205403, 217442.482591175),NA,NA,"WVLZUI0059",0
"craywatch_data","I_8377_3","I_8377_3_1","otqwzjhi",2024,2024-09-14,51.269943,3.153608,2,"Bekken van de Brugse Polders",2,1,0,0,0,0,0,0,0,0,0,0,0,1.06666666666667,0,TRUE,"<buffer","5012550",c(65196.357367844, 218477.75602573),"2614","2",NA,0.178099403532069
"craywatch_data","I_8377_4","I_8377_4_1","otqwzjhi",2024,2024-09-14,51.26219,3.134494,2,"Bekken van de Brugse Polders",2,1,0,0,0,0,0,0,0,0,0,0,0,0.133333333333333,0,TRUE,"<buffer","6019178",c(63848.2106113349, 217637.291538835),"2123","1",NA,4.01085612092904
"craywatch_data","I_8377_5","I_8377_5_1","otqwzjhi",2024,2024-09-19,51.281888,3.089738,2,"Bekken van de Brugse Polders",2,1,0,0,0,0,0,0,0,0,0,0,0,0.333333333333333,0,TRUE,"<buffer","5012581",c(60762.2682954485, 219881.346848185),"2373","2",NA,0.135446949308886
"craywatch_data","I_8380_2","I_8380_2_1","ntvlndrm",2024,2024-09-10,51.2917,3.246988,2,"Bekken van de Brugse Polders",2,1,0,0,0,0,0,0,0,0,0,0,0,4.25,0,FALSE,"not linked",NA,c(71749.2454657435, 220795.614639614),NA,NA,NA,NA
"craywatch_data","I_8380_3","I_8380_3_1","ntvlndrm",2024,2024-09-15,51.267951,3.195695,2,"Bekken van de Brugse Polders",2,1,0,0,0,0,0,0,0,0,0,0,0,2.91666666666667,0,TRUE,"<buffer","5012569",c(68129.8019950076, 218208.952104874),"32203","2",NA,1.96526920189587
"craywatch_data","I_8380_5","I_8380_5_1","yjywyjhi",2024,2024-09-10,51.3007178,3.1969685,2,"Bekken van de Brugse Polders",2,1,0,0,0,0,0,0,0,0,0,0,0,3.6,0,TRUE,"<buffer","5008126",c(68276.1693864137, 221852.648377249),"32203","2",NA,0.61320562754164
"craywatch_data","I_8400_2","I_8400_2_1","n2qzyzhm",2024,2024-09-25,51.2151213,2.9451622,1,"Ijzerbekken",2,0,0,0,0,0,0,0,0,0,0,0,0,0,0,TRUE,"<buffer","6021226",c(50533.9971484309, 212638.001969025),"14884","1",NA,0.735597236032691
"craywatch_data","I_8400_6","I_8400_6_1","odjlnmu5",2024,2024-09-10,51.1922989,2.9470413,1,"Ijzerbekken",2,0,0,0,0,0,0,0,0,0,0,0,0,0,0,TRUE,"<buffer","6043827",c(50616.6833521743, 210096.871249953),"14884","1",NA,0.953075381239421
"craywatch_data","I_8420_2","I_8420_2_1","m2m0odgy",2024,2024-08-22,51.2990122,3.105183,2,"Bekken van de Brugse Polders",2,1,0,0,0,0,0,0,0,0,0,0,0,1,0,TRUE,"<buffer","5012620",c(61872.1690045208, 221767.831729669),"2422","2",NA,0.00458439546915107
"craywatch_data","I_8430_1","I_8430_1_1","odzkzdmz",2024,2024-08-20,51.1669848,2.8007589,1,"Ijzerbekken",2,0,0,0,0,0,0,0,0,0,0,0,0,0,0,TRUE,"<buffer","5006471",c(40332.9993579795, 207487.001246481),"1213","2",NA,1.85902051358284
"craywatch_data","I_8430_3","I_8430_3_1","odzkzdmz",2024,2024-08-20,51.1864522,2.8355339,1,"Ijzerbekken",2,1,0,0,0,0,0,0,0,0,0,0,0,0.0833333333333333,0,TRUE,"<buffer","5006498",c(42809.5384142599, 209601.572913845),"1213","2",NA,2.35479415553017
"craywatch_data","I_8431_1","I_8431_1_1","odcxnmmx",2024,2024-10-18,51.1749033,2.8552918,1,"Ijzerbekken",2,NA,NA,NA,NA,NA,NA,NA,0,0,0,0,0,0,0,TRUE,"<buffer","5006677",c(44164.4818636228, 208288.664582122),"130","2",NA,0.511543776339391
"craywatch_data","I_8432_1","I_8432_1_1","odcxnmmx",2024,2024-10-18,51.16521,2.83294,1,"Ijzerbekken",2,NA,NA,NA,NA,NA,NA,NA,0,0,0,0,0,0,0,TRUE,"<buffer","5006573",c(42579.3642050989, 207242.571303554),"1563","2",NA,1.01203808017853
"craywatch_data","I_8432_2","I_8432_2_1","odcxnmmx",2024,2024-10-18,51.1596686,2.9141654,1,"Ijzerbekken",2,NA,NA,NA,NA,NA,NA,NA,0,0,0,0,0,0,0,TRUE,"<buffer","6004929",c(48247.7472317286, 206511.847362197),"27201","99",NA,1.50503580000314
"craywatch_data","I_8433_1","I_8433_1_1","mjm4ndiy",2025,2025-07-07,51.145493,2.796742,1,"Ijzerbekken",2,0,0,0,0,0,0,0,0,0,0,0,0,0,0,TRUE,"<buffer","7007705",c(40001.501365419, 205102.470583602),"1207","2",NA,3.17907075135054
"craywatch_data","I_8433_5","I_8433_5_1","odzkzdmz",2024,2024-08-25,51.152667,2.802804,1,"Ijzerbekken",2,0,0,0,0,0,0,0,0,0,0,0,0,0,0,TRUE,"<buffer","7007507",c(40442.4378143591, 205891.453205866),"29","0",NA,12.1284990814164
"craywatch_data","I_8433_6","I_8433_6_1","odzkzdmz",2024,2024-08-25,51.147644,2.807004,1,"Ijzerbekken",2,0,0,0,0,0,0,0,0,0,0,0,0,0,0,TRUE,"<buffer","6010377",c(40724.4882051395, 205326.573626922),"1371","2",NA,3.22081949499551
"craywatch_data","I_8460_1","I_8460_1_1","odjlnmu5",2024,2024-09-14,51.1704978428547,2.96531269098783,1,"Ijzerbekken",2,1,0,0,1,0,0,0,0.0833333333333333,0,0,0,0,0.0833333333333333,0,TRUE,"<buffer","6021185",c(51847.951390309, 207647.585302271),"1209","1",NA,6.88332192841558
"craywatch_data","I_8460_10","I_8460_10_1","odcxnmmx",2024,2024-10-18,51.15303,3.00184,1,"Ijzerbekken",2,1,NA,NA,1,NA,NA,NA,0.75,0,0,0,0,0.25,0,TRUE,"<buffer","6021248",c(54366.4977025714, 205656.946729493),"1793","2",NA,0.143492622354816
"craywatch_data","I_8460_11","I_8460_11_1","odcxnmmx",2024,2024-10-18,51.1821246,2.9633365,1,"Ijzerbekken",2,NA,NA,NA,NA,NA,NA,NA,0,0,0,0,0,0,0,FALSE,"not linked",NA,c(51734.2295887678, 208943.475370569),NA,NA,NA,NA
"craywatch_data","I_8460_3","I_8460_3_1","njvknjc4",2024,2024-09-24,51.1779863,3.0417659,2,"Bekken van de Brugse Polders",2,0,0,0,0,0,0,0,0,0,0,0,0,0,0,TRUE,"<buffer",NA,c(57209.1194862868, 208382.30353103),NA,NA,"WVLODB0233",1.59447268100736
"craywatch_data","I_8470_1","I_8470_1_1","otm1mzuw",2024,2024-09-08,51.1700324,2.9620238,1,"Ijzerbekken",2,1,0,0,1,0,0,0,0.2,0,0,0,0,0.2,0,TRUE,"<buffer","6021185",c(51616.9847168165, 207600.163372776),"1209","1",NA,4.90832384169401
"craywatch_data","I_8470_2","I_8470_2_1","yzmzndnm",2024,2024-09-10,51.150606,2.992113,1,"Ijzerbekken",2,0,0,0,0,0,0,0,0,0,0,0,0,0,0,TRUE,"<buffer","6004877",c(53681.0489620131, 205399.88505773),"1215","2",NA,3.068984405854
"craywatch_data","I_8470_4","I_8470_4_1","yzmzndnm",2024,2024-09-17,51.135665,2.989359,1,"Ijzerbekken",2,0,0,0,0,0,0,0,0,0,0,0,0,0,0,TRUE,"<buffer","6016451",c(53457.521335482, 203741.539075367),"1209","2",NA,1.7994331580942
"craywatch_data","I_8480_4","I_8480_4_1","odcxnmmx",2024,2024-10-18,51.1201668,3.0224166,1,"Ijzerbekken",2,NA,NA,NA,NA,NA,NA,NA,0,0,0,0,0,0,0,TRUE,"<buffer","6016457",c(55739.6836098872, 201975.190737175),"1589","2",NA,1.43306024692294
"craywatch_data","I_8490_4","I_8490_4_1","odcxnmmx",2024,2024-10-18,51.1923079,3.0897709,2,"Bekken van de Brugse Polders",2,NA,NA,1,NA,NA,NA,NA,0,0,0,0,1.5,0,0,TRUE,"<buffer","7029537",c(60592.9964617564, 209916.515750147),"2126","2",NA,0.00357687251546159
"craywatch_data","I_8530_12","I_8530_12_1","mwu5ntqy",2024,2024-09-10,50.8400718,3.3144738,5,"Leiebekken",2,0,0,0,1,0,0,0,0.25,0,0,0,0,0,0,TRUE,"<buffer",NA,c(75743.5941057259, 170488.729062077),NA,NA,"WVLHAR0329",0
"craywatch_data","I_8531_3","I_8531_3_1","ymmznwu5",2024,2024-09-16,50.8782849,3.3224979,5,"Leiebekken",2,0,0,0,0,0,0,0,0,0,0,0,0,0,0,TRUE,"<buffer","6020047",c(76368.5773084726, 174731.186883959),"4710","2",NA,3.83307845871757
"craywatch_data","I_8540_4","I_8540_4_1","mwu5ntqy",2024,2024-09-17,50.8457795,3.326138,5,"Leiebekken",2,0,0,0,0,0,0,0,0,0,0,0,0,0,0,TRUE,"<buffer",NA,c(76573.9983054804, 171112.001805323),NA,NA,"WVLHAR0329",0
"craywatch_data","I_8550_1","I_8550_1_1","zguxztnj",2024,2024-07-01,50.7950431024274,3.340027996151,5,"Leiebekken",2,0,0,0,0,0,0,0,0,0,0,0,0,0,0,TRUE,"<buffer","6012245",c(77473.9977229556, 165454.994162529),"18815","2",NA,0.845858247838108
"craywatch_data","I_8552_2","I_8552_2_1","nguxytjj",2025,2025-07-29,50.7791727,3.3788003,6,"Bovenscheldebekken",2,0,0,0,0,0,0,0,0,0,0,0,0,0,0,FALSE,"not linked",NA,c(80183.7975545271, 163652.61160928),NA,NA,NA,NA
"craywatch_data","I_8560_4","I_8560_4_1","zguxztnj",2024,2024-07-08,50.8066401,3.2026969,5,"Leiebekken",2,0,0,0,0,0,0,0,0,0,0,0,0,0,0,TRUE,"<buffer",NA,c(67813.0175085939, 166887.880539475),NA,NA,"WVLWEV0215",0
"craywatch_data","I_8560_6","I_8560_6_1","mwu5ntqy",2024,2024-09-18,50.8388989,3.1838946,5,"Leiebekken",2,0,0,0,0,0,0,0,0,0,0,0,0,0,0,TRUE,"<buffer",NA,c(66545.1141380162, 170496.860417773),NA,NA,"WVLWEV0134",0
"craywatch_data","I_8587_2","I_8587_2_1","oti1mjew",2025,2025-07-18,50.7163939,3.3576975,6,"Bovenscheldebekken",2,0,0,0,0,0,0,0,0,0,0,0,0,0,0,TRUE,"<buffer","6020868",c(78600.5931920762, 156689.919325704),"5523","1",NA,2.66793573339952
"craywatch_data","I_8587_4","I_8587_4_1","oti1mjew",2025,2025-07-23,50.7280484,3.3465322,6,"Bovenscheldebekken",2,0,0,0,0,0,0,0,0,0,0,0,0,0,0,TRUE,"<buffer","6020863",c(77829.9970006221, 157996.998434271),"5039","1",NA,2.54821396082058
"craywatch_data","I_8600_14","I_8600_14_1","mgeyodcw",2025,2025-07-24,51.0566341,2.8734323,1,"Ijzerbekken",2,0,0,0,0,0,0,0,0,0,0,0,0,0,0,TRUE,"<buffer","6003867",c(45168.0290877705, 195108.158230313),"1207","2",NA,0.804893272647267
"craywatch_data","I_8600_18","I_8600_18_1","mta3yjmz",2025,2025-09-12,51.0140966,2.8459754,1,"Ijzerbekken",2,0,0,0,0,0,0,0,0,0,0,0,0,0,0,TRUE,"<buffer","6033638",c(43146.3891694509, 190416.07930257),"1201","0",NA,1.28240655123966
"craywatch_data","I_8600_19","I_8600_19_1","mta3yjmz",2025,2025-09-06,51.048031,2.846146,1,"Ijzerbekken",2,0,0,0,0,0,0,0,0,0,0,0,0,0,0,TRUE,"<buffer","7058471",c(43235.7303029683, 194190.141030326),"1201","0",NA,2.71330247178503
"craywatch_data","I_8600_3","I_8600_3_1","mgeyodcw",2025,2025-07-31,51.0345673,2.9266385,1,"Ijzerbekken",2,NA,NA,NA,NA,NA,NA,NA,0,0,0,0,0,0,0,TRUE,"<buffer","6005159",c(48850.002978634, 192579.99566909),"1208","1",NA,2.6136628200534
"craywatch_data","I_8600_6","I_8600_6_1","nwm0ndcy",2025,2025-08-11,50.9949932,2.8351357,1,"Ijzerbekken",2,0,0,0,0,0,0,0,0,0,0,0,0,0,0,TRUE,"<buffer","6012105",c(42342.0026509138, 188307.002464943),"1379","1",NA,0.669656817867493
"craywatch_data","I_8600_7","I_8600_7_1","nwm0ndcy",2025,2025-07-29,51.0004986,2.8462363,1,"Ijzerbekken",2,0,0,0,0,0,0,0,0,0,0,0,0,0,0,TRUE,"<buffer","6012099",c(43133.6920825038, 188903.296996143),"69722","1",NA,2.52168342182476
"craywatch_data","I_8600_7","I_8600_7_2","mta3yjmz",2025,2025-09-06,51.0004986,2.8462363,1,"Ijzerbekken",2,0,0,0,0,0,0,0,0,0,0,0,0,0,0,TRUE,"<buffer","6012099",c(43133.6920825038, 188903.296996143),"69722","1",NA,2.52168342182476
"craywatch_data","I_8600_8","I_8600_8_1","nwm0ndcy",2025,2025-06-08,50.9882039,2.8136319,1,"Ijzerbekken",2,1,0,0,0,0,0,0,0,0,0,0,0,0.0333333333333333,0,TRUE,"<buffer","6033627",c(40816.8732834026, 187583.271510912),"1201","0",NA,12.4424878013823
"craywatch_data","I_8600_8","I_8600_8_2","nwm0ndcy",2025,2025-06-28,50.9882039,2.8136319,1,"Ijzerbekken",2,1,NA,NA,NA,NA,NA,NA,0,0,0,0,0,0.666666666666667,0,TRUE,"<buffer","6033627",c(40816.8732834026, 187583.271510912),"1201","0",NA,12.4424878013823
"craywatch_data","I_8600_9","I_8600_9_1","mta3yjmz",2025,2025-09-06,51.0747162,2.8372294,1,"Ijzerbekken",2,0,0,0,0,0,0,0,0,0,0,0,0,0,0,TRUE,"<buffer","6033616",c(42671.7934340334, 197171.041522313),"1201","0",NA,5.07958819628758
"craywatch_data","I_8610_1","I_8610_1_1","mdywmjc1",2024,2024-06-30,51.0229459,2.9701506,1,"Ijzerbekken",2,0,0,0,0,0,0,0,0,0,0,0,0,0,0,TRUE,"<buffer","6005171",c(51877.2349829537, 191229.02779169),"1208","1",NA,11.648814305386
"craywatch_data","I_8610_1","I_8610_1_2","ywm4njlk",2025,2025-06-30,51.0229459,2.9701506,1,"Ijzerbekken",2,0,0,0,0,0,0,0,0,0,0,0,0,0,0,TRUE,"<buffer","6005171",c(51877.2349829537, 191229.02779169),"1208","1",NA,11.648814305386
"craywatch_data","I_8610_6","I_8610_6_1","mdywmjc1",2024,2024-08-21,51.0265682,3.0521241,1,"Ijzerbekken",2,NA,NA,NA,NA,NA,1,NA,0,3.5,0,0,0,0,0,TRUE,"<buffer",NA,c(57634.8217211766, 191526.834450657),NA,NA,"WVLKRM0520",0
"craywatch_data","I_8620_2","I_8620_2_1","mjm4ndiy",2025,2025-06-08,51.124462,2.771585,1,"Ijzerbekken",2,0,0,0,0,0,0,0,0,0,0,0,0,0,0,TRUE,"<buffer","6018926",c(38191.1590844921, 202800.840754209),"1205","1",NA,1.29443962578489
"craywatch_data","I_8620_5","I_8620_5_1","mwu5ntqy",2024,2024-09-18,51.1233600022733,2.75641679632337,1,"Ijzerbekken",2,0,0,0,0,0,0,0,0,0,0,0,0,0,0,TRUE,"<buffer",NA,c(37126.8250967354, 202701.210654659),NA,NA,"WVLNWP0008",0
"craywatch_data","I_8620_6","I_8620_6_1","mjm4ndiy",2025,2025-06-08,51.1307748,2.7890545,1,"Ijzerbekken",2,0,0,0,0,0,0,0,0,0,0,0,0,0,0,TRUE,"<buffer",NA,c(39428.8472488384, 203476.835180818),NA,NA,"WVLNWP0084",0
"craywatch_data","I_8630_1","I_8630_1_1","yzk3mme3",2025,2025-07-19,51.0129774,2.5726848,1,"Ijzerbekken",2,1,0,0,0,0,0,0,0,0,0,0,0,0.25,0,TRUE,"<buffer","6008032",c(23969.9992097318, 190720.000533576),"14983","2",NA,0.0149341720898913
"craywatch_data","I_8630_11","I_8630_11_1","yzk3mme3",2025,2025-06-18,51.0225862,2.618034,1,"Ijzerbekken",2,1,0,0,0,0,0,0,0,0,0,0,0,0.166666666666667,0,TRUE,"<buffer","6031723",c(27176.741174225, 191712.677451024),"1210","0",NA,1.71387007823921
"craywatch_data","I_8630_15","I_8630_15_1","yzk3mme3",2025,2025-07-23,51.0361849,2.581487,1,"Ijzerbekken",2,1,0,0,0,0,0,0,0,0,0,0,0,0.25,0,TRUE,"<buffer","5005182",c(24649.6428499209, 193286.114312503),"1257","2",NA,1.9454581530841
"craywatch_data","I_8630_16","I_8630_16_1","yzk3mme3",2025,2025-07-19,51.0568907,2.6039507,1,"Ijzerbekken",2,1,0,0,0,0,0,0,0,0,0,0,0,0.166666666666667,0,TRUE,"<buffer","5004814",c(26279.5618065732, 195551.264337096),"1202","2",NA,0.601791237727308
"craywatch_data","I_8630_3","I_8630_3_1","yzk3mme3",2025,2025-08-03,51.0340455,2.6790698,1,"Ijzerbekken",2,0,0,0,0,0,0,0,0,0,0,0,0,0,0,TRUE,"<buffer","6019197",c(31487.0009287708, 192887.996451125),"1233","2",NA,0.0149127242749527
"craywatch_data","I_8630_8","I_8630_8_1","njhknmu0",2025,2025-05-03,51.0615585,2.6482963,1,"Ijzerbekken",2,0,0,0,0,0,0,0,0,0,0,0,0,0,0,TRUE,"<buffer","6031731",c(29399.8429033682, 195997.475898741),"1210","0",NA,1.93099031204855
"craywatch_data","I_8630_9","I_8630_9_1","njhknmu0",2025,2025-07-01,51.0535273,2.6803944,1,"Ijzerbekken",2,0,0,0,0,0,0,0,0,0,0,0,0,0,0,TRUE,"<buffer","6033604",c(31629.147559087, 195052.62508794),"31","0",NA,0.00162856127556906
"craywatch_data","I_8640_1","I_8640_1_1","mjc1zjc1",2025,2025-05-14,50.947319,2.716387,1,"Ijzerbekken",2,0,0,0,0,0,0,0,0,0,0,0,0,0,0,TRUE,"<buffer","6016315",c(33889.3650166257, 183183.567751276),"1203","1",NA,1.57876019988151
"craywatch_data","I_8647_7","I_8647_7_1","nzm3mdi0",2024,2024-10-10,50.9647428,2.7356841,1,"Ijzerbekken",2,NA,NA,NA,NA,NA,NA,NA,0,0,0,0,0,0,0,TRUE,"<buffer","6033602",c(35287.7475265925, 185091.410907065),"31","0",NA,1.82681011017649
"craywatch_data","I_8647_8","I_8647_8_1","mta3yjmz",2025,2025-09-12,50.9627966,2.7925466,1,"Ijzerbekken",2,0,0,0,0,0,0,0,0,0,0,0,0,0,0,TRUE,"<buffer","7022006",c(39276.7541038979, 184788.674257198),"1201","0",NA,3.12738743027076
"craywatch_data","I_8650_3","I_8650_3_1","mta3yjmz",2025,2025-09-06,50.9653147,2.8176846,1,"Ijzerbekken",2,0,0,0,0,0,0,0,0,0,0,0,0,0,0,TRUE,"<buffer","6033658",c(41048.203445596, 185031.567981597),"32","0",NA,12.6497487879882
"craywatch_data","I_8650_4","I_8650_4_1","mta3yjmz",2025,2025-09-06,50.9820644,2.8066778,1,"Ijzerbekken",2,0,0,0,0,0,0,0,0,0,0,0,0,0,0,TRUE,"<buffer","6033644",c(40314.345745889, 186910.675787154),"1201","0",NA,1.09613153000063
"craywatch_data","I_8650_5","I_8650_5_1","mta3yjmz",2025,2025-09-12,50.984451,2.8254606,1,"Ijzerbekken",2,0,0,0,0,0,0,0,0,0,0,0,0,0,0,TRUE,"<buffer","6005709",c(41638.5579997717, 187148.549268567),"2008","2",NA,1.57386778031132
"craywatch_data","I_8660_1","I_8660_1_1","yzk3mme3",2025,2025-08-03,51.0711046,2.5675574,1,"Ijzerbekken",2,0,0,0,0,0,0,0,0,0,0,0,0,0,0,TRUE,"<buffer","6025353",c(23767.0694019816, 197193.311686531),"13","0",NA,8.75078802375694
"craywatch_data","I_8670_1","I_8670_1_1","njhknmu0",2025,2025-07-05,51.1038088,2.6847605,1,"Ijzerbekken",2,0,0,0,0,0,0,0,0,0,0,0,0,0,0,TRUE,"<buffer","6006614",c(32062.0027690375, 200637.995894448),"1212","2",NA,0.406254754734614
"craywatch_data","I_8690_2","I_8690_2_1","mta3yjmz",2025,2025-09-06,51.0202267,2.7207815,1,"Ijzerbekken",2,0,0,0,0,0,0,0,0,0,0,0,0,0,0,TRUE,"<buffer","6033604",c(34378.0332868876, 191285.349717107),"31","0",NA,7.7951021087878
"craywatch_data","I_8691_5","I_8691_5_1","mjc1zjc1",2025,2025-06-17,50.9452887,2.6783356,1,"Ijzerbekken",2,0,0,0,0,0,0,0,0,0,0,0,0,0,0,TRUE,"<buffer","6036185",c(31210.8375169134, 183017.930419244),"1201","0",NA,0.483394390469642
"craywatch_data","I_8710_1","I_8710_1_1","njmzowyw",2024,2024-08-13,50.9084883,3.3901706,5,"Leiebekken",2,0,0,0,0,0,0,0,0,0,0,0,0,0,0,TRUE,"<buffer",NA,c(81175.087058404, 178025.895461134),NA,NA,"WVLWIE0076",0
"craywatch_data","I_8710_3","I_8710_3_1","ymmznwu5",2024,2024-09-09,50.8820174,3.3340173,5,"Leiebekken",2,0,0,0,0,0,0,0,0,0,0,0,0,0,0,TRUE,"<buffer",NA,c(77184.9981118439, 175135.003807326),NA,NA,"WVLWAR0463",0
"craywatch_data","I_8720_2","I_8720_2_1","njmzowyw",2024,2024-08-20,50.9205784,3.4150208,5,"Leiebekken",2,0,0,0,0,0,0,0,0,0,0,0,0,0,0,TRUE,"<buffer","6020352",c(82939.9970171225, 179347.997208788),"4203","1",NA,0.936082634304005
"craywatch_data","I_8730_10","I_8730_10_1","ndaxotdi",2025,2025-07-25,51.1165137,3.2914765,2,"Bekken van de Brugse Polders",2,0,0,0,0,0,0,0,0,0,0,0,0,0,0,TRUE,"<buffer",NA,c(74569.8028490225, 201261.564440062),NA,NA,"WVLBRN0213",0
"craywatch_data","I_8730_5","I_8730_5_1","mdixota5",2024,2024-07-24,51.1090414023329,3.29024289619531,2,"Bekken van de Brugse Polders",2,0,0,0,0,0,0,0,0,0,0,0,0,0,0,TRUE,"<buffer","6022898",c(74471.3666162037, 200431.610889044),"1179","2",NA,8.12477374772914
"craywatch_data","I_8730_6","I_8730_6_1","ndaxotdi",2025,2025-07-25,51.1094265,3.3075512,2,"Bekken van de Brugse Polders",2,0,0,0,0,0,0,0,0,0,0,0,0,0,0,TRUE,"<buffer",NA,c(75684.0014821771, 200456.995281301),NA,NA,"WVLBRN0145",0
"craywatch_data","I_8730_7","I_8730_7_1","ndaxotdi",2025,2025-07-25,51.1100141,3.3079091,2,"Bekken van de Brugse Polders",2,0,0,0,0,0,0,0,0,0,0,0,0,0,0,TRUE,"<buffer",NA,c(75709.9967690822, 200522.001218737),NA,NA,"WVLBRN0148",0
"craywatch_data","I_8730_8","I_8730_8_1","ndaxotdi",2025,2025-07-25,51.1108487,3.3077474,2,"Bekken van de Brugse Polders",2,0,0,0,0,0,0,0,0,0,0,0,0,0,0,TRUE,"<buffer",NA,c(75699.9997009677, 200615.002737367),NA,NA,"WVLBRN0413",0
"craywatch_data","I_8730_9","I_8730_9_1","mdjjotdj",2024,2024-06-30,51.1439286,3.2919752,2,"Bekken van de Brugse Polders",2,NA,NA,NA,NA,NA,NA,NA,0,0,0,0,0,0,0,TRUE,"<buffer","6033280",c(74648.9182435648, 204310.668929415),"11096","0",NA,14.0651798047472
"craywatch_data","I_8750_2","I_8750_2_1","mjywyjqx",2024,2024-07-23,51.0213582,3.2125623,2,"Bekken van de Brugse Polders",2,0,0,0,0,0,0,0,0,0,0,0,0,0,0,TRUE,"<buffer","6006063",c(68879.9995025341, 190759.996060649),"318","2",NA,0.578075189556114
"craywatch_data","I_8750_3","I_8750_3_1","odcxnmmx",2024,2024-10-18,51.04451,3.20547,2,"Bekken van de Brugse Polders",2,NA,NA,NA,NA,NA,NA,NA,0,0,0,0,0,0,0,TRUE,"<buffer","7075694",c(68422.7601232033, 193343.017712678),"318","2",NA,2.97361806079773
"craywatch_data","I_8793_1","I_8793_1_1","njmzowyw",2024,2024-08-13,50.905814,3.4124769,5,"Leiebekken",2,0,0,0,0,0,0,0,0,0,0,0,0,0,0,TRUE,"<buffer","6029846",c(82740.0002752218, 177707.998041795),"4202","1",NA,4.34629350375574
"craywatch_data","I_8800_3","I_8800_3_1","nzi3zgyy",2024,2024-07-11,50.9268186,3.1374045,5,"Leiebekken",2,0,0,0,0,0,0,0,0,0,0,0,0,0,0,TRUE,"<buffer",NA,c(63432.9938871627, 180329.116766091),NA,NA,"WVLROE0786",0
"craywatch_data","I_8820_3","I_8820_3_1","mjywyjqx",2024,2024-08-31,51.0565537,3.095591,1,"Ijzerbekken",2,0,0,0,0,0,0,0,0,0,0,0,0,0,0,TRUE,"<buffer","6007579",c(60741.0012018898, 194809.003602212),"1443","2",NA,0.303867835473968
"craywatch_data","I_8830_1","I_8830_1_1","ywm4njlk",2025,2025-08-10,50.9858551,3.0645691,1,"Ijzerbekken",2,0,0,0,0,0,0,0,0,0,0,0,0,0,0,TRUE,"<buffer",NA,c(58428.2757515202, 186982.959643589),NA,NA,"WVLHOO0099",0
"craywatch_data","I_8840_6","I_8840_6_1","owrjyju0",2025,2025-06-30,50.99134,3.015235,1,"Ijzerbekken",2,0,0,0,0,0,0,0,0,0,0,0,0,0,0,TRUE,"<buffer",NA,c(54975.8369152586, 187654.988746534),NA,NA,"WVLSTD0246",0
"craywatch_data","I_8850_4","I_8850_4_1","zgqwyjrm",2024,2024-08-01,50.9601016,3.2312679,5,"Leiebekken",2,NA,NA,NA,NA,NA,NA,NA,0,0,0,0,0,0,0,TRUE,"<buffer","6020100",c(70087.9793064127, 183926.013173035),"4596","9",NA,3.13754892021815
"craywatch_data","I_8870_2","I_8870_2_1","zgqwyjrm",2024,2024-08-07,50.9208318,3.2322052,5,"Leiebekken",2,NA,NA,NA,NA,NA,NA,NA,0,0,0,0,0,0,0,TRUE,"<buffer","6020405",c(70086.9980503663, 179556.995728074),"4203","1",NA,0.615201647257415
"craywatch_data","I_8870_3","I_8870_3_1","nzi3zgyy",2024,2024-07-03,50.9368577,3.1745023,5,"Leiebekken",2,0,0,0,0,0,0,0,0,0,0,0,0,0,0,TRUE,"<buffer","6038765",c(66058.7876158763, 181403.181810241),"4203","1",NA,1.29597488218755
"craywatch_data","I_8870_6","I_8870_6_1","zgqwyjrm",2024,2024-07-27,50.9194813,3.2229803,5,"Leiebekken",2,0,0,0,0,0,0,0,0,0,0,0,0,0,0,TRUE,"<buffer",NA,c(69436.1111437399, 179416.742314566),NA,NA,"WVLIZE0147",0
"craywatch_data","I_8890_2","I_8890_2_1","zjm0zwm2",2025,2025-07-30,50.8534766,3.0910547,5,"Leiebekken",2,NA,NA,NA,NA,NA,NA,NA,0,0,0,0,0,0,0,TRUE,"<buffer",NA,c(60034.4891829048, 172226.628523211),NA,NA,"WVLMOO0499",0
"craywatch_data","I_8930_4","I_8930_4_1","zwjmmzmx",2024,2024-09-17,50.7971767,3.1236889,5,"Leiebekken",2,0,0,0,0,0,0,0,0,0,0,0,0,0,0,TRUE,"<buffer",NA,c(62227.1643178252, 165925.688166539),NA,NA,"WVLMEN0052",0
"craywatch_data","I_8930_7","I_8930_7_1","zwjmmzmx",2024,2024-09-28,50.7945484,3.1120459,5,"Leiebekken",2,0,0,0,0,0,0,0,0,0,0,0,0,0,0,TRUE,"GRB/2 + buffer","6022446",c(61401.5035494867, 165647.179931239),"12103","0",NA,15.2980944687509
"craywatch_data","I_8970_4","I_8970_4_1","njuwzjzm",2025,2025-05-23,50.8310814,2.7883174,1,"Ijzerbekken",2,0,0,0,0,0,0,0,0,0,0,0,0,0,0,TRUE,"<buffer","6034525",c(38667.9991906295, 170145.994991181),"1204","2",NA,0.824379030522832
"craywatch_data","I_8970_6","I_8970_6_1","njuwzjzm",2025,2025-06-06,50.832961,2.7006916,1,"Ijzerbekken",2,0,0,0,0,0,0,0,0,0,0,0,0,0,0,TRUE,"<buffer","6011951",c(32501.0006464738, 170489.999039502),"1203","2",NA,0.0134964662674568
"craywatch_data","I_8972_1","I_8972_1_1","njuwzjzm",2025,2025-05-09,50.8932498,2.608243,1,"Ijzerbekken",2,0,0,0,0,0,0,0,0,0,0,0,0,0,0,TRUE,"<buffer","6012034",c(26149.0005621974, 177345.003963251),"1217","1",NA,0.40770261680029
"craywatch_data","I_8972_2","I_8972_2_1","njuwzjzm",2025,2025-05-16,50.9116887,2.6073795,1,"Ijzerbekken",2,0,0,0,0,0,0,0,0,0,0,0,0,0,0,TRUE,"<buffer","6033589",c(26136.899202478, 179397.056722413),"1201","0",NA,3.75445910065532
"craywatch_data","I_9000_1","I_9000_1_1","mjvjmjq4",2024,2024-08-28,51.0576926,3.6869626,3,"Bekken van de Gentse Kanalen",2,0,0,0,0,0,0,0,0,0,0,0,0,0,0,TRUE,"<buffer","6030982",c(102200.370342771, 194390.28219478),"799","0",NA,3.79638126860997
"craywatch_data","I_9000_2","I_9000_2_1","mzu1ode0",2024,2024-09-05,51.0691866,3.6949296,3,"Bekken van de Gentse Kanalen",2,0,0,0,0,0,0,0,0,0,0,0,0,0,0,TRUE,"<buffer","6030948",c(102770.503073521, 195663.823162743),"584","0",NA,12.1715046442872
"craywatch_data","I_9000_4","I_9000_4_1","ownlnda3",2024,2024-09-10,51.0517868,3.6788923,3,"Bekken van de Gentse Kanalen",2,0,0,0,0,0,0,0,0,0,0,0,0,0,0,TRUE,"<buffer",NA,c(101628.490022274, 193738.523414037),NA,NA,"OVLGNT0448",0
"craywatch_data","I_9000_5","I_9000_5_1","mjcymgi5",2024,2024-10-08,51.0355132,3.7201661,3,"Bekken van de Gentse Kanalen",2,0,0,0,0,0,0,0,0,0,0,0,0,0,0,TRUE,"<buffer",NA,c(104506.635664057, 191902.138832295),NA,NA,"OVLGNT0353",0
"craywatch_data","I_9000_6","I_9000_6_1","nzkzyzvh",2024,2024-08-12,51.0339201,3.6972447,3,"Bekken van de Gentse Kanalen",2,0,0,0,0,0,0,0,0,0,0,0,0,0,0,TRUE,"<buffer",NA,c(102897.323356862, 191739.195122411),NA,NA,"OVLGNT0308",0
"craywatch_data","I_9000_8","I_9000_8_1","ownlnda3",2024,2024-09-10,51.0389914,3.7233503,3,"Bekken van de Gentse Kanalen",2,0,0,0,0,0,0,0,0,0,0,0,0,0,0,TRUE,"<buffer",NA,c(104733.336055538, 192287.120322565),NA,NA,"OVLGNT0825",0
"craywatch_data","I_9000_9","I_9000_9_1","ngm2y2mw",2024,2024-09-13,51.0787438,3.719324,3,"Bekken van de Gentse Kanalen",2,0,0,0,1,0,0,0,0.277777777777778,0,0,0,0,0,0,TRUE,"<buffer",NA,c(104489.589028861, 196711.788215808),NA,NA,"OVLGNT0356",0
"craywatch_data","I_9031_2","I_9031_2_1","mzu1ode0",2024,2024-07-05,51.0822354,3.6543178,3,"Bekken van de Gentse Kanalen",2,0,0,0,0,0,0,0,0,0,0,0,0,0,0,TRUE,"<buffer","7051436",c(99937.998636044, 197142.001966001),"402","1",NA,1.55446513680278
"craywatch_data","I_9031_3","I_9031_3_1","otnkzgi3",2024,2024-08-06,51.021739,3.6405768,5,"Leiebekken",2,0,0,0,1,0,0,0,0.5,0,0,0,0,0,0,TRUE,"GRB/2 + buffer","6009770",c(98909.2342732817, 190421.578525531),"4201","0",NA,21.8665198973651
"craywatch_data","I_9032_1","I_9032_1_1","ngm2y2mw",2024,2024-09-14,51.0929578,3.702029,3,"Bekken van de Gentse Kanalen",2,0,0,0,0,0,0,0,0,0,0,0,0,0,0,TRUE,"<buffer",NA,c(103291.818342635, 198303.749445631),NA,NA,"OVLGNT0439",0
"craywatch_data","I_9042_2","I_9042_2_1","nwe4m2ex",2024,2024-08-31,51.1483519,3.8290506,3,"Bekken van de Gentse Kanalen",2,1,NA,NA,NA,NA,NA,NA,0,0,0,0,0,1.77777777777778,0,TRUE,"<buffer","6019445",c(112234.996998452, 204393.998267071),"26","1",NA,1.5564409737738
"craywatch_data","I_9050_1","I_9050_1_1","ntq0otk2",2024,2024-08-24,51.0351294,3.7511217,4,"Benedenscheldebekken",2,0,0,0,0,0,0,0,0,0,0,0,0,0,0,TRUE,"<buffer",NA,c(106677.519208155, 191840.950292612),NA,NA,"OVLGNT0829",0
"craywatch_data","I_9050_2","I_9050_2_1","ntq0otk2",2024,2024-08-29,51.0375743,3.7602421,4,"Benedenscheldebekken",2,0,0,0,1,0,0,0,0.166666666666667,0,0,0,0,0,0,TRUE,"<buffer",NA,c(107319.460900922, 192107.653388696),NA,NA,"OVLGNT0826",0
"craywatch_data","I_9051_2","I_9051_2_1","mtfizjjh",2024,2024-10-25,51.022718,3.662586,5,"Leiebekken",2,0,0,0,0,0,0,0,0,0,0,0,0,0,0,TRUE,"<buffer","6019327",c(100454.441517867, 190515.583385491),"4351","2",NA,2.25415756640259
"craywatch_data","I_9052_1","I_9052_1_1","nwixndkz",2024,2024-08-17,50.9874059,3.7175079,6,"Bovenscheldebekken",2,0,0,0,0,0,0,0,0,0,0,0,0,0,0,TRUE,"<buffer",NA,c(104273.300130994, 186552.216024585),NA,NA,"OVLGNT0416",0.848901688589295
"craywatch_data","I_9052_2","I_9052_2_1","yzq0m2yw",2024,2024-09-17,50.985202,3.716197,6,"Bovenscheldebekken",2,0,0,0,0,0,0,0,0,0,0,0,0,0,0,TRUE,"<buffer",NA,c(104179.106411111, 186307.85903866),NA,NA,"OVLGNT0420",0
"craywatch_data","I_9070_1","I_9070_1_1","ytljnzlj",2024,2024-08-26,51.0757468,3.8138212,4,"Benedenscheldebekken",2,0,0,0,0,0,0,0,0,0,0,0,0,0,0,TRUE,"<buffer","6025644",c(111109.074279409, 196324.741384239),"3105","1",NA,4.23866629389463
"craywatch_data","I_9070_2","I_9070_2_1","ytljnzlj",2024,2024-09-07,51.0549668,3.808909,4,"Benedenscheldebekken",2,NA,NA,NA,1,NA,NA,NA,0.333333333333333,0,0,0,0,0,0,TRUE,"<buffer",NA,c(110747.415484014, 194015.648301563),NA,NA,"OVLDSB0029",0
"craywatch_data","I_9080_2","I_9080_2_1","ytljnzlj",2024,2024-09-02,51.0903407,3.8791977,4,"Benedenscheldebekken",2,0,0,0,0,0,0,0,0,0,0,0,0,0,0,TRUE,"<buffer","7068506",c(115701.409942355, 197916.080245578),"3105","1",NA,0.500132993173131
"craywatch_data","I_9080_4","I_9080_4_1","nweyoti0",2024,2024-09-12,51.1429647,3.8800557,3,"Bekken van de Gentse Kanalen",2,1,0,0,0,0,0,0,0,0,0,0,0,0.0833333333333333,0,TRUE,"<buffer",NA,c(115799.997671745, 203769.994882978),NA,NA,"OVLLOC0341",0
"craywatch_data","I_9080_5","I_9080_5_1","nwe4m2ex",2024,2024-08-25,51.10588,3.82476,3,"Bekken van de Gentse Kanalen",2,0,0,0,0,0,0,0,0,0,0,0,0,0,0,TRUE,"<buffer","7068452",c(111900.202234675, 199671.282858353),"676","2",NA,0.526842118591108
"craywatch_data","I_9090_3","I_9090_3_1","nze2zmyy",2024,2024-10-07,50.993275,3.8042573,4,"Benedenscheldebekken",2,NA,NA,NA,NA,NA,NA,NA,0,0,0,0,0,0,0,TRUE,"<buffer",NA,c(110369.165039773, 187155.299910262),NA,NA,"OVLMEL0096",0
"craywatch_data","I_9111_1","I_9111_1_1","ogzjnjqz",2024,2024-09-10,51.1895246,4.0385329,3,"Bekken van de Gentse Kanalen",2,1,0,0,0,0,0,0,0,0,0,0,0,4.5,0,TRUE,"<buffer","6030225",c(126913.360521107, 208888.787191995),"555","2",NA,5.03848345537672
"craywatch_data","I_9112_2","I_9112_2_1","nzjkzdez",2024,2024-09-03,51.1799993,4.0557512,3,"Bekken van de Gentse Kanalen",2,1,0,0,0,0,0,0,0,0,0,0,0,0.833333333333333,0,TRUE,"<buffer","6030202",c(128112.661227176, 207823.874534781),"871","2",NA,2.12846427044231
"craywatch_data","I_9112_4","I_9112_4_1","nzjkzdez",2024,2024-08-27,51.1742492,4.0028625,3,"Bekken van de Gentse Kanalen",2,1,0,0,0,0,0,0,0,0,0,0,0,0.416666666666667,0,TRUE,"<buffer","6030173",c(124411.233374066, 207201.040063255),"123","1",NA,0.343781422246753
"craywatch_data","I_9112_8","I_9112_8_1","ogzjnjqz",2024,2024-09-17,51.18373,4.0281555,3,"Bekken van de Gentse Kanalen",2,1,0,0,0,0,0,0,0,0,0,0,0,0.25,0,TRUE,"<buffer","6030196",c(126184.909950297, 208247.396628365),"933","2",NA,0.47400376940322
"craywatch_data","I_9120_3","I_9120_3_1","y2uzntq0",2024,2024-09-03,51.2389791,4.2039857,4,"Benedenscheldebekken",2,0,0,0,0,0,0,0,0,0,0,0,0,0,0,TRUE,"<buffer","6004190",c(138492.620971462, 214352.356722929),"3110","1",NA,1.03499151178843
"craywatch_data","I_9130_1","I_9130_1_1","y2uzntq0",2024,2024-09-17,51.252614,4.201021,4,"Benedenscheldebekken",2,0,0,0,0,0,0,0,0,0,0,0,0,0,0,TRUE,"<buffer","7016235",c(138288.985042062, 215869.775843763),"35114","9",NA,6.89400600747181
"craywatch_data","I_9130_16","I_9130_16_1","ywqxzdy4",2024,2024-10-04,51.2581946,4.1944395,4,"Benedenscheldebekken",2,0,0,1,0,0,0,0,0,0,0,0,0.333333333333333,0,0,TRUE,"<buffer",NA,c(137830.933022418, 216491.704564375),NA,NA,"OVLBVN0476",0
"craywatch_data","I_9140_4","I_9140_4_1","njbjymrl",2024,2024-07-09,51.1178571,4.171653,4,"Benedenscheldebekken",2,0,0,0,0,0,0,0,0,0,0,0,0,0,0,TRUE,"<buffer",NA,c(136198.929646464, 200882.714604876),NA,NA,"OVLTEM0017",0
"craywatch_data","I_9160_12","I_9160_12_1","mjqzogvi",2024,2024-09-08,51.108478,3.99197,3,"Bekken van de Gentse Kanalen",2,1,NA,NA,1,NA,NA,NA,1,0,0,0,0,0.333333333333333,0,TRUE,"<buffer","6042768",c(123612.413328811, 199887.803800971),"122","2",NA,2.69200840422906
"craywatch_data","I_9160_3","I_9160_3_1","njgyytiw",2024,2024-09-26,51.1372354,3.9701579,3,"Bekken van de Gentse Kanalen",2,1,0,0,0,0,0,0,0,0,0,0,0,3.38888888888889,0,TRUE,"<buffer","6019562",c(122101.997843497, 203094.996388904),"26","1",NA,1.2067848744355
"craywatch_data","I_9160_8","I_9160_8_1","ogvkytdi",2024,2024-09-10,51.1294864,3.978681,3,"Bekken van de Gentse Kanalen",2,1,0,0,1,0,0,0,0.166666666666667,0,0,0,0,2.33333333333333,0,TRUE,"<buffer","6007934",c(122694.005073371, 202229.761876922),"15074","0",NA,0.952285782474014
"craywatch_data","I_9160_9","I_9160_9_1","njgyytiw",2024,2024-09-21,51.1296614,3.9762858,3,"Bekken van de Gentse Kanalen",2,1,0,0,0,0,0,0,0,0,0,0,0,0.266666666666667,0,TRUE,"<buffer","6030425",c(122526.44095861, 202250.112465959),"633","2",NA,2.99962058782777
"craywatch_data","I_9170_13","I_9170_13_1","ywqxzdy4",2024,2024-09-24,51.244686,4.1271735,4,"Benedenscheldebekken",2,0,0,0,0,0,0,0,0,0,0,0,0,0,0,TRUE,"<buffer",NA,c(133130.282934221, 215001.906284282),NA,NA,"OVLSGW0032",0
"craywatch_data","I_9170_14","I_9170_14_1","ywqxzdy4",2024,2024-09-28,51.2793651,4.15747,4,"Benedenscheldebekken",2,0,0,0,0,0,0,0,0,0,0,0,0,0,0,TRUE,"<buffer",NA,c(135256.806631223, 218853.734278854),NA,NA,"OVLBVN0038",0
"craywatch_data","I_9170_6","I_9170_6_1","zjhjnznm",2024,2024-09-12,51.2550019,4.1230489,4,"Benedenscheldebekken",2,0,0,0,0,0,0,0,0,0,0,0,0,0,0,TRUE,"<buffer","7073744",c(132846.052618731, 216150.547674063),"3111","2",NA,1.87040900336285
"craywatch_data","I_9170_8","I_9170_8_1","zjhjnznm",2024,2024-09-17,51.2496585,4.1061847,4,"Benedenscheldebekken",2,0,0,0,0,0,0,0,0,0,0,0,0,0,0,TRUE,"<buffer","7073745",c(131666.604043234, 215560.084378043),"3111","2",NA,0.10776369058889
"craywatch_data","I_9170_9","I_9170_9_1","zjhjnznm",2024,2024-09-07,51.2367593,4.1195405,4,"Benedenscheldebekken",2,0,0,0,0,0,0,0,0,0,0,0,0,0,0,TRUE,"<buffer","778",c(132594.325242209, 214121.778460642),"47902","2",NA,2.35951048242387
"craywatch_data","I_9180_11","I_9180_11_1","ndlmngu0",2024,2024-09-16,51.162451,3.948537,3,"Bekken van de Gentse Kanalen",2,1,0,0,0,0,0,0,0,0,0,0,0,0.333333333333333,0,TRUE,"<buffer","6025576",c(120604.612008808, 205908.558528011),"195","2",NA,1.00149155089847
"craywatch_data","I_9180_13","I_9180_13_1","njgyytiw",2024,2024-09-21,51.144841,3.9301138,3,"Bekken van de Gentse Kanalen",2,1,0,0,0,0,0,0,0,0,0,0,0,0.6,0,TRUE,"<buffer","7068376",c(119304.3245492, 203956.889441866),"74","2",NA,0.721396387941232
"craywatch_data","I_9180_5","I_9180_5_1","nweyoti0",2024,2024-09-05,51.1478349,3.9110453,3,"Bekken van de Gentse Kanalen",2,1,0,0,0,0,0,0,0,0,0,0,0,1,0,TRUE,"<buffer","6019429",c(117972.001466802, 204298.000784735),"26","1",NA,0.369024825882017
"craywatch_data","I_9180_8","I_9180_8_1","nzjknjqy",2024,2024-08-30,51.173329,3.958132,3,"Bekken van de Gentse Kanalen",2,1,NA,NA,NA,NA,NA,NA,0,0,0,0,0,0.666666666666667,0,TRUE,"<buffer","6008010",c(121282.479532756, 207114.994894895),"8","0",NA,4.03219037284757
"craywatch_data","I_9185_1","I_9185_1_1","y2fhytux",2024,2024-10-08,51.195462,3.858899,3,"Bekken van de Gentse Kanalen",2,0,0,0,0,0,0,0,0,0,0,0,0,0,0,TRUE,"<buffer","4201425",c(114359.492775364, 209620.253358531),"763","2",NA,13.714840568162
"craywatch_data","I_9185_5","I_9185_5_1","y2fhytux",2024,2024-10-13,51.2116666,3.8622935,3,"Bekken van de Gentse Kanalen",2,0,0,0,0,0,0,0,0,0,0,0,0,0,0,TRUE,"<buffer",NA,c(114609.053847412, 211421.415114206),NA,NA,"OVLWAC0025",0
"craywatch_data","I_9185_8","I_9185_8_1","nweyoti0",2024,2024-09-24,51.1495342,3.8824034,3,"Bekken van de Gentse Kanalen",2,0,0,0,0,0,0,0,0,0,0,0,0,0,0,TRUE,"<buffer",NA,c(115969.071116018, 204499.768843436),NA,NA,"OVLWAC0008",0
"craywatch_data","I_9190_10","I_9190_10_1","odcxnmmx",2024,2024-10-25,51.2042535,4.0287827,3,"Bekken van de Gentse Kanalen",2,1,0,1,0,0,0,0,0,0,0,0,0.0833333333333333,0.0833333333333333,0,TRUE,"<buffer","6030183",c(126239.196913525, 210530.483673304),"123","2",NA,0.181570123911965
"craywatch_data","I_9190_10","I_9190_10_2","odcxnmmx",2025,2025-04-16,51.2042535,4.0287827,3,"Bekken van de Gentse Kanalen",2,NA,NA,NA,NA,NA,NA,NA,0,0,0,0,0,0,0,TRUE,"<buffer","6030183",c(126239.196913525, 210530.483673304),"123","2",NA,0.181570123911965
"craywatch_data","I_9190_6","I_9190_6_1","odcxnmmx",2024,2024-10-25,51.1965,4.0372,3,"Bekken van de Gentse Kanalen",2,1,0,0,0,0,0,0,0,0,0,0,0,1.75,0,TRUE,"<buffer","6030171",c(126823.633419649, 209665.23133003),"123","1",NA,5.62345551886584
"craywatch_data","I_9190_6","I_9190_6_2","odcxnmmx",2025,2025-04-16,51.1965,4.0372,3,"Bekken van de Gentse Kanalen",2,1,0,0,0,0,0,0,0,0,0,0,0,1.5,0,TRUE,"<buffer","6030171",c(126823.633419649, 209665.23133003),"123","1",NA,5.62345551886584
"craywatch_data","I_9190_7","I_9190_7_1","odcxnmmx",2024,2024-10-25,51.222892,4.0409765,3,"Bekken van de Gentse Kanalen",2,0,0,1,0,0,0,0,0,0,0,0,0.166666666666667,0,0,TRUE,"<buffer","6030177",c(127100.548934721, 212600.253772162),"123","2",NA,1.39528159184683
"craywatch_data","I_9190_7","I_9190_7_2","odcxnmmx",2025,2025-04-16,51.222892,4.0409765,3,"Bekken van de Gentse Kanalen",2,0,0,1,0,0,0,0,0,0,0,0,0.166666666666667,0,0,TRUE,"<buffer","6030177",c(127100.548934721, 212600.253772162),"123","2",NA,1.39528159184683
"craywatch_data","I_9190_8","I_9190_8_1","odcxnmmx",2024,2024-10-25,51.2184782,4.034516,3,"Bekken van de Gentse Kanalen",2,0,0,1,0,0,0,0,0,0,0,0,0.0833333333333333,0,0,TRUE,"<buffer","5040486",c(126647.002800074, 212111.210719225),"123","2",NA,1.50441839425992
"craywatch_data","I_9190_8","I_9190_8_2","odcxnmmx",2025,2025-04-16,51.2184782,4.034516,3,"Bekken van de Gentse Kanalen",2,0,0,1,0,0,0,0,0,0,0,0,0.0833333333333333,0,0,TRUE,"<buffer","5040486",c(126647.002800074, 212111.210719225),"123","2",NA,1.50441839425992
"craywatch_data","I_9190_9","I_9190_9_1","odcxnmmx",2024,2024-10-25,51.1978,4.03672,3,"Bekken van de Gentse Kanalen",2,1,0,1,0,0,0,0,0,0,0,0,0.0833333333333333,0.333333333333333,0,TRUE,"<buffer","4521056",c(126790.726305559, 209810.009246686),"123","1",NA,7.52179460182779
"craywatch_data","I_9190_9","I_9190_9_2","odcxnmmx",2025,2025-04-16,51.1978,4.03672,3,"Bekken van de Gentse Kanalen",2,0,0,0,0,0,0,0,0,0,0,0,0,0,0,TRUE,"<buffer","4521056",c(126790.726305559, 209810.009246686),"123","1",NA,7.52179460182779
"craywatch_data","I_9200_13","I_9200_13_1","ngi0ytux",2024,2024-09-10,51.0517948,4.1226199,4,"Benedenscheldebekken",2,0,0,0,0,0,0,0,0,0,0,0,0,0,0,TRUE,"<buffer","6027367",c(132741.374451971, 193543.601037072),"3805","3",NA,0.153734689448272
"craywatch_data","I_9200_21","I_9200_21_1","ngvimgq2",2024,2024-09-20,51.043378,4.119151,4,"Benedenscheldebekken",2,0,0,0,0,0,0,0,0,0,0,0,0,0,0,TRUE,"<buffer","6029782",c(132495.002668632, 192608.066965243),"3817","2",NA,0.660258786633983
"craywatch_data","I_9200_7","I_9200_7_1","zdexmmex",2024,2024-09-29,51.0281661,4.1077832,7,"Denderbekken",2,0,0,0,0,0,0,0,0,0,0,0,0,0,0,TRUE,"<buffer",NA,c(131691.838243577, 190918.529873515),NA,NA,"OVLDND0188",0
"craywatch_data","I_9200_8","I_9200_8_1","zdexmmex",2024,2024-09-29,51.0255951,4.1035452,7,"Denderbekken",2,0,0,0,0,0,0,0,0,0,0,0,0,0,0,TRUE,"<buffer",NA,c(131393.508713686, 190633.566693074),NA,NA,"OVLDND0165",0
"craywatch_data","I_9220_3","I_9220_3_1","owe0mzg2",2024,2024-09-03,51.0670983,4.1824636,4,"Benedenscheldebekken",2,1,0,0,0,0,0,0,0,0,0,0,0,0.25,0,TRUE,"<buffer","5040258",c(136941.766082258, 195233.901160837),"3662","2",NA,2.92318253345028
"craywatch_data","I_9220_9","I_9220_9_1","owe0mzg2",2024,2024-08-27,51.0588728,4.1719219,4,"Benedenscheldebekken",2,1,0,0,0,0,0,0,0,0,0,0,0,1.58333333333333,0,TRUE,"<buffer","6031146",c(136200.424229849, 194320.731628997),"3807","3",NA,1.60289569386211
"craywatch_data","I_9240_6","I_9240_6_1","ngvimgq2",2024,2024-09-10,51.039,4.041855,4,"Benedenscheldebekken",2,0,0,0,0,0,0,0,0,0,0,0,0,0,0,TRUE,"<buffer","5040864",c(127072.04512083, 192142.02416958),"19489","99",NA,2.35971196193857
"craywatch_data","I_9255_2","I_9255_2_1","ngnlmjhi",2024,2024-09-19,50.989417,4.164278,7,"Denderbekken",2,0,0,0,0,0,0,0,0,0,0,0,0,0,0,TRUE,"<buffer",NA,c(135643.322062897, 186595.471170799),NA,NA,"OVLBUG0117",0
"craywatch_data","I_9270_5","I_9270_5_1","ztezzjnh",2024,2024-08-07,51.0266012,3.837826,4,"Benedenscheldebekken",2,NA,NA,NA,NA,NA,NA,NA,0,0,0,0,0,0,0,TRUE,"<buffer",NA,c(112752.307655181, 190845.257363969),NA,NA,"OVLLAA0175",0
"craywatch_data","I_9280_1","I_9280_1_1","ngnlmjhi",2024,2024-09-12,50.991649,4.1497334,7,"Denderbekken",2,0,0,0,0,0,0,0,0,0,0,0,0,0,0,TRUE,"<buffer","6019478",c(134622.850613571, 186846.672835737),"6337","2",NA,0.855257699280099
"craywatch_data","I_9290_5","I_9290_5_1","ngvimgq2",2024,2024-09-15,51.024045,4.033699,4,"Benedenscheldebekken",2,0,0,0,0,0,0,0,0,0,0,0,0,0,0,TRUE,"<buffer","5040346",c(126492.515713043, 190480.886309084),"5667","2",NA,2.10119083709261
"craywatch_data","I_9402_1","I_9402_1_1","otgzymmz",2024,2024-10-15,50.8188441,4.0545905,7,"Denderbekken",2,0,0,0,0,0,0,0,0,0,0,0,0,0,0,TRUE,"<buffer","4028540",c(127861.881731575, 167647.490456644),"5955","2",NA,9.84122592295711
"craywatch_data","I_9450_5","I_9450_5_1","mjkyzjq3",2024,2024-09-16,50.893008,3.957963,7,"Denderbekken",2,0,0,0,0,0,0,0,0,0,0,0,0,0,0,TRUE,"<buffer","6030651",c(121098.424373307, 175930.610290703),"5953","2",NA,1.89652460925927
"craywatch_data","I_9450_6","I_9450_6_1","mjkyzjq3",2024,2024-09-23,50.894599,4.022742,7,"Denderbekken",2,0,0,0,0,0,0,0,0,0,0,0,0,0,0,TRUE,"<buffer",NA,c(125656.809082762, 176084.410735227),NA,NA,"OVLHLT0110",4.24562760405459
"craywatch_data","I_9450_7","I_9450_7_1","mjkyzjq3",2024,2024-09-26,50.886731,4.029902,7,"Denderbekken",2,0,0,0,0,0,0,0,0,0,0,0,0,0,0,TRUE,"<buffer",NA,c(126156.552781777, 175206.848320303),NA,NA,"OVLHLT0082",0
"craywatch_data","I_9450_8","I_9450_8_1","mjkyzjq3",2024,2024-09-26,50.858793,4.022645,7,"Denderbekken",2,0,0,0,0,0,0,0,0,0,0,0,0,0,0,TRUE,"<buffer",NA,c(125631.455445687, 172101.365891571),NA,NA,"OVLHLT0354",0
"craywatch_data","I_9472_1","I_9472_1_1","mjkyzjq3",2024,2024-09-26,50.8703149,4.0428962,7,"Denderbekken",2,0,0,0,0,0,0,0,0,0,0,0,0,0,0,TRUE,"<buffer",NA,c(127062.894523201, 173376.626156605),NA,NA,"OVLDNL0028",0
"craywatch_data","I_9506_2","I_9506_2_1","yjqzngy4",2024,2024-09-29,50.7897655,3.8817519,7,"Denderbekken",2,0,0,0,0,0,0,0,0,0,0,0,0,0,0,TRUE,"<buffer","4028118",c(115661.360666513, 164478.466169084),"6196","2",NA,1.0503580163278
"craywatch_data","I_9506_3","I_9506_3_1","otgzymmz",2024,2024-10-22,50.808006,3.9529944,7,"Denderbekken",2,0,0,0,0,0,0,0,0,0,0,0,0,0,0,TRUE,"<buffer","6032105",c(120695.999351212, 166477.00429417),"5954","1",NA,4.35748137342549
"craywatch_data","I_9506_4","I_9506_4_1","yjqzngy4",2024,2024-08-14,50.8146069,3.9218745,7,"Denderbekken",2,0,0,0,0,0,0,0,0,0,0,0,0,0,0,TRUE,"<buffer","27955",c(118506.999829613, 167223.993994723),"5954","1",NA,1.04961102032264
"craywatch_data","I_9570_1","I_9570_1_1","zwuzztfl",2024,2024-09-17,50.8240558,3.8377674,7,"Denderbekken",2,NA,NA,NA,NA,NA,NA,NA,0,0,0,0,0,0,0,TRUE,"<buffer","4028253",c(112587.278774736, 168314.037066857),"6095","2",NA,0.235186837066773
"craywatch_data","I_9571_1","I_9571_1_1","yjqzngy4",2024,2024-08-20,50.8165835,3.8932376,7,"Denderbekken",2,0,0,0,0,0,0,0,0,0,0,0,0,0,0,TRUE,"<buffer","27864",c(116490.290383354, 167456.382561424),"6095","2",NA,1.36888779758065
"craywatch_data","I_9600_3","I_9600_3_1","mdyxywvm",2024,2024-08-20,50.7577098024718,3.64953909607249,6,"Bovenscheldebekken",2,NA,NA,NA,NA,NA,NA,NA,0,0,0,0,0,0,0,FALSE,"not linked",NA,c(99253.8144064022, 161045.643732867),NA,NA,NA,NA
"craywatch_data","I_9620_2","I_9620_2_1","zwuzztfl",2024,2024-09-21,50.8638979,3.7651385,6,"Bovenscheldebekken",2,NA,NA,NA,NA,NA,NA,NA,0,0,0,0,0,0,0,TRUE,"<buffer","7028396",c(107506.001578388, 172785.002612244),"5000","1",NA,0.30535165989269
"craywatch_data","I_9660_1","I_9660_1_1","nwyxntuy",2024,2024-07-27,50.8116182,3.7803241,6,"Bovenscheldebekken",2,0,0,0,0,0,0,0,0,0,0,0,0,0,0,TRUE,"<buffer","6041273",c(108529.001339988, 166960.99518253),"5224","2",NA,0.72340416365367
"craywatch_data","I_9660_2","I_9660_2_1","nwyxntuy",2024,2024-08-17,50.791781,3.7598643,6,"Bovenscheldebekken",2,0,0,0,0,0,0,0,0,0,0,0,0,0,0,TRUE,"<buffer","4200160",c(107068.99956723, 164766.003835742),"5025","2",NA,1.04666651606942
"craywatch_data","I_9660_4","I_9660_4_1","nwyxntuy",2024,2024-07-23,50.8033955,3.7572155,6,"Bovenscheldebekken",2,NA,NA,NA,1,NA,NA,NA,0.545454545454545,0,0,0,0,0,0,TRUE,"<buffer",NA,c(106892.872713673, 166059.481609971),NA,NA,"OVLBRK0099",0
"craywatch_data","I_9700_10","I_9700_10_1","ytqwyznm",2025,2025-06-15,50.8663305,3.6318545,6,"Bovenscheldebekken",2,NA,NA,NA,NA,NA,NA,NA,0,0,0,0,0,0,0,TRUE,"<buffer",NA,c(98125.8652851252, 173140.207111529),NA,NA,"OVLOUD0135",0
"craywatch_data","I_9700_11","I_9700_11_1","ytqwyznm",2025,2025-06-01,50.8797969,3.6279292,6,"Bovenscheldebekken",2,NA,NA,NA,NA,NA,NA,NA,0,0,0,0,0,0,0,TRUE,"<buffer",NA,c(97864.4837990492, 174640.90310142),NA,NA,"OVLOUD0178",0
"craywatch_data","I_9700_15","I_9700_15_1","yjizogrj",2025,2025-07-24,50.8422786,3.5925151,6,"Bovenscheldebekken",2,0,0,0,1,0,0,0,0.666666666666667,0,0,0,0,0,0,TRUE,"<buffer",NA,c(95328.7106255989, 170492.987746581),NA,NA,"OVLOUD0392",0
"craywatch_data","I_9700_18","I_9700_18_1","ytrlzjy0",2025,2025-05-05,50.888798,3.6773243,6,"Bovenscheldebekken",2,0,0,0,0,0,0,0,0,0,0,0,0,0,0,TRUE,"<buffer","6020496",c(101349.878602763, 175608.665335699),"5000","1",NA,1.10435375852902
"craywatch_data","I_9700_4","I_9700_4_1","yjizogrj",2025,2025-07-24,50.8326149,3.593942,6,"Bovenscheldebekken",2,0,0,0,0,0,0,0,0,0,0,0,0,0,0,TRUE,"<buffer","6030512",c(95417.9979075398, 169417.003102094),"5003","1",NA,0.578789825360602
"craywatch_data","I_9700_9","I_9700_9_1","ytqwyznm",2025,2025-06-01,50.8839607,3.6390284,6,"Bovenscheldebekken",2,NA,NA,NA,NA,NA,NA,NA,0,0,0,0,0,0,0,TRUE,"<buffer",NA,c(98650.1132913587, 175096.341928632),NA,NA,"OVLOUD0179",0
"craywatch_data","I_9770_1","I_9770_1_1","yzc4njmw",2025,2025-08-05,50.956429,3.536272,5,"Leiebekken",2,NA,NA,NA,NA,NA,NA,NA,0,0,0,0,0,0,0,TRUE,"<buffer","4101196",c(91509.8515694722, 183233.433385177),"4410","2",NA,1.2881229398904
"craywatch_data","I_9770_1","I_9770_1_2","yzc4njmw",2025,2025-08-14,50.956429,3.536272,5,"Leiebekken",2,NA,NA,NA,NA,NA,NA,NA,0,0,0,0,0,0,0,TRUE,"<buffer","4101196",c(91509.8515694722, 183233.433385177),"4410","2",NA,1.2881229398904
"craywatch_data","I_9790_3","I_9790_3_1","yjizogrj",2025,2025-07-06,50.8217214,3.5575902,6,"Bovenscheldebekken",2,NA,NA,NA,NA,NA,NA,NA,0,0,0,0,0,0,0,TRUE,"<buffer",NA,c(92844.0442725083, 168232.605964378),NA,NA,"OVLWOR0061",0
"craywatch_data","I_9800_11","I_9800_11_1","yzc4njmw",2024,2024-10-01,50.992269,3.570453,5,"Leiebekken",2,0,0,0,0,0,0,0,0,0,0,0,0,0,0,TRUE,"<buffer",NA,c(93954.1406732887, 187193.872240102),NA,NA,"OVLDEI0194",0
"craywatch_data","I_9800_14","I_9800_14_1","ztjjntcx",2024,2024-09-08,50.9575438,3.4783938,5,"Leiebekken",2,NA,NA,NA,1,NA,NA,NA,0.2,0,0,0,0,0,0,TRUE,"<buffer",NA,c(87445.0054955945, 183404.578947151),NA,NA,"OVLZUL0138",0
"craywatch_data","I_9820_3","I_9820_3_1","yzq0m2yw",2024,2024-09-17,50.9938635,3.7348564,4,"Benedenscheldebekken",2,0,0,0,0,0,0,0,0,0,0,0,0,0,0,TRUE,"<buffer","5040925",c(105497.506111841, 187260.038906842),"5088","2",NA,5.08922162539216
"craywatch_data","I_9820_5","I_9820_5_1","ytvimtiz",2024,2024-08-22,50.9566251,3.6860056,6,"Bovenscheldebekken",2,0,0,0,0,0,0,0,0,0,0,0,0,0,0,TRUE,"<buffer",NA,c(102030.001005159, 183148.003096702),NA,NA,"OVLMRB0031",0
"craywatch_data","I_9820_8","I_9820_8_1","mdu1yja5",2024,2024-08-17,50.977823,3.7128887,4,"Benedenscheldebekken",2,0,0,0,0,0,0,0,0,0,0,0,0,0,0,TRUE,"<buffer",NA,c(103939.56903997, 185489.057187333),NA,NA,"OVLMRB0128",0
"craywatch_data","I_9840_4","I_9840_4_1","nwixndkz",2024,2024-08-12,50.9789334,3.7041863,6,"Bovenscheldebekken",2,0,0,0,0,0,0,0,0,0,0,0,0,0,0,TRUE,"<buffer",NA,c(103329.533397418, 185618.007267613),NA,NA,"OVLDPI0027",1.55685651148212
"craywatch_data","I_9840_6","I_9840_6_1","yzq0m2yw",2024,2024-09-11,50.980918,3.707763,6,"Bovenscheldebekken",2,0,0,0,0,0,0,0,0,0,0,0,0,0,0,TRUE,"<buffer",NA,c(103582.670174673, 185836.535938693),NA,NA,"OVLDPI0161",0
"craywatch_data","I_9850_4","I_9850_4_1","ytbmntfk",2024,2024-08-06,51.0578843,3.5717004,3,"Bekken van de Gentse Kanalen",2,0,0,0,0,0,0,0,0,0,0,0,0,0,0,TRUE,"<buffer","7065805",c(94119.9994979941, 194492.003735544),"72","1",NA,0.6962550593487
"craywatch_data","I_9850_6","I_9850_6_1","mmy4ywm3",2024,2024-07-23,51.0333774,3.5453287,3,"Bekken van de Gentse Kanalen",2,NA,NA,NA,NA,NA,NA,NA,0,0,0,0,0,0,0,TRUE,"<buffer","6030070",c(92240.9965009758, 191785.99629451),"27","1",NA,0.0453191098644947
"craywatch_data","I_9870_2","I_9870_2_1","njmzowyw",2024,2024-08-19,50.9332243,3.4314092,5,"Leiebekken",2,0,0,0,0,0,0,0,0,0,0,0,0,0,0,TRUE,"<buffer",NA,c(84110.001796082, 180739.99393158),NA,NA,"WVLDNT0012",0
"craywatch_data","I_9870_3","I_9870_3_1","ztjjntcx",2024,2024-10-03,50.959398,3.4664016,5,"Leiebekken",2,NA,NA,NA,NA,NA,NA,NA,0,0,0,0,0,0,0,TRUE,"<buffer",NA,c(86605.0023976547, 183620.996387938),NA,NA,"OVLDEI0682",0
"craywatch_data","I_9881_1","I_9881_1_1","zgyxzdri",2025,2025-08-05,51.1045717,3.5072512,2,"Bekken van de Brugse Polders",2,0,0,0,0,0,0,0,0,0,0,0,0,0,0,TRUE,"<buffer","6033256",c(89661.996814941, 199735.998645021),"397","2",NA,1.74544053399646
"craywatch_data","I_9890_5","I_9890_5_1","ytvimtiz",2024,2024-08-15,50.9555853,3.6628358,6,"Bovenscheldebekken",2,0,0,0,0,0,0,0,0,0,0,0,0,0,0,TRUE,"<buffer",NA,c(100401.036856525, 183047.544055368),NA,NA,"OVLGAV0107",0
"craywatch_data","I_9920_3","I_9920_3_1","ytbmntfk",2024,2024-08-20,51.0832226,3.6207069,3,"Bekken van de Gentse Kanalen",2,0,0,0,0,0,0,0,0,0,0,0,0,0,0,TRUE,"<buffer","6037888",c(97584.0032467579, 197274.993536735),"72","1",NA,1.90486385427955
"craywatch_data","I_9920_5","I_9920_5_1","ytbmntfk",2024,2024-07-09,51.088417,3.620158,3,"Bekken van de Gentse Kanalen",2,0,0,0,0,0,0,0,0,0,0,0,0,0,0,TRUE,"<buffer",NA,c(97551.3635112464, 197853.223748447),NA,NA,"OVLLOV0087",0
"craywatch_data","I_9921_1","I_9921_1_1","mzu1ode0",2024,2024-07-30,51.087422,3.656217,3,"Bekken van de Gentse Kanalen",2,0,0,0,0,0,0,0,0,0,0,0,0,0,0,TRUE,"<buffer","6037886",c(100076.606646143, 197717.702238904),"72","1",NA,8.94611352693152
"craywatch_data","I_9930_1","I_9930_1_1","ntiwzdk2",2024,2024-08-13,51.0609579,3.5697321,3,"Bekken van de Gentse Kanalen",2,NA,NA,NA,NA,NA,NA,NA,0,0,0,0,0,0,0,TRUE,"<buffer","6025167",c(93985.687331682, 194835.397872661),"9","0",NA,0.0204241533155493
"craywatch_data","I_9931_1","I_9931_1_1","zta3nzm0",2024,2024-08-12,51.1638532,3.5656502,3,"Bekken van de Gentse Kanalen",2,0,0,0,0,0,0,0,0,0,0,0,0,0,0,TRUE,"<buffer",NA,c(93823.2454490973, 206284.931661897),NA,NA,"OVLZOM0020",0
"craywatch_data","I_9940_13","I_9940_13_1","mze2mza3",2024,2024-07-30,51.1501201,3.7349684,3,"Bekken van de Gentse Kanalen",2,0,0,0,0,0,0,0,0,0,0,0,0,0,0,TRUE,"<buffer","7052042",c(105653.582610495, 204642.666079783),"604","1",NA,3.19948910967257
"craywatch_data","I_9940_15","I_9940_15_1","mze2mza3",2024,2024-07-16,51.1420387,3.7497799,3,"Bekken van de Gentse Kanalen",2,0,0,0,0,0,0,0,0,0,0,0,0,0,0,TRUE,"<buffer",NA,c(106682.438490135, 203734.896361426),NA,NA,"OVLEVE0769",0
"craywatch_data","I_9940_18","I_9940_18_1","ngm2y2mw",2024,2024-09-13,51.1034925,3.6992643,3,"Bekken van de Gentse Kanalen",2,1,0,0,1,0,0,0,0.0666666666666667,0,0,0,0,0.4,0,TRUE,"<buffer","6019951",c(103108.695978462, 199477.423740089),"625","1",NA,1.32920672343823
"craywatch_data","I_9950_4","I_9950_4_1","zta3nzm0",2024,2024-09-09,51.1651471,3.5788206,3,"Bekken van de Gentse Kanalen",2,0,0,0,0,0,0,0,0,0,0,0,0,0,0,TRUE,"<buffer",NA,c(94746.0007294164, 206418.998820694),NA,NA,"OVLWRS0006",0
"craywatch_data","I_9950_5","I_9950_5_1","zta3nzm0",2024,2024-08-08,51.1662117,3.5753712,3,"Bekken van de Gentse Kanalen",2,0,0,0,0,0,0,0,0,0,0,0,0,0,0,TRUE,"<buffer",NA,c(94505.9977026311, 206540.001474147),NA,NA,"OVLWRS0030",0
"craywatch_data","I_9960_1","I_9960_1_1","nwmzmtg3",2025,2025-07-20,51.21716,3.73395,3,"Bekken van de Gentse Kanalen",2,1,0,0,0,0,0,0,0,0,0,0,0,0.666666666666667,0,TRUE,"<buffer","7068934",c(105646.020451377, 212101.397115209),"2894","2",NA,0.880183709769452
"craywatch_data","I_9960_7","I_9960_7_1","nwmzmtg3",2024,2024-09-16,51.2464656,3.749102,3,"Bekken van de Gentse Kanalen",2,0,0,0,0,0,0,0,0,0,0,0,0,0,0,TRUE,"<buffer",NA,c(106731.843103222, 215352.749693491),NA,NA,"OVLASN0179",0
"craywatch_data","I_9960_9","I_9960_9_1","otm1owi1",2024,2024-07-18,51.2365444,3.7562741,3,"Bekken van de Gentse Kanalen",2,1,0,0,0,0,0,0,0,0,0,0,0,0.583333333333333,0,TRUE,"<buffer",NA,c(107223.536870397, 214244.847900897),NA,NA,"OVLASN0095",0
"craywatch_data","I_9961_1","I_9961_1_1","nwmzmtg3",2025,2025-07-15,51.24924,3.7022,3,"Bekken van de Gentse Kanalen",2,1,0,0,0,0,0,0,0,0,0,0,0,0.333333333333333,0,TRUE,"<buffer","4100509",c(103459.713460055, 215689.739875704),"2826","2",NA,2.83167441620452
"craywatch_data","I_9961_5","I_9961_5_1","otm1owi1",2024,2024-07-18,51.2684694,3.7179872,3,"Bekken van de Gentse Kanalen",2,1,0,0,0,0,0,0,0,0,0,0,0,4.83333333333333,0,TRUE,"<buffer","7068938",c(104580.705534286, 217819.283015808),"2802","1",NA,2.8203596733126
"craywatch_data","I_9961_6","I_9961_6_1","nwmzmtg3",2024,2024-10-25,51.2657738,3.6871856,3,"Bekken van de Gentse Kanalen",2,1,0,0,0,0,0,0,0,0,0,0,0,1.66666666666667,0,TRUE,"<buffer","6035774",c(102428.277825265, 217538.658766686),"2826","1",NA,1.33634688545299
"craywatch_data","I_9982_11","I_9982_11_1","nju4nzzh",2024,2024-08-20,51.2691229,3.5608716,3,"Bekken van de Gentse Kanalen",2,1,0,0,0,0,0,0,0,0,0,0,0,0.333333333333333,0,TRUE,"<buffer",NA,c(93616.3142117861, 217999.589468951),NA,NA,"OVLSTL0209",0
"craywatch_data","I_9982_5","I_9982_5_1","nju4nzzh",2024,2024-08-13,51.2611327,3.5820292,3,"Bekken van de Gentse Kanalen",2,1,0,0,0,0,0,0,0,0,0,0,0,0.75,0,TRUE,"<buffer",NA,c(95083.4696820081, 217094.834624099),NA,NA,"OVLSTL0092",0
"craywatch_data","I_9982_6","I_9982_6_1","nju4nzzh",2024,2024-08-06,51.2657601,3.577096,3,"Bekken van de Gentse Kanalen",2,1,0,0,0,0,0,0,0,0,0,0,0,0.0833333333333333,0,TRUE,"<buffer",NA,c(94744.6116494491, 217613.290780491),NA,NA,"OVLSTL0064",0
"craywatch_data","I_9982_8","I_9982_8_1","nju4nzzh",2024,2024-08-27,51.2596778,3.5634546,3,"Bekken van de Gentse Kanalen",2,0,0,0,0,0,0,0,0,0,0,0,0,0,0,TRUE,"<buffer",NA,c(93785.1919735027, 216946.864890991),NA,NA,"OVLSTL0068",0
"craywatch_data","V_1570_2","V_1570_2_1","yjbhmzzi",2024,2024-09-11,50.749083,3.995619,7,"Denderbekken",2,0,0,0,0,0,0,0,0,0,0,0,0,0,0,TRUE,"<buffer","27796",c(123667.423632158, 159906.635732394),"5952","1",NA,3.06464784824042
"craywatch_data","V_1700_4","V_1700_4_1","nzrintni",2024,2024-07-15,50.8816613,4.2143418,7,"Denderbekken",2,0,0,0,0,0,0,0,0,0,0,0,0,0,0,TRUE,"<buffer",NA,c(139133.575616419, 174599.899043869),NA,NA,"VBRDIL0044",0
"craywatch_data","V_1742_1","V_1742_1_1","yjmznwm3",2024,2024-10-04,50.8845471,4.1125285,7,"Denderbekken",2,0,0,0,1,0,0,0,0.2,0,0,0,0,0,0,TRUE,"<buffer","32570",c(131969.754546211, 174940.664605957),"5956","1",NA,0.336362617149057
"craywatch_data","V_1750_2","V_1750_2_1","mtk0mjgx",2025,2025-08-13,50.81438,4.16408,8,"Dijle- en Zennebekken",2,0,0,0,0,0,0,0,0,0,0,0,0,0,0,TRUE,"<buffer",NA,c(135575.928357017, 167124.022319998),NA,NA,"VBRLEN0049",0
"craywatch_data","V_1760_1","V_1760_1_1","mtk0mjgx",2025,2025-08-13,50.83788,4.11306,7,"Denderbekken",2,0,0,0,0,0,0,0,0,0,0,0,0,0,0,TRUE,"<buffer",NA,c(131989.327015198, 169749.262657801),NA,NA,"VBRROO0051",0
"craywatch_data","V_1851_1","V_1851_1_1","mtk0mjgx",2025,2025-08-05,50.98172,4.36936,8,"Dijle- en Zennebekken",2,0,0,0,0,0,0,0,0,0,0,0,0,0,0,TRUE,"<buffer",NA,c(150042.539677624, 185719.582283323),NA,NA,"VBRGRI0130",0
"craywatch_data","V_1935_1","V_1935_1_1","odcxnmmx",2025,2025-07-23,50.88978,4.45917,8,"Dijle- en Zennebekken",2,0,0,0,0,0,0,0,0,0,0,0,0,0,0,TRUE,"<buffer","7052210",c(156361.864591745, 175495.774156757),"6555","1",NA,0.390821891941228
"craywatch_data","V_1982_11","V_1982_11_1","odcxnmmx",2025,2025-07-23,50.9857257,4.4786026,8,"Dijle- en Zennebekken",2,0,0,0,0,0,0,0,0,0,0,0,0,0,0,TRUE,"<buffer","6040093",c(157713.27644143, 186170.974504046),"6552","0",NA,0.692817921289786
"craywatch_data","V_2100_10","V_2100_10_1","njiyn2yx",2024,2024-10-21,51.212119,4.470448,4,"Benedenscheldebekken",2,0,0,0,1,0,0,0,0.2,0,0,0,0,0,0,TRUE,"<buffer",NA,c(157105.950929685, 211356.312746978),NA,NA,"ANTANT0477",0
"craywatch_data","V_2100_11","V_2100_11_1","njiyn2yx",2024,2024-10-26,51.215415,4.4634837,4,"Benedenscheldebekken",2,0,0,0,0,0,0,0,0,0,0,0,0,0,0,TRUE,"<buffer",NA,c(156618.826329054, 211722.358588088),NA,NA,"ANTANT0171",0
"craywatch_data","V_2100_6","V_2100_6_1","njiyn2yx",2024,2024-09-26,51.214583,4.473083,4,"Benedenscheldebekken",2,0,0,0,1,0,0,0,0.866666666666667,0,0,0,0,0,0,TRUE,"<buffer",NA,c(157289.692452717, 211630.700362353),NA,NA,"ANTANT0476",0
"craywatch_data","V_2100_6","V_2100_6_2","njiyn2yx",2024,2024-10-11,51.214583,4.473083,4,"Benedenscheldebekken",2,0,0,0,1,0,0,0,0.133333333333333,0,0,0,0,0,0,TRUE,"<buffer",NA,c(157289.692452717, 211630.700362353),NA,NA,"ANTANT0476",0
"craywatch_data","V_2100_7","V_2100_7_1","njiyn2yx",2024,2024-10-01,51.216667,4.468611,4,"Benedenscheldebekken",2,0,0,0,0,0,0,0,0,0,0,0,0,0,0,TRUE,"<buffer",NA,c(156976.899314648, 211862.121845352),NA,NA,"ANTANT0177",0
"craywatch_data","V_2100_8","V_2100_8_1","njiyn2yx",2024,2024-10-06,51.216,4.465694,4,"Benedenscheldebekken",2,0,0,0,0,0,0,0,0,0,0,0,0,0,0,TRUE,"<buffer",NA,c(156773.181812486, 211787.643166313),NA,NA,"ANTANT0173",1.24343297673218
"craywatch_data","V_2100_9","V_2100_9_1","njiyn2yx",2024,2024-10-16,51.214572,4.471803,4,"Benedenscheldebekken",2,0,0,0,0,0,0,0,0,0,0,0,0,0,0,TRUE,"<buffer",NA,c(157200.254692519, 211629.350829052),NA,NA,"ANTANT0166",0
"craywatch_data","V_2222_4","V_2222_4_1","mmm4mzq3",2024,2024-07-23,51.1215562024832,4.70024589585289,10,"Netebekken",2,0,0,0,0,0,0,0,0,0,0,0,0,0,0,TRUE,"<buffer","6016506",c(173208.847913061, 201328.077902745),"8501","0",NA,7.09389116760324
"craywatch_data","V_2235_3","V_2235_3_1","yjbjnzi1",2024,2024-09-13,51.0618265025103,4.78664729582507,10,"Netebekken",2,NA,NA,NA,NA,NA,NA,NA,0,0,0,0,0,0,0,TRUE,"<buffer","7022560",c(179295.541225742, 194713.876845038),"8501","0",NA,4.21661716505176
"craywatch_data","V_2300_6","V_2300_6_1","mzk5yjmz",2024,2024-07-23,51.3274215,4.9160958,10,"Netebekken",2,0,0,0,1,0,0,0,0.916666666666667,0,0,0,0,0,0,TRUE,"<buffer","6033172",c(188152.055995578, 224320.552988344),"17","0",NA,4.21700697271655
"craywatch_data","V_2300_7","V_2300_7_1","mzk5yjmz",2024,2024-08-22,51.3590129,4.9624728,10,"Netebekken",2,0,0,0,1,0,0,0,0.416666666666667,0,0,0,0,0,0,TRUE,"<buffer",NA,c(191356.558406894, 227860.177854973),NA,NA,"ANTTUR0074",0
"craywatch_data","V_2330_4","V_2330_4_1","njixzjg3",2024,2024-09-18,51.3792635,4.8833541,11,"Maasbekken",2,0,0,0,0,0,0,0,0,0,0,0,0,0,0,TRUE,"<buffer",NA,c(185829.806425011, 230072.052772204),NA,NA,"ANTMRK0347",0
"craywatch_data","V_2381_7","V_2381_7_1","njixzjg3",2024,2024-09-22,51.392528,4.969778,11,"Maasbekken",2,0,0,0,0,0,0,0,0,0,0,0,0,0,0,TRUE,"<buffer",NA,c(191835.190894147, 231593.106148274),NA,NA,"ANTRAV0016",8.73658810026001
"craywatch_data","V_2440_11","V_2440_11_1","ztu0mthk",2024,2024-07-09,51.1724522,5.0423275,10,"Netebekken",2,0,0,0,0,0,0,0,0,0,0,0,0,0,0,TRUE,"<buffer",NA,c(197107.37490144, 207152.422500373),NA,NA,"ANTGEE1029",0
"craywatch_data","V_2450_2","V_2450_2_1","ztyxmjnj",2024,2024-08-10,51.1141588,5.0649552,10,"Netebekken",2,1,0,0,0,0,0,0,0,0,0,0,0,1.83333333333333,0,TRUE,"<buffer","1502689",c(198750.705489135, 200682.096989961),"9077","2",NA,1.55945825617732
"craywatch_data","V_2470_2","V_2470_2_1","mwi0nmni",2024,2024-09-11,51.22879,5.038109,10,"Netebekken",2,0,0,0,1,0,0,0,0.0666666666666667,0,0,0,0,0,0,TRUE,"<buffer",NA,c(196755.794287174, 213417.291533534),NA,NA,"ANTRET0278",0
"craywatch_data","V_2470_3","V_2470_3_1","mwi0nmni",2024,2024-09-11,51.224666,5.045138,10,"Netebekken",2,0,0,0,0,0,0,0,0,0,0,0,0,0,0,TRUE,"<buffer",NA,c(197250.957190894, 212962.949226593),NA,NA,"ANTRET0237",0
"craywatch_data","V_2470_4","V_2470_4_1","zgu4nzuz",2024,2024-09-17,51.2565851,5.1060183,10,"Netebekken",2,0,0,0,1,0,0,0,0.0833333333333333,0,0,0,0,0,0,TRUE,"<buffer","7072554",c(201468.541148372, 216554.476523267),"8710","2",NA,0.220564027849345
"craywatch_data","V_2490_10","V_2490_10_1","nzzmzdm3",2024,2024-08-08,51.1731,5.2541,10,"Netebekken",2,0,0,0,0,0,0,0,0,0,0,0,0,0,0,FALSE,"not linked",NA,c(211916.592162325, 207380.100704057),NA,NA,NA,NA
"craywatch_data","V_2490_11","V_2490_11_1","nzzmzdm3",2024,2024-08-14,51.152,5.182,10,"Netebekken",2,0,0,0,0,0,0,0,0,0,0,0,0,0,0,TRUE,"<buffer",NA,c(206900.210082759, 204975.09847695),NA,NA,"ANTBAL0705",3.68448080717132
"craywatch_data","V_2490_12","V_2490_12_1","nzzmzdm3",2024,2024-08-14,51.154,5.178,10,"Netebekken",2,0,0,0,0,0,0,0,0,0,0,0,0,0,0,FALSE,"not linked",NA,c(206617.926060751, 205194.52848919),NA,NA,NA,NA
"craywatch_data","V_2490_13","V_2490_13_1","nzzmzdm3",2024,2024-08-18,51.15089,5.188153,10,"Netebekken",2,0,0,0,0,0,0,0,0,0,0,0,0,0,0,TRUE,"<buffer",NA,c(207332.063659009, 204856.353604634),NA,NA,"ANTBAL0397",0
"craywatch_data","V_2490_14","V_2490_14_1","nzzmzdm3",2024,2024-08-18,51.150688,5.187034,10,"Netebekken",2,0,0,0,0,0,0,0,0,0,0,0,0,0,0,TRUE,"<buffer",NA,c(207254.019758082, 204833.017963887),NA,NA,"ANTBAL0444",2.57170733312369
"craywatch_data","V_2490_15","V_2490_15_1","nzzmzdm3",2024,2024-08-24,51.151999,5.146447,10,"Netebekken",2,0,0,0,0,0,0,0,0,0,0,0,0,0,0,TRUE,"GRB/2 + buffer","7039005",c(204412.766684828, 204948.314530131),"16","0",NA,26.5910584743353
"craywatch_data","V_2490_3","V_2490_3_1","mwnhmtq1",2024,2024-10-03,51.1533249,5.2511977,10,"Netebekken",2,0,0,0,0,0,0,0,0,0,0,0,0,0,0,TRUE,"<buffer","7029036",c(211739.795123296, 205177.814279002),"348","0",NA,6.45866016786915
"craywatch_data","V_2490_5","V_2490_5_1","nzzmzdm3",2024,2024-07-08,51.1516418,5.137815,10,"Netebekken",2,0,0,0,0,0,0,0,0,0,0,0,0,0,0,TRUE,"<buffer",NA,c(203809.243968626, 204902.281300197),NA,NA,"ANTBAL0340",7.4373775427575
"craywatch_data","V_2490_6","V_2490_6_1","nzzmzdm3",2024,2024-07-08,51.1482402,5.1346492,10,"Netebekken",2,0,0,0,0,0,0,0,0,0,0,0,0,0,0,TRUE,"<buffer",NA,c(203591.655033231, 204521.576188949),NA,NA,"ANTBAL0192",0
"craywatch_data","V_2490_7","V_2490_7_1","nzzmzdm3",2024,2024-08-03,51.172775,5.243459,10,"Netebekken",2,0,0,0,0,0,0,0,0,0,0,0,0,0,0,TRUE,"<buffer","7053177",c(211172.873122494, 207335.119164127),"8797","2",NA,2.47424568419206
"craywatch_data","V_2490_8","V_2490_8_1","nzzmzdm3",2024,2024-08-03,51.17374,5.244323,10,"Netebekken",2,0,0,0,0,0,0,0,0,0,0,0,0,0,0,TRUE,"<buffer",NA,c(211232.027806453, 207443.183227386),NA,NA,"ANTBAL0778",10.8520238979065
"craywatch_data","V_2490_9","V_2490_9_1","nzzmzdm3",2024,2024-08-08,51.1735,5.2527,10,"Netebekken",2,0,0,0,0,0,0,0,0,0,0,0,0,0,0,TRUE,"<buffer",NA,c(211818.157402048, 207423.431181903),NA,NA,"ANTBAL0706",6.69017922245509
"craywatch_data","V_2491_1","V_2491_1_1","nzzmzdm3",2024,2024-07-12,51.1470732,5.1343553,10,"Netebekken",2,0,0,0,0,0,0,0,0,0,0,0,0,0,0,TRUE,"<buffer","7026333",c(203572.430614001, 204391.540229033),"8501","1",NA,3.08933109109417
"craywatch_data","V_2491_2","V_2491_2_1","nzzmzdm3",2024,2024-07-12,51.1460064,5.1341025,10,"Netebekken",2,0,0,0,0,0,0,0,0,0,0,0,0,0,0,TRUE,"<buffer",NA,c(203555.966086133, 204272.680874964),NA,NA,"ANTBAL0175",0
"craywatch_data","V_2491_3","V_2491_3_1","nzzmzdm3",2024,2024-07-23,51.1461648,5.1410524,10,"Netebekken",2,0,0,0,1,0,0,0,0.25,0,0,0,0,0,0,TRUE,"<buffer",NA,c(204042.092517825, 204295.342290864),NA,NA,"ANTBAL0194",0
"craywatch_data","V_2491_4","V_2491_4_1","nzzmzdm3",2024,2024-07-23,51.1458209,5.1421366,10,"Netebekken",2,0,0,0,0,0,0,0,0,0,0,0,0,0,0,TRUE,"<buffer","6015509",c(204118.356500716, 204257.875347482),"8550","1",NA,6.24363212566822
"craywatch_data","V_2491_5","V_2491_5_1","nzzmzdm3",2024,2024-07-27,51.1448134,5.1286907,10,"Netebekken",2,0,0,0,1,0,0,0,0.0833333333333333,0,0,0,0,0,0,TRUE,"<buffer",NA,c(203178.641938644, 204136.071647113),NA,NA,"ANTBAL0065",0
"craywatch_data","V_2491_6","V_2491_6_1","nzzmzdm3",2024,2024-07-27,51.1436651,5.1272898,10,"Netebekken",2,0,0,0,0,0,0,0,0,0,0,0,0,0,0,TRUE,"<buffer",NA,c(203081.919450372, 204007.324980341),NA,NA,"ANTBAL0031",0
"craywatch_data","V_2491_8","V_2491_8_1","nzzmzdm3",2024,2024-08-29,51.150153,5.149361,10,"Netebekken",2,0,0,0,0,0,0,0,0,0,0,0,0,0,0,TRUE,"<buffer","6012144",c(204618.804392378, 204745.096560281),"8953","2",NA,0.947368264144685
"craywatch_data","V_2500_11","V_2500_11_1","odhmndaz",2024,2024-09-17,51.1091667,4.5272222,10,"Netebekken",2,0,0,0,0,0,0,0,0,0,0,0,0,0,0,TRUE,"<buffer",NA,c(161097.783579599, 199909.664121514),NA,NA,"ANTLIR0019",12.0618748829668
"craywatch_data","V_2547_2","V_2547_2_1","ogzjzmq2",2024,2024-10-04,51.1315278,4.5038056,10,"Netebekken",2,0,0,0,0,0,0,0,0,0,0,0,0,0,0,FALSE,"not linked",NA,c(159453.313438144, 202394.086074706),NA,NA,NA,NA
"craywatch_data","V_2550_4","V_2550_4_1","otjhmjg3",2024,2024-10-20,51.1356662,4.4639236,10,"Netebekken",2,0,0,0,0,0,0,0,0,0,0,0,0,0,0,TRUE,"<buffer",NA,c(156661.018413388, 202850.132802332),NA,NA,"ANTKON0163",0.868158278362771
"craywatch_data","V_2610_4","V_2610_4_1","ymjlzwe4",2024,2024-08-14,51.181113,4.3731417,4,"Benedenscheldebekken",2,0,0,0,0,0,0,0,0,0,0,0,0,0,0,TRUE,"<buffer","7017751",c(150306.585980561, 207901.861830057),"3830","2",NA,0.424218098221925
"craywatch_data","V_2650_4","V_2650_4_1","yzc5zdbk",2024,2024-09-10,51.156389,4.405889,4,"Benedenscheldebekken",2,0,0,0,0,0,0,0,0,0,0,0,0,0,0,TRUE,"<buffer",NA,c(152597.835777891, 205151.91831959),NA,NA,"ANTEDE0159",0
"craywatch_data","V_2650_5","V_2650_5_1","yzc5zdbk",2024,2024-09-10,51.1566837,4.4045428,4,"Benedenscheldebekken",2,0,0,0,0,0,0,0,0,0,0,0,0,0,0,TRUE,"<buffer","7074279",c(152503.637040215, 205184.657131922),"3764","2",NA,0.664503649605426
"craywatch_data","V_2800_10","V_2800_10_1","odi5ngi0",2024,2024-10-09,51.0196563024905,4.50186919589135,8,"Dijle- en Zennebekken",2,NA,NA,NA,NA,NA,NA,NA,0,0,0,0,0,0,0,TRUE,"<buffer","6019398",c(159340.195285758, 189948.299489106),"6551","0",NA,1.55213929503492
"craywatch_data","V_2800_9","V_2800_9_1","mdm4oge4",2024,2024-10-14,51.0227107024843,4.45503469590326,8,"Dijle- en Zennebekken",2,0,0,0,0,0,0,0,0,0,0,0,0,0,0,TRUE,"<buffer",NA,c(156053.578098908, 190283.205336786),NA,NA,"ANTMEC0181",0
"craywatch_data","V_2830_7","V_2830_7_1","mdm4oge4",2024,2024-09-18,51.07576420246,4.37448729592871,4,"Benedenscheldebekken",2,0,0,0,0,0,0,0,0,0,0,0,0,0,0,TRUE,"<buffer",NA,c(150401.691088587, 196181.73057906),NA,NA,"ANTWIL0153",0
"craywatch_data","V_2850_1","V_2850_1_1","mdm4oge4",2024,2024-09-18,51.091341,4.3834673,4,"Benedenscheldebekken",2,0,0,0,1,0,0,0,0.0833333333333333,0,0,0,0,0,0,TRUE,"<buffer",NA,c(151030.673961856, 197914.726357509),NA,NA,"ANTBOO0019",0
"craywatch_data","V_2850_2","V_2850_2_1","mdm4oge4",2024,2024-09-23,51.0878472,4.3800916,4,"Benedenscheldebekken",2,0,0,0,1,0,0,0,0.222222222222222,0,0,0,0,0,0,TRUE,"<buffer",NA,c(150794.237737829, 197526.00005575),NA,NA,"ANTBOO0038",0
"craywatch_data","V_2850_3","V_2850_3_1","mdm4oge4",2024,2024-09-23,51.087015,4.3842758,4,"Benedenscheldebekken",2,0,0,0,0,0,0,0,0,0,0,0,0,0,0,TRUE,"<buffer",NA,c(151087.422014867, 197433.474271118),NA,NA,"ANTBOO0027",0
"craywatch_data","V_2870_7","V_2870_7_1","zwuxmwy1",2024,2024-07-24,51.0753132024561,4.33810379593762,4,"Benedenscheldebekken",2,0,0,0,0,0,0,0,0,0,0,0,0,0,0,TRUE,"<buffer",NA,c(147851.818915114, 196131.961426944),NA,NA,"ANTPUU0048",0
"craywatch_data","V_2880_13","V_2880_13_1","mtk0mjgx",2025,2025-08-05,51.09019,4.18561,4,"Benedenscheldebekken",2,0,0,0,0,0,0,0,0,0,0,0,0,0,0,TRUE,"<buffer",NA,c(137168.626619803, 197802.271089932),NA,NA,"ANTBRM0131",0
"craywatch_data","V_2930_7","V_2930_7_1","odi3zti0",2024,2024-09-15,51.3109534,4.525374,4,"Benedenscheldebekken",2,0,0,0,0,0,0,0,0,0,0,0,0,0,0,TRUE,"<buffer","6024259",c(160920.786036812, 222358.968969486),"113","1",NA,3.43116288971647
"craywatch_data","V_2930_8","V_2930_8_1","odi3zti0",2024,2024-09-15,51.3142677,4.5322723,4,"Benedenscheldebekken",2,0,0,0,0,0,0,0,0,0,0,0,0,0,0,TRUE,"<buffer",NA,c(161400.989621709, 222728.754662547),NA,NA,"ANTBRS0176",0
"craywatch_data","V_2950_3","V_2950_3_1","nzi4mtm4",2024,2024-10-02,51.3341307,4.4706952,4,"Benedenscheldebekken",2,0,0,0,0,0,0,0,0,0,0,0,0,0,0,TRUE,"<buffer","7025929",c(157104.460692549, 224930.98216736),"113","1",NA,3.77235265698703
"craywatch_data","V_3000_4","V_3000_4_1","yjdkn2u5",2024,2024-09-27,50.861222,4.738139,8,"Dijle- en Zennebekken",2,0,0,0,0,0,0,0,0,0,0,0,0,0,0,FALSE,"not linked",NA,c(176006.211887089, 172379.932032724),NA,NA,NA,NA
"craywatch_data","V_3010_11","V_3010_11_1","nzq2nzbh",2024,2024-07-30,50.8925625,4.7234119,8,"Dijle- en Zennebekken",2,0,1,0,0,0,0,0,0,0,0,0,0,0,0.25,FALSE,"not linked",NA,c(174952.691512969, 175861.197606687),NA,NA,NA,NA
"craywatch_data","V_3010_12","V_3010_12_1","nzq2nzbh",2024,2024-09-03,50.8935322,4.7215236,8,"Dijle- en Zennebekken",2,0,1,0,0,0,0,0,0,0,0,0,0,0,0.25,TRUE,"<buffer",NA,c(174819.324163219, 175968.433839581),NA,NA,"VBRLEU0073",0
"craywatch_data","V_3010_13","V_3010_13_1","nzq2nzbh",2024,2024-07-30,50.8938153,4.7201073,8,"Dijle- en Zennebekken",2,NA,1,NA,NA,NA,NA,NA,0,0,0,0,0,0,1.33333333333333,FALSE,"not linked",NA,c(174719.531233061, 175999.452773888),NA,NA,NA,NA
"craywatch_data","V_3010_14","V_3010_14_1","nzq2nzbh",2024,2024-07-30,50.8964641,4.7177397,8,"Dijle- en Zennebekken",2,0,0,0,0,0,0,0,0,0,0,0,0,0,0,FALSE,"not linked",NA,c(174551.572356455, 176293.32096005),NA,NA,NA,NA
"craywatch_data","V_3012_2","V_3012_2_1","odcxnmmx",2025,2025-07-23,50.90617,4.71215,8,"Dijle- en Zennebekken",2,0,0,0,0,0,0,0,0,0,0,0,0,0,0,TRUE,"<buffer","7073775",c(174153.330656411, 177371.180683902),"6603","1",NA,0.0388210261987511
"craywatch_data","V_3040_15","V_3040_15_1","owm3nzbk",2025,2025-08-21,50.812787,4.619949,8,"Dijle- en Zennebekken",2,0,0,0,0,0,0,0,0,0,0,0,0,0,0,TRUE,"<buffer",NA,c(167703.505164326, 166957.181516856),NA,NA,"VBRHLB0089",0
"craywatch_data","V_3078_1","V_3078_1_1","zja3zjyx",2024,2024-08-12,50.8845868,4.5636599,8,"Dijle- en Zennebekken",2,0,0,0,0,0,0,0,0,0,0,0,0,0,0,TRUE,"<buffer",NA,c(163715.416635592, 174932.26816363),NA,NA,"VBRKRB0093",0
"craywatch_data","V_3111_2","V_3111_2_1","zjbmngyy",2024,2024-10-25,50.9370799,4.7730101,9,"Demerbekken",2,0,0,0,0,0,0,0,0,0,0,0,0,0,0,TRUE,"<buffer","6023072",c(178415.224494428, 180831.235775427),"7156","1",NA,0.00563461821076206
"craywatch_data","V_3111_3","V_3111_3_1","owuwmwnj",2024,2024-09-29,50.952033,4.733064,9,"Demerbekken",2,0,0,0,0,0,0,0,0,0,0,0,0,0,0,TRUE,"<buffer","2000947",c(175599.256640962, 182480.099514331),"7156","1",NA,2.11443987008138
"craywatch_data","V_3290_13","V_3290_13_1","nwnizjfi",2024,2024-08-27,51.031589,5.112287,9,"Demerbekken",2,0,0,0,0,0,0,0,0,0,0,0,0,0,0,TRUE,"<buffer","6023974",c(202157.032534535, 191528.946329669),"7517","2",NA,0.805193589060676
"craywatch_data","V_3360_2","V_3360_2_1","mdrmnwjm",2024,2024-07-18,50.8488965,4.7973268,8,"Dijle- en Zennebekken",2,0,0,0,0,0,0,0,0,0,0,0,0,0,0,TRUE,"<buffer","6017512",c(180181.140615669, 171031.283616285),"6638","2",NA,1.03413888997753
"craywatch_data","V_3550_10","V_3550_10_1","owm2ywvi",2024,2024-09-26,50.9973821,5.2711361,9,"Demerbekken",2,0,0,0,1,0,0,0,0.5,0,0,0,0,0,0,TRUE,"<buffer",NA,c(213345.706265674, 187847.437159682),NA,NA,"LIMHVL0239",0.728036811904463
"craywatch_data","V_3550_11","V_3550_11_1","owm2ywvi",2024,2024-09-26,50.9976814,5.271577,9,"Demerbekken",2,0,0,0,1,0,0,0,1.16666666666667,0,0,0,0,0,0,TRUE,"<buffer",NA,c(213376.250050703, 187881.107084244),NA,NA,"LIMHVL0092",0
"craywatch_data","V_3600_15","V_3600_15_1","nwvjndbl",2024,2024-10-16,50.9772656,5.4943478,9,"Demerbekken",2,0,1,0,0,0,0,0,0,0,0,0,0,0,0.111111111111111,TRUE,"<buffer",NA,c(229047.662679084, 185823.949474969),NA,NA,"LIMGNK0355",0
"craywatch_data","V_3600_17","V_3600_17_1","nwvjndbl",2024,2024-10-23,50.958981,5.467505,9,"Demerbekken",2,0,0,0,1,0,0,0,0.0666666666666667,0,0,0,0,0,0,TRUE,"<buffer",NA,c(227192.815715681, 183761.853087157),NA,NA,"LIMGNK0396",0
"craywatch_data","V_3640_15","V_3640_15_1","ztnhyzk1",2024,2024-08-03,51.162806002591,5.74108299559483,11,"Maasbekken",2,0,0,0,1,0,0,0,0.166666666666667,0,0,0,0,0,0,TRUE,"<buffer","6010711",c(245991.807477144, 206753.14225545),"9505","1",NA,0.457138537212068
"craywatch_data","V_3640_18","V_3640_18_1","mznknjaw",2024,2024-09-06,51.181501002586,5.74536999559574,11,"Maasbekken",2,0,0,0,0,0,0,0,0,0,0,0,0,0,0,TRUE,"<buffer",NA,c(246253.063551463, 208838.205622483),NA,NA,"LIMKIN0035",0
"craywatch_data","V_3640_19","V_3640_19_1","mznknjaw",2024,2024-09-23,51.1553340025945,5.7521399955912,11,"Maasbekken",2,NA,NA,NA,1,NA,NA,NA,0.333333333333333,0,0,0,0,0,0,TRUE,"<buffer",NA,c(246780.630559228, 205936.37051148),NA,NA,"LIMKIN0086",0
"craywatch_data","V_3640_20","V_3640_20_1","mznknjaw",2024,2024-09-17,51.167457002592,5.76066699559032,11,"Maasbekken",2,0,0,0,0,0,0,0,0,0,0,0,0,0,0,TRUE,"<buffer","6010710",c(247351.810597933, 207295.997297219),"10143","2",NA,0.947212345216486
"craywatch_data","V_3650_14","V_3650_14_1","ngrkywmz",2024,2024-10-22,51.0681912026184,5.73554039558607,11,"Maasbekken",2,0,0,0,0,0,0,0,0,0,0,0,0,0,0,TRUE,"<buffer",NA,c(245797.999661159, 196221.848003385),NA,NA,"LIMDST0049",0
"craywatch_data","V_3650_15","V_3650_15_1","ngrkywmz",2024,2024-10-22,51.0765970026159,5.73540749558701,11,"Maasbekken",2,0,0,0,0,0,0,0,0,0,0,0,0,0,0,TRUE,"<buffer","3600865",c(245771.466185142, 197156.651322117),"9700","2",NA,3.34581159812027
"craywatch_data","V_3650_17","V_3650_17_1","ngrkywmz",2025,2025-07-23,51.044157,5.757447,11,"Maasbekken",2,0,0,0,1,0,0,0,0.583333333333333,0,0,0,0,0,0,TRUE,"<buffer",NA,c(247383.284758582, 193577.064106182),NA,NA,"LIMDST0211",0
"craywatch_data","V_3660_4","V_3660_4_1","nzzlmmvm",2024,2024-08-13,51.023500002614,5.5861999956194,11,"Maasbekken",2,0,0,0,0,0,0,0,0,0,0,0,0,0,0,TRUE,"<buffer",NA,c(235413.282928232, 191068.480139779),NA,NA,"LIMOPG0160",0
"craywatch_data","V_3680_9","V_3680_9_1","n2jjztbi",2024,2024-09-17,51.1079436026073,5.74169869558878,11,"Maasbekken",2,0,0,0,0,0,0,0,0,0,0,0,0,0,0,TRUE,"<buffer","6011092",c(246147.776810825, 200651.481326422),"9823","2",NA,0.511666517307093
"craywatch_data","V_3900_5","V_3900_5_1","mdflzwm0",2024,2024-08-28,51.203514,5.37853,11,"Maasbekken",2,0,0,0,0,0,0,0,0,0,0,0,0,0,0,TRUE,"<buffer","6018133",c(220572.073677069, 210874.576794575),"9875","2",NA,3.66320154924433
"craywatch_data","V_3900_6","V_3900_6_1","mdflzwm0",2024,2024-08-28,51.208177,5.395103,11,"Maasbekken",2,0,0,0,0,0,0,0,0,0,0,0,0,0,0,TRUE,"<buffer","3600465",c(221723.096809852, 211409.196627377),"9875","2",NA,1.72324896809749
"craywatch_data","V_3910_11","V_3910_11_1","nthlmzez",2024,2024-07-20,51.2251145,5.492385,11,"Maasbekken",2,0,0,0,0,0,0,0,0,0,0,0,0,0,0,TRUE,"<buffer","6010084",c(228492.33124951, 213391.84016819),"9508","2",NA,0.669986064129305
"craywatch_data","V_3910_14","V_3910_14_1","mdflzwm0",2024,2024-08-30,51.249836,5.416268,11,"Maasbekken",2,0,0,0,0,0,0,0,0,0,0,0,0,0,0,TRUE,"<buffer","7014604",c(223136.625816868, 216064.177739275),"9582","2",NA,2.14667701185512
"craywatch_data","V_3910_15","V_3910_15_1","mdflzwm0",2024,2024-09-10,51.235493,5.409433,11,"Maasbekken",2,0,0,0,0,0,0,0,0,0,0,0,0,0,0,TRUE,"<buffer","6008121",c(222681.820219515, 214461.880038457),"9988","2",NA,0.824668326265943
"craywatch_data","V_3920_1","V_3920_1_1","mdflzwm0",2025,2025-06-25,51.238427,5.386785,11,"Maasbekken",2,0,0,0,1,0,0,0,0.583333333333333,0,0,0,0,0,0,FALSE,"not linked",NA,c(221095.682292742, 214766.329751875),NA,NA,NA,NA
"craywatch_data","V_3920_10","V_3920_10_1","mdflzwm0",2024,2024-10-07,51.2626088,5.4024901,11,"Maasbekken",2,0,0,0,1,0,0,0,0.0833333333333333,0,0,0,0,0,0,FALSE,"not linked",NA,c(222154.925383687, 217471.60283754),NA,NA,NA,NA
"craywatch_data","V_3920_5","V_3920_5_1","ymjinme3",2024,2024-09-10,51.2654471,5.3623945,11,"Maasbekken",2,0,0,0,1,0,0,0,0.0833333333333333,0,0,0,0,0,0,FALSE,"not linked",NA,c(219352.176750915, 217749.119908368),NA,NA,NA,NA
"craywatch_data","V_3920_6","V_3920_6_1","mdflzwm0",2024,2024-10-07,51.2551739,5.4090747,11,"Maasbekken",2,0,0,0,0,0,0,0,0,0,0,0,0,0,0,FALSE,"not linked",NA,c(222626.100159682, 216650.927528472),NA,NA,NA,NA
"craywatch_data","V_3920_7","V_3920_7_1","nzzmzdm3",2024,2024-09-04,51.1831977,5.2650075,10,"Netebekken",2,0,0,0,1,0,0,0,0.0833333333333333,0,0,0,0,0,0,TRUE,"<buffer","7029036",c(212665.802844969, 208512.575378424),"348","0",NA,8.781590621196
"craywatch_data","V_3920_8","V_3920_8_1","nzzmzdm3",2024,2024-09-04,51.182752,5.2653307,10,"Netebekken",2,0,0,0,1,0,0,0,0.166666666666667,0,0,0,0,0,0,TRUE,"<buffer","7029036",c(212688.9990716, 208463.266542658),"348","0",NA,8.57022955283023
"craywatch_data","V_3920_9","V_3920_9_1","mdflzwm0",2024,2024-10-01,51.2568454,5.3933986,11,"Maasbekken",2,0,0,0,0,0,0,0,0,0,0,0,0,0,0,FALSE,"not linked",NA,c(221529.229425533, 216821.646870865),NA,NA,NA,NA
"craywatch_data","V_3970_1","V_3970_1_1","mwnhmtq1",2024,2024-10-10,51.1322606,5.2439153,10,"Netebekken",2,0,0,0,0,0,0,0,0,0,0,0,0,0,0,TRUE,"<buffer","6033441",c(211257.949215531, 202828.509685058),"348","0",NA,6.17648981911616
"craywatch_data","V_8000_6","V_8000_6_1","zmrhymrm",2024,2024-08-07,51.2571020022875,3.25270799621937,2,"Bekken van de Brugse Polders",2,1,NA,NA,NA,NA,NA,NA,0,0,0,0,0,1.11111111111111,0,TRUE,"<buffer","6038253",c(72090.4033935219, 216940.768882704),"12242","99",NA,4.93749417491784
"craywatch_data","V_8000_7","V_8000_7_1","zwzhotbm",2024,2024-09-24,51.2170345,3.1436378,2,"Bekken van de Brugse Polders",2,1,0,0,0,0,0,0,0,0,0,0,0,0.5,0,TRUE,"<buffer","6002131",c(64403.5512607298, 212603.613465579),"631","2",NA,2.62954558669197
"craywatch_data","V_8200_1","V_8200_1_1","mtk0mjgx",2025,2025-08-07,51.17822,3.16113,2,"Bekken van de Brugse Polders",2,0,0,0,0,0,0,0,0,0,0,0,0,0,0,TRUE,"<buffer",NA,c(65555.3961218781, 208265.919407797),NA,NA,"WVLBRU1038",0
"craywatch_data","V_8340_25","V_8340_25_1","ndfhyzg1",2024,2024-10-20,51.2669450022894,3.29779099620961,2,"Bekken van de Brugse Polders",2,1,NA,NA,NA,NA,NA,NA,0,0,0,0,0,0.333333333333333,0,TRUE,"<buffer","7052332",c(75253.1332536873, 217989.433748355),"10","0",NA,10.3901505167796
"craywatch_data","V_8380_4","V_8380_4_1","zgiwntyy",2024,2024-09-06,51.289472,3.173519,2,"Bekken van de Brugse Polders",2,1,0,0,0,0,0,0,0,0,0,0,0,3.86666666666667,0,TRUE,"<buffer","5012276",c(66620.7499812958, 220627.677237189),"2614","2",NA,1.24774123638201
"craywatch_data","V_8470_5","V_8470_5_1","odjlnmu5",2024,2024-09-06,51.141675,2.9534261,1,"Ijzerbekken",2,0,0,0,0,0,0,0,0,0,0,0,0,0,0,TRUE,"<buffer","6004607",c(50955.6565013471, 204457.342449791),"1215","2",NA,3.38576916700236
"craywatch_data","V_8490_12","V_8490_12_1","zwzhotbm",2024,2024-10-01,51.20392,3.100523,2,"Bekken van de Brugse Polders",2,1,0,0,0,0,0,0,0,0,0,0,0,2.66666666666667,0,TRUE,"<buffer","6002058",c(61366.5965766977, 211195.331127975),"14318","99",NA,2.28628492135972
"craywatch_data","V_8610_8","V_8610_8_1","mdywmjc1",2024,2024-07-09,51.0286484,3.0580516,1,"Ijzerbekken",2,0,0,0,0,0,0,0,0,0,0,0,0,0,0,TRUE,"<buffer","6007566",c(58054.6910683926, 191750.861148977),"1208","2",NA,0.348064420892021
"craywatch_data","V_8730_11","V_8730_11_1","otg3mza0",2024,2024-08-06,51.1376902023291,3.33065629618858,2,"Bekken van de Brugse Polders",2,0,0,0,0,0,0,0,0,0,0,0,0,0,0,FALSE,"not linked",NA,c(77345.8706155575, 203578.183490435),NA,NA,NA,NA
"craywatch_data","V_8800_7","V_8800_7_1","mjywyjqx",2024,2024-09-21,50.981917,3.136361,5,"Leiebekken",2,0,0,0,0,0,0,0,0,0,0,0,0,0,0,TRUE,"<buffer","6024828",c(63461.3106407634, 186458.870298294),"4830","2",NA,0.55195039631239
"craywatch_data","V_8870_1","V_8870_1_1","mtk0mjgx",2025,2025-08-07,50.90541,3.18794,5,"Leiebekken",2,0,0,0,0,0,0,0,0,0,0,0,0,0,0,TRUE,"<buffer",NA,c(66947.6142640618, 177890.186263389),NA,NA,"WVLIZE0112",0
"craywatch_data","V_8870_2","V_8870_2_1","mtk0mjgx",2025,2025-08-07,50.94541,3.18211,5,"Leiebekken",2,0,0,0,0,0,0,0,0,0,0,0,0,0,0,TRUE,"<buffer",NA,c(66608.6649593274, 182345.882670321),NA,NA,"WVLIZE0016",0
"craywatch_data","V_8870_7","V_8870_7_1","nzi3zgyy",2024,2024-08-01,50.9080607,3.1911835,5,"Leiebekken",2,0,0,0,0,0,0,0,0,0,0,0,0,0,0,TRUE,"<buffer",NA,c(67180.3998745553, 178181.399267023),NA,NA,"WVLIZE0181",0
"craywatch_data","V_9030_2","V_9030_2_1","nmm1ndmy",2024,2024-09-08,51.078167,3.676972,3,"Bekken van de Gentse Kanalen",2,0,0,0,1,0,0,0,0.0833333333333333,0,0,0,0,0,0,TRUE,"<buffer","6030948",c(101521.161636137, 196674.399749657),"584","0",NA,1.63436217480419
"craywatch_data","V_9032_1","V_9032_1_1","mtk0mjgx",2025,2025-07-31,51.08091,3.695,3,"Bekken van de Gentse Kanalen",2,0,0,0,0,0,0,0,0,0,0,0,0,0,0,FALSE,"not linked",NA,c(102787.259374179, 196967.937517489),NA,NA,NA,NA
"craywatch_data","V_9051_3","V_9051_3_1","mtfizjjh",2024,2024-10-10,51.035853,3.667529,5,"Leiebekken",2,0,0,0,0,0,0,0,0,0,0,0,0,0,0,TRUE,"<buffer","6009765",c(100815.023184373, 191973.463375042),"4201","0",NA,13.8773997068887
"craywatch_data","V_9052_6","V_9052_6_1","yzq0m2yw",2024,2024-09-11,50.993863,3.721124,6,"Bovenscheldebekken",2,0,0,0,0,0,0,0,0,0,0,0,0,0,0,TRUE,"<buffer","6019337",c(104533.453501681, 187268.293910973),"5890","2",NA,2.86008916900639
"craywatch_data","V_9100_2","V_9100_2_1","otniytkz",2024,2024-08-19,51.1488282,4.1871482,4,"Benedenscheldebekken",2,NA,NA,NA,NA,NA,NA,NA,0,0,0,0,0,0,0,TRUE,"<buffer",NA,c(137292.28850858, 204325.513152665),NA,NA,"OVLSIN0245",0
"craywatch_data","V_9140_1","V_9140_1_1","mtk0mjgx",2025,2025-08-05,51.12286,4.24855,4,"Benedenscheldebekken",2,0,0,0,0,0,0,0,0,0,0,0,0,0,0,TRUE,"<buffer",NA,c(141584.108618647, 201427.834618463),NA,NA,"OVLTEM0152",0
"craywatch_data","V_9140_5","V_9140_5_1","njbjymrl",2024,2024-07-16,51.1365283,4.1670574,4,"Benedenscheldebekken",2,0,0,0,0,0,0,0,0,0,0,0,0,0,0,FALSE,"not linked",NA,c(135882.771842168, 202960.752882079),NA,NA,NA,NA
"craywatch_data","V_9160_1","V_9160_1_1","mtk0mjgx",2025,2025-08-05,51.10472,4.02119,4,"Benedenscheldebekken",2,1,0,0,0,0,0,0,0,0,0,0,0,2.75,0,TRUE,"<buffer",NA,c(125656.818680661, 199459.76881271),NA,NA,"OVLLOK0348",0
"craywatch_data","V_9200_16","V_9200_16_1","mdm5y2i4",2024,2024-08-27,51.045801,4.114733,4,"Benedenscheldebekken",2,0,0,0,0,0,0,0,0,0,0,0,0,0,0,TRUE,"<buffer","6027039",c(132186.084583197, 192878.665998045),"3556","3",NA,0.974716751572416
"craywatch_data","V_9200_19","V_9200_19_1","ngi0ytux",2024,2024-09-18,51.026945,4.042212,4,"Benedenscheldebekken",2,0,0,0,0,0,0,0,0,0,0,0,0,0,0,FALSE,"not linked",NA,c(127091.198800459, 190800.843598766),NA,NA,NA,NA
"craywatch_data","V_9200_20","V_9200_20_1","ngi0ytux",2024,2024-09-10,51.055074,4.13485,4,"Benedenscheldebekken",2,0,0,0,0,0,0,0,0,0,0,0,0,0,0,FALSE,"not linked",NA,c(133600.072750249, 193905.63913497),NA,NA,NA,NA
"craywatch_data","V_9220_10","V_9220_10_1","y2zhzmy3",2024,2024-08-27,51.074298,4.175564,4,"Benedenscheldebekken",2,1,NA,NA,NA,NA,NA,NA,0,0,0,0,0,3.66666666666667,0,TRUE,"<buffer",NA,c(136460.21230942, 196036.085693489),NA,NA,"OVLHME0448",0
"craywatch_data","V_9240_5","V_9240_5_1","mtm4ytcx",2024,2024-08-28,51.062782,4.081158,4,"Benedenscheldebekken",2,0,0,0,0,0,0,0,0,0,0,0,0,0,0,TRUE,"<buffer","6024099",c(129838.867421751, 194776.317542194),"5131","3",NA,0.796228446952458
"craywatch_data","V_9240_7","V_9240_7_1","ndriztk0",2024,2024-09-17,51.0505283,4.0453895,4,"Benedenscheldebekken",2,0,0,0,0,0,0,0,0,0,0,0,0,0,0,TRUE,"<buffer","4520520",c(127325.517800921, 193423.423658931),"5750","3",NA,1.29859613258501
"craywatch_data","V_9250_3","V_9250_3_1","otblmwjl",2024,2024-09-15,51.1370644,4.039342,3,"Bekken van de Gentse Kanalen",2,1,0,0,0,0,0,0,0,0,0,0,0,0.466666666666667,0,TRUE,"<buffer","6030420",c(126944.088226659, 203052.279910372),"1064","2",NA,0.0470088185972644
"craywatch_data","V_9255_1","V_9255_1_1","mtk0mjgx",2025,2025-08-05,51.03097,4.2158,4,"Benedenscheldebekken",2,0,0,0,0,0,0,0,0,0,0,0,0,0,0,TRUE,"<buffer",NA,c(139270.254208834, 191209.403613151),NA,NA,"OVLBUG0099",0
"craywatch_data","V_9260_3","V_9260_3_1","ytq0zwrk",2024,2024-08-14,51.023506,3.9293331,4,"Benedenscheldebekken",2,0,0,0,0,0,0,0,0,0,0,0,0,0,0,TRUE,"<buffer","6015692",c(119169.935837965, 190459.044329609),"5825","2",NA,0.0404492659614859
"craywatch_data","V_9270_4","V_9270_4_1","ztezzjnh",2024,2024-10-02,51.0360752,3.8481604,4,"Benedenscheldebekken",2,NA,NA,NA,NA,NA,NA,NA,0,0,0,0,0,0,0,TRUE,"<buffer","4520417",c(113484.692410344, 191894.058825662),"5439","99",NA,2.23869229830035
"craywatch_data","V_9280_3","V_9280_3_1","mdm5y2i4",2024,2024-09-07,50.999601,4.086909,7,"Denderbekken",2,0,0,1,0,0,0,0,0,0,0,0,0.0666666666666667,0,0,TRUE,"<buffer","6019605",c(130215.40770209, 187746.127861783),"6283","2",NA,0.550560452792415
"craywatch_data","V_9420_6","V_9420_6_1","mjkyzjq3",2024,2024-09-17,50.9014834,3.9630626,7,"Denderbekken",2,0,0,0,0,0,0,0,0,0,0,0,0,0,0,TRUE,"<buffer",NA,c(121462.35127379, 176871.450312846),NA,NA,"OVLHLT0351",0
"craywatch_data","V_9450_2","V_9450_2_1","mjkyzjq3",2024,2024-09-16,50.88894,3.95116,7,"Denderbekken",2,0,0,0,0,0,0,0,0,0,0,0,0,0,0,TRUE,"<buffer","6030648",c(120617.256005863, 175480.749868197),"5953","2",NA,2.32858685047689
"craywatch_data","V_9450_3","V_9450_3_1","mjkyzjq3",2024,2024-09-23,50.893729,4.02133,7,"Denderbekken",2,0,0,0,0,0,0,0,0,0,0,0,0,0,0,TRUE,"<buffer","4029298",c(125557.018278936, 175988.093980333),"6269","2",NA,3.80196523356119
"craywatch_data","V_9450_4","V_9450_4_1","mjkyzjq3",2024,2024-06-23,50.89703,4.03072,7,"Denderbekken",2,0,0,0,0,0,0,0,0,0,0,0,0,0,0,TRUE,"<buffer","4029298",c(126219.316548583, 176352.25777414),"6269","2",NA,0.219776171288987
"craywatch_data","V_9472_2","V_9472_2_1","mjkyzjq3",2024,2024-09-26,50.8707076,4.0437601,7,"Denderbekken",2,0,0,0,0,0,0,0,0,0,0,0,0,0,0,TRUE,"<buffer",NA,c(127123.895050199, 173420.044321715),NA,NA,"OVLDNL0016",0
"craywatch_data","V_9500_1","V_9500_1_1","mjkyzjq3",2025,2025-09-01,50.74341,3.92603,7,"Denderbekken",2,0,0,0,0,0,0,0,0,0,0,0,0,0,0,TRUE,"<buffer",NA,c(118752.70081538, 159302.529743581),NA,NA,"OVLGER0282",0
"craywatch_data","V_9520_1","V_9520_1_1","mtk0mjgx",2025,2025-08-13,50.94729,3.89046,4,"Benedenscheldebekken",2,0,0,0,0,0,0,0,0,0,0,0,0,0,0,FALSE,"not linked",NA,c(116388.078367311, 181997.372757827),NA,NA,NA,NA
"craywatch_data","V_9630_1","V_9630_1_1","mtk0mjgx",2025,2025-07-31,50.90377,3.68958,6,"Bovenscheldebekken",2,0,0,0,0,0,0,0,0,0,0,0,0,0,0,TRUE,"<buffer",NA,c(102227.405477727, 177266.164813602),NA,NA,"OVLZWA0081",0
"craywatch_data","V_9750_6","V_9750_6_1","zgexogy3",2024,2024-09-06,50.9031710024338,3.68504699607908,6,"Bovenscheldebekken",2,0,0,0,0,0,0,0,0,0,0,0,0,0,0,TRUE,"<buffer",NA,c(101907.952959922, 177202.456867447),NA,NA,"OVLZIN0077",0
"craywatch_data","V_9800_18","V_9800_18_1","zgvjogiw",2024,2024-07-21,51.0160398,3.5349938,3,"Bekken van de Gentse Kanalen",2,0,0,0,0,0,0,0,0,0,0,0,0,0,0,TRUE,"<buffer","6021845",c(91494.448931909, 189865.448737444),"831","2",NA,2.89709769339244
"craywatch_data","V_9800_19","V_9800_19_1","yzc4njmw",2024,2024-10-05,50.9917051,3.5709575,5,"Leiebekken",2,0,0,0,0,0,0,0,0,0,0,0,0,0,0,TRUE,"<buffer","6009762",c(93988.8850153639, 187130.764122767),"4201","0",NA,13.1257501390841
"craywatch_data","V_9820_1","V_9820_1_1","mtk0mjgx",2025,2025-07-31,51.02047,3.74594,3,"Bekken van de Gentse Kanalen",2,0,0,0,0,0,0,0,0,0,0,0,0,0,0,TRUE,"<buffer",NA,c(106300.405473108, 190213.227534797),NA,NA,"OVLMRB0041",0
"craywatch_data","V_9820_9","V_9820_9_1","mdu1yja5",2024,2024-08-17,50.972361,3.711361,4,"Benedenscheldebekken",2,0,0,0,0,0,0,0,0,0,0,0,0,0,0,TRUE,"<buffer","6042860",c(103826.909918832, 184882.408654636),"5215","2",NA,0.188975123353744
"craywatch_data","V_9830_1","V_9830_1_1","otnkzgi3",2024,2024-09-22,51.027871,3.622931,5,"Leiebekken",2,0,0,0,0,0,0,0,0,0,0,0,0,0,0,TRUE,"<buffer","6009764",c(97678.0481089843, 191115.986576316),"4315","3",NA,2.77522662710061
"craywatch_data","V_9830_1","V_9830_1_2","otnkzgi3",2025,2025-08-22,51.027871,3.622931,5,"Leiebekken",2,0,0,0,0,0,0,0,0,0,0,0,0,0,0,TRUE,"<buffer","6009764",c(97678.0481089843, 191115.986576316),"4315","3",NA,2.77522662710061
"craywatch_data","V_9830_2","V_9830_2_1","otnkzgi3",2024,2024-09-30,51.0083204,3.6397151,5,"Leiebekken",2,0,0,0,0,0,0,0,0,0,0,0,0,0,0,TRUE,"<buffer","4101106",c(98834.1346183252, 188929.471928577),"4519","2",NA,0.449237391059453
"craywatch_data","V_9840_5","V_9840_5_1","nwixndkz",2024,2024-08-22,50.973235,3.700994,6,"Bovenscheldebekken",2,NA,NA,NA,NA,NA,NA,NA,0,0,0,0,0,0,0,TRUE,"<buffer",NA,c(103099.659483515, 184986.123492592),NA,NA,"OVLDPI0032",0
"craywatch_data","V_9850_1","V_9850_1_1","mtk0mjgx",2025,2025-08-07,51.09083,3.56588,3,"Bekken van de Gentse Kanalen",2,0,0,0,0,0,0,0,0,0,0,0,0,0,0,TRUE,"<buffer",NA,c(93751.5542040604, 198161.346763649),NA,NA,"OVLNEV0328",0
"craywatch_data","V_9880_5","V_9880_5_1","zgyxzdri",2025,2025-05-23,51.104322,3.4753949,2,"Bekken van de Brugse Polders",2,0,0,0,0,0,0,0,0,0,0,0,0,0,0,TRUE,"GRB/2 + buffer","6033244",c(87430.6197474966, 199734.566174736),"12","0",NA,21.4266263543198
"craywatch_data","V_9880_6","V_9880_6_1","mtk0mjgx",2025,2025-08-07,51.07416,3.39677,3,"Bekken van de Gentse Kanalen",2,0,0,0,0,0,0,0,0,0,0,0,0,0,0,TRUE,"<buffer",NA,c(81880.2850880927, 196448.472656559),NA,NA,"OVLALT0093",0
"craywatch_data","V_9890_8","V_9890_8_1","ytvimtiz",2024,2024-08-29,50.922205,3.662712,6,"Bovenscheldebekken",2,0,0,0,0,0,0,0,0,0,0,0,0,0,0,TRUE,"<buffer",NA,c(100357.06445324, 179334.445234632),NA,NA,"OVLGAV0063",0
"craywatch_data","V_9930_2","V_9930_2_1","ntiwzdk2",2024,2024-08-16,51.1239677,3.5685398,3,"Bekken van de Gentse Kanalen",2,NA,NA,NA,NA,NA,NA,NA,0,0,0,0,0,0,0,TRUE,"<buffer","6025199",c(93977.5842775287, 201845.690314584),"9","0",NA,13.259789298051
"craywatch_data","V_9940_17","V_9940_17_1","mze2mza3",2024,2024-07-23,51.1449082,3.7079786,3,"Bekken van de Gentse Kanalen",2,0,0,0,0,0,0,0,0,0,0,0,0,0,0,TRUE,"<buffer","7069542",c(103759.990043009, 204079.301995471),"25","2",NA,0.78407512222186
"gbif_data",NA,NA,NA,2010,2010-01-10,50.76898,4.33242,8,"Dijle- en Zennebekken",30,NA,NA,NA,1,NA,NA,NA,NA,NA,NA,NA,NA,NA,NA,TRUE,"<buffer",NA,c(147437.121826855, 162054.624494632),NA,NA,"VBRLKB0021",0
"gbif_data",NA,NA,NA,2010,2010-02-06,50.95485,3.64067,6,"Bovenscheldebekken",30,NA,NA,NA,1,NA,NA,NA,NA,NA,NA,NA,NA,NA,NA,FALSE,"not linked",NA,c(98842.8791079017, 182980.774418714),NA,NA,NA,NA
"gbif_data",NA,NA,NA,2010,2010-04-15,51.31368,4.80425,10,"Netebekken",30,NA,NA,NA,1,NA,NA,NA,NA,NA,NA,NA,NA,NA,NA,TRUE,"<buffer",NA,c(180364.932569389, 222740.040244666),NA,NA,"ANTBSE0209",0
"gbif_data",NA,NA,NA,2010,2010-05-30,50.84275,3.32262,5,"Leiebekken",30,NA,NA,NA,1,NA,NA,NA,NA,NA,NA,NA,NA,NA,NA,TRUE,"<buffer",NA,c(76321.5151071536, 170778.514092604),NA,NA,"WVLHAR0329",0
"gbif_data",NA,NA,NA,2010,2010-06-30,50.82305,4.64148,8,"Dijle- en Zennebekken",10,NA,NA,NA,NA,NA,NA,1,NA,NA,NA,NA,NA,NA,NA,TRUE,"<buffer","7008701",c(169216.724350565, 168104.196209041),"6551","1",NA,3.20866874749096
"gbif_data",NA,NA,NA,2010,2010-07-28,51.027954,5.77117,11,"Maasbekken",NA,NA,NA,NA,1,NA,NA,NA,NA,NA,NA,NA,NA,NA,NA,TRUE,"<buffer","6000008",c(248379.568772288, 191792.943370531),"9501","0",NA,0.979715006953224
"gbif_data",NA,NA,NA,2010,2010-10-30,51.18369,5.65741,11,"Maasbekken",30,NA,NA,NA,1,NA,NA,NA,NA,NA,NA,NA,NA,NA,NA,FALSE,"not linked",NA,c(240099.291719165, 208971.26269816),NA,NA,NA,NA
"gbif_data",NA,NA,NA,2011,2011-03-04,50.86223,5.01501,9,"Demerbekken",30,NA,NA,NA,NA,NA,NA,1,NA,NA,NA,NA,NA,NA,NA,TRUE,"<buffer",NA,c(195497.614860539, 172625.554477652),NA,NA,"VBRKRN0100",0
"gbif_data",NA,NA,NA,2011,2011-03-07,51.17404,4.19542,4,"Benedenscheldebekken",10,NA,NA,NA,1,NA,NA,NA,NA,NA,NA,NA,NA,NA,NA,TRUE,"<buffer",NA,c(137877.612446013, 207128.994333197),NA,NA,"OVLSIN0209",0
"gbif_data",NA,NA,NA,2011,2011-03-14,51.2917,3.33788,2,"Bekken van de Brugse Polders",10,1,NA,NA,NA,NA,NA,NA,NA,NA,NA,NA,NA,NA,NA,TRUE,"<buffer","6005811",c(78089.123646638, 220703.767448809),"10","0",NA,13.7787566389432
"gbif_data",NA,NA,NA,2011,2011-03-14,51.2917,3.33788,2,"Bekken van de Brugse Polders",30,1,NA,NA,NA,NA,NA,NA,NA,NA,NA,NA,NA,NA,NA,TRUE,"<buffer","6005811",c(78089.123646638, 220703.767448809),"10","0",NA,13.7787566389432
"gbif_data",NA,NA,NA,2011,2011-04-03,50.86223,5.01502,9,"Demerbekken",10,NA,NA,NA,NA,NA,NA,1,NA,NA,NA,NA,NA,NA,NA,TRUE,"<buffer",NA,c(195498.318859537, 172625.560611731),NA,NA,"VBRKRN0100",0
"gbif_data",NA,NA,NA,2011,2011-04-25,50.86222,5.01502,9,"Demerbekken",30,NA,NA,NA,NA,NA,NA,1,NA,NA,NA,NA,NA,NA,NA,TRUE,"<buffer",NA,c(195498.328551908, 172624.448241612),NA,NA,"VBRKRN0100",0
"gbif_data",NA,NA,NA,2011,2011-06-08,51.13941,5.0012,10,"Netebekken",10,NA,NA,NA,1,NA,NA,NA,NA,NA,NA,NA,NA,NA,NA,TRUE,"<buffer","5020048",c(194262.464976167, 203451.224861203),"8677","2",NA,0.496826093276439
"gbif_data",NA,NA,NA,2011,2011-07-03,51.17404,4.19542,4,"Benedenscheldebekken",30,NA,NA,NA,1,NA,NA,NA,NA,NA,NA,NA,NA,NA,NA,TRUE,"<buffer",NA,c(137877.612446013, 207128.994333197),NA,NA,"OVLSIN0209",0
"gbif_data",NA,NA,NA,2011,2011-07-05,51.08858,5.70796,11,"Maasbekken",10,1,NA,NA,NA,NA,NA,NA,NA,NA,NA,NA,NA,NA,NA,TRUE,"<buffer","28730",c(243824.171691786, 198454.465607451),"10004","1",NA,0.18272042838628
"gbif_data",NA,NA,NA,2011,2011-07-18,51.29671,5.14302,10,"Netebekken",100,NA,NA,NA,1,NA,NA,NA,NA,NA,NA,NA,NA,NA,NA,TRUE,"<buffer",NA,c(204004.967858684, 221044.732516163),NA,NA,"ANTMOL0096",0
"gbif_data",NA,NA,NA,2011,2011-07-20,51.32636,5.10159,10,"Netebekken",30,NA,NA,NA,1,NA,NA,NA,NA,NA,NA,NA,NA,NA,NA,TRUE,"<buffer",NA,c(201082.719459767, 224314.040193569),NA,NA,"ANTARE0362",0
"gbif_data",NA,NA,NA,2011,2011-07-20,51.32636,5.10159,10,"Netebekken",30,NA,NA,NA,1,NA,NA,NA,NA,NA,NA,NA,NA,NA,NA,TRUE,"<buffer",NA,c(201082.719459767, 224314.040193569),NA,NA,"ANTARE0362",0
"gbif_data",NA,NA,NA,2011,2011-07-24,51.2379,5.19531,10,"Netebekken",30,NA,NA,NA,1,NA,NA,NA,NA,NA,NA,NA,NA,NA,NA,TRUE,"<buffer",NA,c(207724.962370509, 214541.479451326),NA,NA,"ANTMOL0730",0
"gbif_data",NA,NA,NA,2011,2011-07-26,51.32636,5.10159,10,"Netebekken",30,NA,NA,NA,1,NA,NA,NA,NA,NA,NA,NA,NA,NA,NA,TRUE,"<buffer",NA,c(201082.719459767, 224314.040193569),NA,NA,"ANTARE0362",0
"gbif_data",NA,NA,NA,2011,2011-07-27,51.32636,5.10159,10,"Netebekken",30,NA,NA,NA,1,NA,NA,NA,NA,NA,NA,NA,NA,NA,NA,TRUE,"<buffer",NA,c(201082.719459767, 224314.040193569),NA,NA,"ANTARE0362",0
"gbif_data",NA,NA,NA,2011,2011-07-28,51.32636,5.10159,10,"Netebekken",30,NA,NA,NA,1,NA,NA,NA,NA,NA,NA,NA,NA,NA,NA,TRUE,"<buffer",NA,c(201082.719459767, 224314.040193569),NA,NA,"ANTARE0362",0
"gbif_data",NA,NA,NA,2011,2011-08-09,51.29627,4.96822,10,"Netebekken",100,NA,NA,NA,1,NA,NA,NA,NA,NA,NA,NA,NA,NA,NA,TRUE,"<buffer",NA,c(191813.30890119, 220882.880073701),NA,NA,"ANTTUR0207",0
"gbif_data",NA,NA,NA,2011,2011-08-17,51.25107,5.28909,11,"Maasbekken",25,NA,NA,NA,1,NA,NA,NA,NA,NA,NA,NA,NA,NA,NA,TRUE,"<buffer",NA,c(214255.902710433, 216083.708981804),NA,NA,"LIMLOM0467",0
"gbif_data",NA,NA,NA,2011,2011-08-17,51.25131,5.2906,11,"Maasbekken",10,NA,NA,NA,1,NA,NA,NA,NA,NA,NA,NA,NA,NA,NA,TRUE,"<buffer",NA,c(214360.991027566, 216111.717158058),NA,NA,"LIMLOM0467",0
"gbif_data",NA,NA,NA,2011,2011-08-17,51.25111,5.28956,11,"Maasbekken",100,NA,NA,NA,1,NA,NA,NA,NA,NA,NA,NA,NA,NA,NA,TRUE,"<buffer",NA,c(214288.660351762, 216088.566022234),NA,NA,"LIMLOM0467",0
"gbif_data",NA,NA,NA,2011,2011-08-17,51.32636,5.10159,10,"Netebekken",30,NA,NA,NA,1,NA,NA,NA,NA,NA,NA,NA,NA,NA,NA,TRUE,"<buffer",NA,c(201082.719459767, 224314.040193569),NA,NA,"ANTARE0362",0
"gbif_data",NA,NA,NA,2011,2011-08-17,51.32636,5.10159,10,"Netebekken",30,NA,NA,NA,1,NA,NA,NA,NA,NA,NA,NA,NA,NA,NA,TRUE,"<buffer",NA,c(201082.719459767, 224314.040193569),NA,NA,"ANTARE0362",0
"gbif_data",NA,NA,NA,2011,2011-08-17,51.32636,5.10159,10,"Netebekken",30,NA,NA,NA,1,NA,NA,NA,NA,NA,NA,NA,NA,NA,NA,TRUE,"<buffer",NA,c(201082.719459767, 224314.040193569),NA,NA,"ANTARE0362",0
"gbif_data",NA,NA,NA,2011,2011-09-13,51.32636,5.10159,10,"Netebekken",30,NA,NA,NA,1,NA,NA,NA,NA,NA,NA,NA,NA,NA,NA,TRUE,"<buffer",NA,c(201082.719459767, 224314.040193569),NA,NA,"ANTARE0362",0
"gbif_data",NA,NA,NA,2011,2011-09-13,51.32636,5.10159,10,"Netebekken",30,NA,NA,NA,1,NA,NA,NA,NA,NA,NA,NA,NA,NA,NA,TRUE,"<buffer",NA,c(201082.719459767, 224314.040193569),NA,NA,"ANTARE0362",0
"gbif_data",NA,NA,NA,2011,2011-09-13,51.32636,5.10159,10,"Netebekken",30,NA,NA,NA,1,NA,NA,NA,NA,NA,NA,NA,NA,NA,NA,TRUE,"<buffer",NA,c(201082.719459767, 224314.040193569),NA,NA,"ANTARE0362",0
"gbif_data",NA,NA,NA,2011,2011-09-13,51.32636,5.10159,10,"Netebekken",30,NA,NA,NA,1,NA,NA,NA,NA,NA,NA,NA,NA,NA,NA,TRUE,"<buffer",NA,c(201082.719459767, 224314.040193569),NA,NA,"ANTARE0362",0
"gbif_data",NA,NA,NA,2011,2011-09-14,51.32636,5.10159,10,"Netebekken",30,NA,NA,NA,1,NA,NA,NA,NA,NA,NA,NA,NA,NA,NA,TRUE,"<buffer",NA,c(201082.719459767, 224314.040193569),NA,NA,"ANTARE0362",0
"gbif_data",NA,NA,NA,2011,2011-09-14,51.32636,5.10159,10,"Netebekken",30,NA,NA,NA,1,NA,NA,NA,NA,NA,NA,NA,NA,NA,NA,TRUE,"<buffer",NA,c(201082.719459767, 224314.040193569),NA,NA,"ANTARE0362",0
"gbif_data",NA,NA,NA,2011,2011-09-14,51.32636,5.10159,10,"Netebekken",30,NA,NA,NA,1,NA,NA,NA,NA,NA,NA,NA,NA,NA,NA,TRUE,"<buffer",NA,c(201082.719459767, 224314.040193569),NA,NA,"ANTARE0362",0
"gbif_data",NA,NA,NA,2011,2011-09-14,51.32636,5.10159,10,"Netebekken",30,NA,NA,NA,1,NA,NA,NA,NA,NA,NA,NA,NA,NA,NA,TRUE,"<buffer",NA,c(201082.719459767, 224314.040193569),NA,NA,"ANTARE0362",0
"gbif_data",NA,NA,NA,2011,2011-09-14,51.32636,5.10159,10,"Netebekken",30,NA,NA,NA,1,NA,NA,NA,NA,NA,NA,NA,NA,NA,NA,TRUE,"<buffer",NA,c(201082.719459767, 224314.040193569),NA,NA,"ANTARE0362",0
"gbif_data",NA,NA,NA,2012,2012-01-07,51.22201,3.22772,2,"Bekken van de Brugse Polders",10,NA,NA,NA,NA,NA,NA,1,NA,NA,NA,NA,NA,NA,NA,FALSE,"not linked",NA,c(70286.2121146366, 213063.54764599),NA,NA,NA,NA
"gbif_data",NA,NA,NA,2012,2012-01-27,51.22201,3.22774,2,"Bekken van de Brugse Polders",100,NA,NA,NA,NA,NA,NA,1,NA,NA,NA,NA,NA,NA,NA,FALSE,"not linked",NA,c(70287.6092202199, 213063.526188072),NA,NA,NA,NA
"gbif_data",NA,NA,NA,2012,2012-03-23,51.20814,5.02569,10,"Netebekken",100,NA,NA,NA,1,NA,NA,NA,NA,NA,NA,NA,NA,NA,NA,TRUE,"<buffer",NA,c(195908.667342739, 211112.218791764),NA,NA,"ANTGEE0258",0
"gbif_data",NA,NA,NA,2012,2012-05-22,51.32636,5.10159,10,"Netebekken",30,NA,NA,NA,1,NA,NA,NA,NA,NA,NA,NA,NA,NA,NA,TRUE,"<buffer",NA,c(201082.719459767, 224314.040193569),NA,NA,"ANTARE0362",0
"gbif_data",NA,NA,NA,2012,2012-05-22,51.32636,5.10159,10,"Netebekken",30,NA,NA,NA,1,NA,NA,NA,NA,NA,NA,NA,NA,NA,NA,TRUE,"<buffer",NA,c(201082.719459767, 224314.040193569),NA,NA,"ANTARE0362",0
"gbif_data",NA,NA,NA,2012,2012-05-23,51.32636,5.10159,10,"Netebekken",30,NA,NA,NA,1,NA,NA,NA,NA,NA,NA,NA,NA,NA,NA,TRUE,"<buffer",NA,c(201082.719459767, 224314.040193569),NA,NA,"ANTARE0362",0
"gbif_data",NA,NA,NA,2012,2012-05-23,51.32636,5.10159,10,"Netebekken",30,NA,NA,NA,1,NA,NA,NA,NA,NA,NA,NA,NA,NA,NA,TRUE,"<buffer",NA,c(201082.719459767, 224314.040193569),NA,NA,"ANTARE0362",0
"gbif_data",NA,NA,NA,2012,2012-05-24,51.32636,5.10159,10,"Netebekken",30,NA,NA,NA,1,NA,NA,NA,NA,NA,NA,NA,NA,NA,NA,TRUE,"<buffer",NA,c(201082.719459767, 224314.040193569),NA,NA,"ANTARE0362",0
"gbif_data",NA,NA,NA,2012,2012-05-25,51.32636,5.10159,10,"Netebekken",30,NA,NA,NA,1,NA,NA,NA,NA,NA,NA,NA,NA,NA,NA,TRUE,"<buffer",NA,c(201082.719459767, 224314.040193569),NA,NA,"ANTARE0362",0
"gbif_data",NA,NA,NA,2012,2012-06-28,51.02226,4.51069,8,"Dijle- en Zennebekken",10,NA,NA,NA,1,NA,NA,NA,NA,NA,NA,NA,NA,NA,NA,TRUE,"<buffer",NA,c(159958.564644009, 190239.103680933),NA,NA,"ANTMEC0385",0
"gbif_data",NA,NA,NA,2012,2012-06-29,51.29263,3.3397,2,"Bekken van de Brugse Polders",10,1,NA,NA,NA,NA,NA,NA,NA,NA,NA,NA,NA,NA,NA,TRUE,"<buffer","6005811",c(78217.5059796498, 220805.467463822),"10","0",NA,8.82868485594
"gbif_data",NA,NA,NA,2012,2012-07-03,51.32636,5.10159,10,"Netebekken",30,NA,NA,NA,1,NA,NA,NA,NA,NA,NA,NA,NA,NA,NA,TRUE,"<buffer",NA,c(201082.719459767, 224314.040193569),NA,NA,"ANTARE0362",0
"gbif_data",NA,NA,NA,2012,2012-07-03,51.32636,5.10159,10,"Netebekken",30,NA,NA,NA,1,NA,NA,NA,NA,NA,NA,NA,NA,NA,NA,TRUE,"<buffer",NA,c(201082.719459767, 224314.040193569),NA,NA,"ANTARE0362",0
"gbif_data",NA,NA,NA,2012,2012-07-03,51.32636,5.10159,10,"Netebekken",30,NA,NA,NA,1,NA,NA,NA,NA,NA,NA,NA,NA,NA,NA,TRUE,"<buffer",NA,c(201082.719459767, 224314.040193569),NA,NA,"ANTARE0362",0
"gbif_data",NA,NA,NA,2012,2012-07-03,51.32636,5.10159,10,"Netebekken",30,NA,NA,NA,1,NA,NA,NA,NA,NA,NA,NA,NA,NA,NA,TRUE,"<buffer",NA,c(201082.719459767, 224314.040193569),NA,NA,"ANTARE0362",0
"gbif_data",NA,NA,NA,2012,2012-08-01,51.32636,5.10159,10,"Netebekken",30,NA,NA,NA,1,NA,NA,NA,NA,NA,NA,NA,NA,NA,NA,TRUE,"<buffer",NA,c(201082.719459767, 224314.040193569),NA,NA,"ANTARE0362",0
"gbif_data",NA,NA,NA,2012,2012-08-01,51.32636,5.10159,10,"Netebekken",30,NA,NA,NA,1,NA,NA,NA,NA,NA,NA,NA,NA,NA,NA,TRUE,"<buffer",NA,c(201082.719459767, 224314.040193569),NA,NA,"ANTARE0362",0
"gbif_data",NA,NA,NA,2012,2012-08-01,51.32636,5.10159,10,"Netebekken",30,NA,NA,NA,1,NA,NA,NA,NA,NA,NA,NA,NA,NA,NA,TRUE,"<buffer",NA,c(201082.719459767, 224314.040193569),NA,NA,"ANTARE0362",0
"gbif_data",NA,NA,NA,2012,2012-08-02,51.32636,5.10159,10,"Netebekken",30,NA,NA,NA,1,NA,NA,NA,NA,NA,NA,NA,NA,NA,NA,TRUE,"<buffer",NA,c(201082.719459767, 224314.040193569),NA,NA,"ANTARE0362",0
"gbif_data",NA,NA,NA,2012,2012-08-02,51.32636,5.10159,10,"Netebekken",30,NA,NA,NA,1,NA,NA,NA,NA,NA,NA,NA,NA,NA,NA,TRUE,"<buffer",NA,c(201082.719459767, 224314.040193569),NA,NA,"ANTARE0362",0
"gbif_data",NA,NA,NA,2012,2012-08-02,51.32636,5.10159,10,"Netebekken",30,NA,NA,NA,1,NA,NA,NA,NA,NA,NA,NA,NA,NA,NA,TRUE,"<buffer",NA,c(201082.719459767, 224314.040193569),NA,NA,"ANTARE0362",0
"gbif_data",NA,NA,NA,2012,2012-08-02,51.32636,5.10159,10,"Netebekken",30,NA,NA,NA,1,NA,NA,NA,NA,NA,NA,NA,NA,NA,NA,TRUE,"<buffer",NA,c(201082.719459767, 224314.040193569),NA,NA,"ANTARE0362",0
"gbif_data",NA,NA,NA,2012,2012-08-02,51.32636,5.10159,10,"Netebekken",30,NA,NA,NA,1,NA,NA,NA,NA,NA,NA,NA,NA,NA,NA,TRUE,"<buffer",NA,c(201082.719459767, 224314.040193569),NA,NA,"ANTARE0362",0
"gbif_data",NA,NA,NA,2012,2012-08-03,51.32636,5.10159,10,"Netebekken",30,NA,NA,NA,1,NA,NA,NA,NA,NA,NA,NA,NA,NA,NA,TRUE,"<buffer",NA,c(201082.719459767, 224314.040193569),NA,NA,"ANTARE0362",0
"gbif_data",NA,NA,NA,2012,2012-08-03,51.32636,5.10159,10,"Netebekken",30,NA,NA,NA,1,NA,NA,NA,NA,NA,NA,NA,NA,NA,NA,TRUE,"<buffer",NA,c(201082.719459767, 224314.040193569),NA,NA,"ANTARE0362",0
"gbif_data",NA,NA,NA,2012,2012-08-03,51.32636,5.10159,10,"Netebekken",30,NA,NA,NA,1,NA,NA,NA,NA,NA,NA,NA,NA,NA,NA,TRUE,"<buffer",NA,c(201082.719459767, 224314.040193569),NA,NA,"ANTARE0362",0
"gbif_data",NA,NA,NA,2012,2012-08-17,50.98789,4.50556,8,"Dijle- en Zennebekken",100,1,NA,NA,NA,NA,NA,NA,NA,NA,NA,NA,NA,NA,NA,TRUE,"<buffer",NA,c(159605.71045839, 186414.904135885),NA,NA,"VBRZEM0090",0
"gbif_data",NA,NA,NA,2012,2012-09-08,51.1962,4.77256,10,"Netebekken",10,NA,NA,NA,1,NA,NA,NA,NA,NA,NA,NA,NA,NA,NA,TRUE,"<buffer","6011522",c(178226.549014292, 209657.346313568),"8504","1",NA,7.18377332787209
"gbif_data",NA,NA,NA,2012,2012-09-08,51.19602,4.77198,10,"Netebekken",10,NA,NA,NA,1,NA,NA,NA,NA,NA,NA,NA,NA,NA,NA,TRUE,"<buffer","6011522",c(178186.115275352, 209637.10025133),"8504","1",NA,5.7959302853384
"gbif_data",NA,NA,NA,2012,2012-09-15,51.20939,3.11263,2,"Bekken van de Brugse Polders",10,1,NA,NA,NA,NA,NA,NA,NA,NA,NA,NA,NA,NA,NA,TRUE,"<buffer","6002053",c(62222.9291179201, 211789.428697599),"2395","2",NA,1.84170826941299
"gbif_data",NA,NA,NA,2012,2012-09-15,51.24347,5.03734,10,"Netebekken",10,NA,NA,NA,1,NA,NA,NA,NA,NA,NA,NA,NA,NA,NA,TRUE,"<buffer","7029410",c(196687.357989161, 215049.969301714),"8502","1",NA,1.19008307035591
"gbif_data",NA,NA,NA,2012,2012-09-17,51.26902,3.30043,2,"Bekken van de Brugse Polders",100,1,NA,NA,NA,NA,NA,NA,NA,NA,NA,NA,NA,NA,NA,FALSE,"not linked",NA,c(75440.6258503961, 218217.615802008),NA,NA,NA,NA
"gbif_data",NA,NA,NA,2012,2012-09-24,51.23312,3.21338,2,"Bekken van de Brugse Polders",10,1,NA,NA,NA,NA,NA,NA,NA,NA,NA,NA,NA,NA,NA,TRUE,"<buffer","5012572",c(69303.709695148, 214314.922932106),"32203","2",NA,8.42659516600896
"gbif_data",NA,NA,NA,2012,2012-09-26,51.32636,5.10159,10,"Netebekken",30,NA,NA,NA,1,NA,NA,NA,NA,NA,NA,NA,NA,NA,NA,TRUE,"<buffer",NA,c(201082.719459767, 224314.040193569),NA,NA,"ANTARE0362",0
"gbif_data",NA,NA,NA,2012,2012-09-26,51.32636,5.10159,10,"Netebekken",30,NA,NA,NA,1,NA,NA,NA,NA,NA,NA,NA,NA,NA,NA,TRUE,"<buffer",NA,c(201082.719459767, 224314.040193569),NA,NA,"ANTARE0362",0
"gbif_data",NA,NA,NA,2012,2012-09-26,51.32636,5.10159,10,"Netebekken",30,NA,NA,NA,1,NA,NA,NA,NA,NA,NA,NA,NA,NA,NA,TRUE,"<buffer",NA,c(201082.719459767, 224314.040193569),NA,NA,"ANTARE0362",0
"gbif_data",NA,NA,NA,2012,2012-09-26,51.32636,5.10159,10,"Netebekken",30,NA,NA,NA,1,NA,NA,NA,NA,NA,NA,NA,NA,NA,NA,TRUE,"<buffer",NA,c(201082.719459767, 224314.040193569),NA,NA,"ANTARE0362",0
"gbif_data",NA,NA,NA,2012,2012-09-26,51.32636,5.10159,10,"Netebekken",30,NA,NA,NA,1,NA,NA,NA,NA,NA,NA,NA,NA,NA,NA,TRUE,"<buffer",NA,c(201082.719459767, 224314.040193569),NA,NA,"ANTARE0362",0
"gbif_data",NA,NA,NA,2012,2012-09-26,51.32636,5.10159,10,"Netebekken",30,NA,NA,NA,1,NA,NA,NA,NA,NA,NA,NA,NA,NA,NA,TRUE,"<buffer",NA,c(201082.719459767, 224314.040193569),NA,NA,"ANTARE0362",0
"gbif_data",NA,NA,NA,2012,2012-09-27,51.32636,5.10159,10,"Netebekken",30,NA,NA,NA,1,NA,NA,NA,NA,NA,NA,NA,NA,NA,NA,TRUE,"<buffer",NA,c(201082.719459767, 224314.040193569),NA,NA,"ANTARE0362",0
"gbif_data",NA,NA,NA,2012,2012-09-27,51.32636,5.10159,10,"Netebekken",30,NA,NA,NA,1,NA,NA,NA,NA,NA,NA,NA,NA,NA,NA,TRUE,"<buffer",NA,c(201082.719459767, 224314.040193569),NA,NA,"ANTARE0362",0
"gbif_data",NA,NA,NA,2012,2012-09-27,51.32636,5.10159,10,"Netebekken",30,NA,NA,NA,1,NA,NA,NA,NA,NA,NA,NA,NA,NA,NA,TRUE,"<buffer",NA,c(201082.719459767, 224314.040193569),NA,NA,"ANTARE0362",0
"gbif_data",NA,NA,NA,2012,2012-09-27,51.32636,5.10159,10,"Netebekken",30,NA,NA,NA,1,NA,NA,NA,NA,NA,NA,NA,NA,NA,NA,TRUE,"<buffer",NA,c(201082.719459767, 224314.040193569),NA,NA,"ANTARE0362",0
"gbif_data",NA,NA,NA,2012,2012-09-27,51.32636,5.10159,10,"Netebekken",30,NA,NA,NA,1,NA,NA,NA,NA,NA,NA,NA,NA,NA,NA,TRUE,"<buffer",NA,c(201082.719459767, 224314.040193569),NA,NA,"ANTARE0362",0
"gbif_data",NA,NA,NA,2012,2012-09-27,51.32636,5.10159,10,"Netebekken",30,NA,NA,NA,1,NA,NA,NA,NA,NA,NA,NA,NA,NA,NA,TRUE,"<buffer",NA,c(201082.719459767, 224314.040193569),NA,NA,"ANTARE0362",0
"gbif_data",NA,NA,NA,2012,2012-09-28,51.32636,5.10159,10,"Netebekken",30,NA,NA,NA,1,NA,NA,NA,NA,NA,NA,NA,NA,NA,NA,TRUE,"<buffer",NA,c(201082.719459767, 224314.040193569),NA,NA,"ANTARE0362",0
"gbif_data",NA,NA,NA,2012,2012-09-28,51.32636,5.10159,10,"Netebekken",30,NA,NA,NA,1,NA,NA,NA,NA,NA,NA,NA,NA,NA,NA,TRUE,"<buffer",NA,c(201082.719459767, 224314.040193569),NA,NA,"ANTARE0362",0
"gbif_data",NA,NA,NA,2012,2012-09-28,51.32636,5.10159,10,"Netebekken",30,NA,NA,NA,1,NA,NA,NA,NA,NA,NA,NA,NA,NA,NA,TRUE,"<buffer",NA,c(201082.719459767, 224314.040193569),NA,NA,"ANTARE0362",0
"gbif_data",NA,NA,NA,2012,2012-09-28,51.32636,5.10159,10,"Netebekken",30,NA,NA,NA,1,NA,NA,NA,NA,NA,NA,NA,NA,NA,NA,TRUE,"<buffer",NA,c(201082.719459767, 224314.040193569),NA,NA,"ANTARE0362",0
"gbif_data",NA,NA,NA,2012,2012-09-28,51.32636,5.10159,10,"Netebekken",30,NA,NA,NA,1,NA,NA,NA,NA,NA,NA,NA,NA,NA,NA,TRUE,"<buffer",NA,c(201082.719459767, 224314.040193569),NA,NA,"ANTARE0362",0
"gbif_data",NA,NA,NA,2012,2012-09-28,51.0767,4.17751,4,"Benedenscheldebekken",100,1,NA,NA,NA,NA,NA,NA,NA,NA,NA,NA,NA,NA,NA,FALSE,"not linked",NA,c(136597.282717664, 196302.952386572),NA,NA,NA,NA
"gbif_data",NA,NA,NA,2012,2012-10-01,51.04253,4.15835,4,"Benedenscheldebekken",100,NA,NA,NA,1,NA,NA,NA,NA,NA,NA,NA,NA,NA,NA,TRUE,"<buffer",NA,c(135243.794756245, 192505.239596392),NA,NA,"OVLDND0275",0
"gbif_data",NA,NA,NA,2013,2013-03-18,51.25088,3.14372,2,"Bekken van de Brugse Polders",10,1,NA,NA,NA,NA,NA,NA,NA,NA,NA,NA,NA,NA,NA,FALSE,"not linked",NA,c(64471.380407609, 216368.495979575),NA,NA,NA,NA
"gbif_data",NA,NA,NA,2013,2013-04-02,50.91446,5.43673,9,"Demerbekken",10,NA,NA,NA,1,NA,NA,NA,NA,NA,NA,NA,NA,NA,NA,TRUE,"<buffer",NA,c(225102.146897889, 178778.120188816),NA,NA,"LIMDPB0150",2.02393836662131
"gbif_data",NA,NA,NA,2013,2013-04-02,50.91456,5.43697,9,"Demerbekken",10,NA,NA,NA,1,NA,NA,NA,NA,NA,NA,NA,NA,NA,NA,TRUE,"<buffer",NA,c(225118.862850481, 178789.486262479),NA,NA,"LIMDPB0150",4.03563734718087
"gbif_data",NA,NA,NA,2013,2013-04-23,51.32636,5.10159,10,"Netebekken",30,NA,NA,NA,1,NA,NA,NA,NA,NA,NA,NA,NA,NA,NA,TRUE,"<buffer",NA,c(201082.719459767, 224314.040193569),NA,NA,"ANTARE0362",0
"gbif_data",NA,NA,NA,2013,2013-04-23,51.32636,5.10159,10,"Netebekken",30,NA,NA,NA,1,NA,NA,NA,NA,NA,NA,NA,NA,NA,NA,TRUE,"<buffer",NA,c(201082.719459767, 224314.040193569),NA,NA,"ANTARE0362",0
"gbif_data",NA,NA,NA,2013,2013-04-23,51.32636,5.10159,10,"Netebekken",30,NA,NA,NA,1,NA,NA,NA,NA,NA,NA,NA,NA,NA,NA,TRUE,"<buffer",NA,c(201082.719459767, 224314.040193569),NA,NA,"ANTARE0362",0
"gbif_data",NA,NA,NA,2013,2013-04-24,51.32634,5.10743,10,"Netebekken",30,NA,NA,NA,1,NA,NA,NA,NA,NA,NA,NA,NA,NA,NA,TRUE,"<buffer",NA,c(201489.811499074, 224315.852706982),NA,NA,"ANTARE0229",0
"gbif_data",NA,NA,NA,2013,2013-04-24,51.32634,5.10743,10,"Netebekken",30,NA,NA,NA,1,NA,NA,NA,NA,NA,NA,NA,NA,NA,NA,TRUE,"<buffer",NA,c(201489.811499074, 224315.852706982),NA,NA,"ANTARE0229",0
"gbif_data",NA,NA,NA,2013,2013-04-24,51.32634,5.10743,10,"Netebekken",30,NA,NA,NA,1,NA,NA,NA,NA,NA,NA,NA,NA,NA,NA,TRUE,"<buffer",NA,c(201489.811499074, 224315.852706982),NA,NA,"ANTARE0229",0
"gbif_data",NA,NA,NA,2013,2013-04-25,51.32551,5.1102,10,"Netebekken",30,NA,NA,NA,1,NA,NA,NA,NA,NA,NA,NA,NA,NA,NA,TRUE,"<buffer",NA,c(201683.813824124, 224225.438258577),NA,NA,"ANTARE0300",0
"gbif_data",NA,NA,NA,2013,2013-04-30,51.32636,5.10159,10,"Netebekken",30,NA,NA,NA,1,NA,NA,NA,NA,NA,NA,NA,NA,NA,NA,TRUE,"<buffer",NA,c(201082.719459767, 224314.040193569),NA,NA,"ANTARE0362",0
"gbif_data",NA,NA,NA,2013,2013-04-30,51.32636,5.10159,10,"Netebekken",30,NA,NA,NA,1,NA,NA,NA,NA,NA,NA,NA,NA,NA,NA,TRUE,"<buffer",NA,c(201082.719459767, 224314.040193569),NA,NA,"ANTARE0362",0
"gbif_data",NA,NA,NA,2013,2013-05-07,51.32634,5.10743,10,"Netebekken",30,NA,NA,NA,1,NA,NA,NA,NA,NA,NA,NA,NA,NA,NA,TRUE,"<buffer",NA,c(201489.811499074, 224315.852706982),NA,NA,"ANTARE0229",0
"gbif_data",NA,NA,NA,2013,2013-05-07,51.32634,5.10743,10,"Netebekken",30,NA,NA,NA,1,NA,NA,NA,NA,NA,NA,NA,NA,NA,NA,TRUE,"<buffer",NA,c(201489.811499074, 224315.852706982),NA,NA,"ANTARE0229",0
"gbif_data",NA,NA,NA,2013,2013-05-07,51.32634,5.10743,10,"Netebekken",30,NA,NA,NA,1,NA,NA,NA,NA,NA,NA,NA,NA,NA,NA,TRUE,"<buffer",NA,c(201489.811499074, 224315.852706982),NA,NA,"ANTARE0229",0
"gbif_data",NA,NA,NA,2013,2013-05-08,51.32634,5.10743,10,"Netebekken",30,NA,NA,NA,1,NA,NA,NA,NA,NA,NA,NA,NA,NA,NA,TRUE,"<buffer",NA,c(201489.811499074, 224315.852706982),NA,NA,"ANTARE0229",0
"gbif_data",NA,NA,NA,2013,2013-05-29,51.32636,5.10159,10,"Netebekken",30,NA,NA,NA,1,NA,NA,NA,NA,NA,NA,NA,NA,NA,NA,TRUE,"<buffer",NA,c(201082.719459767, 224314.040193569),NA,NA,"ANTARE0362",0
"gbif_data",NA,NA,NA,2013,2013-05-29,51.32636,5.10159,10,"Netebekken",30,NA,NA,NA,1,NA,NA,NA,NA,NA,NA,NA,NA,NA,NA,TRUE,"<buffer",NA,c(201082.719459767, 224314.040193569),NA,NA,"ANTARE0362",0
"gbif_data",NA,NA,NA,2013,2013-05-30,51.32636,5.10159,10,"Netebekken",30,NA,NA,NA,1,NA,NA,NA,NA,NA,NA,NA,NA,NA,NA,TRUE,"<buffer",NA,c(201082.719459767, 224314.040193569),NA,NA,"ANTARE0362",0
"gbif_data",NA,NA,NA,2013,2013-05-30,51.32636,5.10159,10,"Netebekken",30,NA,NA,NA,1,NA,NA,NA,NA,NA,NA,NA,NA,NA,NA,TRUE,"<buffer",NA,c(201082.719459767, 224314.040193569),NA,NA,"ANTARE0362",0
"gbif_data",NA,NA,NA,2013,2013-05-30,51.32636,5.10159,10,"Netebekken",30,NA,NA,NA,1,NA,NA,NA,NA,NA,NA,NA,NA,NA,NA,TRUE,"<buffer",NA,c(201082.719459767, 224314.040193569),NA,NA,"ANTARE0362",0
"gbif_data",NA,NA,NA,2013,2013-05-30,51.32636,5.10159,10,"Netebekken",30,NA,NA,NA,1,NA,NA,NA,NA,NA,NA,NA,NA,NA,NA,TRUE,"<buffer",NA,c(201082.719459767, 224314.040193569),NA,NA,"ANTARE0362",0
"gbif_data",NA,NA,NA,2013,2013-05-30,51.32636,5.10159,10,"Netebekken",30,NA,NA,NA,1,NA,NA,NA,NA,NA,NA,NA,NA,NA,NA,TRUE,"<buffer",NA,c(201082.719459767, 224314.040193569),NA,NA,"ANTARE0362",0
"gbif_data",NA,NA,NA,2013,2013-06-11,51.32634,5.10743,10,"Netebekken",30,NA,NA,NA,1,NA,NA,NA,NA,NA,NA,NA,NA,NA,NA,TRUE,"<buffer",NA,c(201489.811499074, 224315.852706982),NA,NA,"ANTARE0229",0
"gbif_data",NA,NA,NA,2013,2013-06-11,51.32634,5.10743,10,"Netebekken",30,NA,NA,NA,1,NA,NA,NA,NA,NA,NA,NA,NA,NA,NA,TRUE,"<buffer",NA,c(201489.811499074, 224315.852706982),NA,NA,"ANTARE0229",0
"gbif_data",NA,NA,NA,2013,2013-07-02,51.32636,5.10159,10,"Netebekken",30,NA,NA,NA,1,NA,NA,NA,NA,NA,NA,NA,NA,NA,NA,TRUE,"<buffer",NA,c(201082.719459767, 224314.040193569),NA,NA,"ANTARE0362",0
"gbif_data",NA,NA,NA,2013,2013-07-02,51.32636,5.10159,10,"Netebekken",30,NA,NA,NA,1,NA,NA,NA,NA,NA,NA,NA,NA,NA,NA,TRUE,"<buffer",NA,c(201082.719459767, 224314.040193569),NA,NA,"ANTARE0362",0
"gbif_data",NA,NA,NA,2013,2013-07-02,51.32636,5.10159,10,"Netebekken",30,NA,NA,NA,1,NA,NA,NA,NA,NA,NA,NA,NA,NA,NA,TRUE,"<buffer",NA,c(201082.719459767, 224314.040193569),NA,NA,"ANTARE0362",0
"gbif_data",NA,NA,NA,2013,2013-07-02,51.32636,5.10159,10,"Netebekken",30,NA,NA,NA,1,NA,NA,NA,NA,NA,NA,NA,NA,NA,NA,TRUE,"<buffer",NA,c(201082.719459767, 224314.040193569),NA,NA,"ANTARE0362",0
"gbif_data",NA,NA,NA,2013,2013-07-02,51.32636,5.10159,10,"Netebekken",30,NA,NA,NA,1,NA,NA,NA,NA,NA,NA,NA,NA,NA,NA,TRUE,"<buffer",NA,c(201082.719459767, 224314.040193569),NA,NA,"ANTARE0362",0
"gbif_data",NA,NA,NA,2013,2013-07-03,51.32636,5.10159,10,"Netebekken",30,NA,NA,NA,1,NA,NA,NA,NA,NA,NA,NA,NA,NA,NA,TRUE,"<buffer",NA,c(201082.719459767, 224314.040193569),NA,NA,"ANTARE0362",0
"gbif_data",NA,NA,NA,2013,2013-07-03,51.32636,5.10159,10,"Netebekken",30,NA,NA,NA,1,NA,NA,NA,NA,NA,NA,NA,NA,NA,NA,TRUE,"<buffer",NA,c(201082.719459767, 224314.040193569),NA,NA,"ANTARE0362",0
"gbif_data",NA,NA,NA,2013,2013-07-03,51.32636,5.10159,10,"Netebekken",30,NA,NA,NA,1,NA,NA,NA,NA,NA,NA,NA,NA,NA,NA,TRUE,"<buffer",NA,c(201082.719459767, 224314.040193569),NA,NA,"ANTARE0362",0
"gbif_data",NA,NA,NA,2013,2013-07-03,51.32636,5.10159,10,"Netebekken",30,NA,NA,NA,1,NA,NA,NA,NA,NA,NA,NA,NA,NA,NA,TRUE,"<buffer",NA,c(201082.719459767, 224314.040193569),NA,NA,"ANTARE0362",0
"gbif_data",NA,NA,NA,2013,2013-07-03,51.32636,5.10159,10,"Netebekken",30,NA,NA,NA,1,NA,NA,NA,NA,NA,NA,NA,NA,NA,NA,TRUE,"<buffer",NA,c(201082.719459767, 224314.040193569),NA,NA,"ANTARE0362",0
"gbif_data",NA,NA,NA,2013,2013-07-07,50.827,3.33761,5,"Leiebekken",10,NA,NA,NA,1,NA,NA,NA,NA,NA,NA,NA,NA,NA,NA,FALSE,"not linked",NA,c(77352.8700700239, 169011.889047923),NA,NA,NA,NA
"gbif_data",NA,NA,NA,2013,2013-07-16,51.32634,5.10743,10,"Netebekken",30,NA,NA,NA,1,NA,NA,NA,NA,NA,NA,NA,NA,NA,NA,TRUE,"<buffer",NA,c(201489.811499074, 224315.852706982),NA,NA,"ANTARE0229",0
"gbif_data",NA,NA,NA,2013,2013-07-18,51.07281,4.17211,4,"Benedenscheldebekken",10,1,NA,NA,NA,NA,NA,NA,NA,NA,NA,NA,NA,NA,NA,TRUE,"<buffer",NA,c(136217.703236816, 195871.181526415),NA,NA,"OVLHME0249",7.90286306625407
"gbif_data",NA,NA,NA,2013,2013-07-18,51.29231,3.3387,2,"Bekken van de Brugse Polders",100,1,NA,NA,NA,NA,NA,NA,NA,NA,NA,NA,NA,NA,NA,TRUE,"<buffer","6005811",c(78147.2614267111, 220770.834923075),"10","0",NA,5.32065953786564
"gbif_data",NA,NA,NA,2013,2013-07-23,51.03575,4.41494,8,"Dijle- en Zennebekken",10,NA,NA,1,NA,NA,NA,NA,NA,NA,NA,NA,NA,NA,NA,FALSE,"not linked",NA,c(153239.533965582, 191731.251450775),NA,NA,NA,NA
"gbif_data",NA,NA,NA,2013,2013-07-24,51.32634,5.10743,10,"Netebekken",30,NA,NA,NA,1,NA,NA,NA,NA,NA,NA,NA,NA,NA,NA,TRUE,"<buffer",NA,c(201489.811499074, 224315.852706982),NA,NA,"ANTARE0229",0
"gbif_data",NA,NA,NA,2013,2013-07-24,51.32634,5.10743,10,"Netebekken",30,NA,NA,NA,1,NA,NA,NA,NA,NA,NA,NA,NA,NA,NA,TRUE,"<buffer",NA,c(201489.811499074, 224315.852706982),NA,NA,"ANTARE0229",0
"gbif_data",NA,NA,NA,2013,2013-07-24,51.32634,5.10743,10,"Netebekken",30,NA,NA,NA,1,NA,NA,NA,NA,NA,NA,NA,NA,NA,NA,TRUE,"<buffer",NA,c(201489.811499074, 224315.852706982),NA,NA,"ANTARE0229",0
"gbif_data",NA,NA,NA,2013,2013-07-25,51.32634,5.10743,10,"Netebekken",30,NA,NA,NA,1,NA,NA,NA,NA,NA,NA,NA,NA,NA,NA,TRUE,"<buffer",NA,c(201489.811499074, 224315.852706982),NA,NA,"ANTARE0229",0
"gbif_data",NA,NA,NA,2013,2013-07-25,51.32634,5.10743,10,"Netebekken",30,NA,NA,NA,1,NA,NA,NA,NA,NA,NA,NA,NA,NA,NA,TRUE,"<buffer",NA,c(201489.811499074, 224315.852706982),NA,NA,"ANTARE0229",0
"gbif_data",NA,NA,NA,2013,2013-07-29,50.81319,4.62239,8,"Dijle- en Zennebekken",10,NA,NA,NA,NA,NA,NA,1,NA,NA,NA,NA,NA,NA,NA,TRUE,"<buffer","6017046",c(167875.384099032, 167002.597283278),"6556","1",NA,1.1091720792009
"gbif_data",NA,NA,NA,2013,2013-08-06,51.2515,3.19613,2,"Bekken van de Brugse Polders",10,1,NA,NA,NA,NA,NA,NA,NA,NA,NA,NA,NA,NA,NA,TRUE,"<buffer","6038481",c(68131.2724336207, 216378.422064432),"2507","2",NA,8.09740400064473
"gbif_data",NA,NA,NA,2013,2013-08-06,51.32636,5.10159,10,"Netebekken",30,NA,NA,NA,1,NA,NA,NA,NA,NA,NA,NA,NA,NA,NA,TRUE,"<buffer",NA,c(201082.719459767, 224314.040193569),NA,NA,"ANTARE0362",0
"gbif_data",NA,NA,NA,2013,2013-08-06,51.32636,5.10159,10,"Netebekken",30,NA,NA,NA,1,NA,NA,NA,NA,NA,NA,NA,NA,NA,NA,TRUE,"<buffer",NA,c(201082.719459767, 224314.040193569),NA,NA,"ANTARE0362",0
"gbif_data",NA,NA,NA,2013,2013-08-06,51.32636,5.10159,10,"Netebekken",30,NA,NA,NA,1,NA,NA,NA,NA,NA,NA,NA,NA,NA,NA,TRUE,"<buffer",NA,c(201082.719459767, 224314.040193569),NA,NA,"ANTARE0362",0
"gbif_data",NA,NA,NA,2013,2013-08-06,51.32636,5.10159,10,"Netebekken",30,NA,NA,NA,1,NA,NA,NA,NA,NA,NA,NA,NA,NA,NA,TRUE,"<buffer",NA,c(201082.719459767, 224314.040193569),NA,NA,"ANTARE0362",0
"gbif_data",NA,NA,NA,2013,2013-08-06,51.32636,5.10159,10,"Netebekken",30,NA,NA,NA,1,NA,NA,NA,NA,NA,NA,NA,NA,NA,NA,TRUE,"<buffer",NA,c(201082.719459767, 224314.040193569),NA,NA,"ANTARE0362",0
"gbif_data",NA,NA,NA,2013,2013-08-07,51.32636,5.10159,10,"Netebekken",30,NA,NA,NA,1,NA,NA,NA,NA,NA,NA,NA,NA,NA,NA,TRUE,"<buffer",NA,c(201082.719459767, 224314.040193569),NA,NA,"ANTARE0362",0
"gbif_data",NA,NA,NA,2013,2013-08-07,51.32636,5.10159,10,"Netebekken",30,NA,NA,NA,1,NA,NA,NA,NA,NA,NA,NA,NA,NA,NA,TRUE,"<buffer",NA,c(201082.719459767, 224314.040193569),NA,NA,"ANTARE0362",0
"gbif_data",NA,NA,NA,2013,2013-08-07,51.32636,5.10159,10,"Netebekken",30,NA,NA,NA,1,NA,NA,NA,NA,NA,NA,NA,NA,NA,NA,TRUE,"<buffer",NA,c(201082.719459767, 224314.040193569),NA,NA,"ANTARE0362",0
"gbif_data",NA,NA,NA,2013,2013-08-07,51.32636,5.10159,10,"Netebekken",30,NA,NA,NA,1,NA,NA,NA,NA,NA,NA,NA,NA,NA,NA,TRUE,"<buffer",NA,c(201082.719459767, 224314.040193569),NA,NA,"ANTARE0362",0
"gbif_data",NA,NA,NA,2013,2013-08-08,51.32636,5.10159,10,"Netebekken",30,NA,NA,NA,1,NA,NA,NA,NA,NA,NA,NA,NA,NA,NA,TRUE,"<buffer",NA,c(201082.719459767, 224314.040193569),NA,NA,"ANTARE0362",0
"gbif_data",NA,NA,NA,2013,2013-08-08,51.32636,5.10159,10,"Netebekken",30,NA,NA,NA,1,NA,NA,NA,NA,NA,NA,NA,NA,NA,NA,TRUE,"<buffer",NA,c(201082.719459767, 224314.040193569),NA,NA,"ANTARE0362",0
"gbif_data",NA,NA,NA,2013,2013-08-08,51.32636,5.10159,10,"Netebekken",30,NA,NA,NA,1,NA,NA,NA,NA,NA,NA,NA,NA,NA,NA,TRUE,"<buffer",NA,c(201082.719459767, 224314.040193569),NA,NA,"ANTARE0362",0
"gbif_data",NA,NA,NA,2013,2013-08-08,51.32636,5.10159,10,"Netebekken",30,NA,NA,NA,1,NA,NA,NA,NA,NA,NA,NA,NA,NA,NA,TRUE,"<buffer",NA,c(201082.719459767, 224314.040193569),NA,NA,"ANTARE0362",0
"gbif_data",NA,NA,NA,2013,2013-08-09,51.32636,5.10159,10,"Netebekken",30,NA,NA,NA,1,NA,NA,NA,NA,NA,NA,NA,NA,NA,NA,TRUE,"<buffer",NA,c(201082.719459767, 224314.040193569),NA,NA,"ANTARE0362",0
"gbif_data",NA,NA,NA,2013,2013-08-09,51.32636,5.10159,10,"Netebekken",30,NA,NA,NA,1,NA,NA,NA,NA,NA,NA,NA,NA,NA,NA,TRUE,"<buffer",NA,c(201082.719459767, 224314.040193569),NA,NA,"ANTARE0362",0
"gbif_data",NA,NA,NA,2013,2013-08-09,51.32636,5.10159,10,"Netebekken",30,NA,NA,NA,1,NA,NA,NA,NA,NA,NA,NA,NA,NA,NA,TRUE,"<buffer",NA,c(201082.719459767, 224314.040193569),NA,NA,"ANTARE0362",0
"gbif_data",NA,NA,NA,2013,2013-08-20,51.32634,5.10743,10,"Netebekken",30,NA,NA,NA,1,NA,NA,NA,NA,NA,NA,NA,NA,NA,NA,TRUE,"<buffer",NA,c(201489.811499074, 224315.852706982),NA,NA,"ANTARE0229",0
"gbif_data",NA,NA,NA,2013,2013-08-20,51.32634,5.10743,10,"Netebekken",30,NA,NA,NA,1,NA,NA,NA,NA,NA,NA,NA,NA,NA,NA,TRUE,"<buffer",NA,c(201489.811499074, 224315.852706982),NA,NA,"ANTARE0229",0
"gbif_data",NA,NA,NA,2013,2013-08-20,51.32634,5.10743,10,"Netebekken",30,NA,NA,NA,1,NA,NA,NA,NA,NA,NA,NA,NA,NA,NA,TRUE,"<buffer",NA,c(201489.811499074, 224315.852706982),NA,NA,"ANTARE0229",0
"gbif_data",NA,NA,NA,2013,2013-08-20,51.32634,5.10743,10,"Netebekken",30,NA,NA,NA,1,NA,NA,NA,NA,NA,NA,NA,NA,NA,NA,TRUE,"<buffer",NA,c(201489.811499074, 224315.852706982),NA,NA,"ANTARE0229",0
"gbif_data",NA,NA,NA,2013,2013-08-21,51.32634,5.10743,10,"Netebekken",30,NA,NA,NA,1,NA,NA,NA,NA,NA,NA,NA,NA,NA,NA,TRUE,"<buffer",NA,c(201489.811499074, 224315.852706982),NA,NA,"ANTARE0229",0
"gbif_data",NA,NA,NA,2013,2013-08-22,51.32634,5.10743,10,"Netebekken",30,NA,NA,NA,1,NA,NA,NA,NA,NA,NA,NA,NA,NA,NA,TRUE,"<buffer",NA,c(201489.811499074, 224315.852706982),NA,NA,"ANTARE0229",0
"gbif_data",NA,NA,NA,2013,2013-08-22,51.32634,5.10743,10,"Netebekken",30,NA,NA,NA,1,NA,NA,NA,NA,NA,NA,NA,NA,NA,NA,TRUE,"<buffer",NA,c(201489.811499074, 224315.852706982),NA,NA,"ANTARE0229",0
"gbif_data",NA,NA,NA,2013,2013-09-05,51.26033,3.28406,2,"Bekken van de Brugse Polders",10,1,NA,NA,NA,NA,NA,NA,NA,NA,NA,NA,NA,NA,NA,TRUE,"<buffer","5002748",c(74284.1189559141, 217267.451928165),"2139","2",NA,1.06483582799129
"gbif_data",NA,NA,NA,2013,2013-09-05,51.32568,5.03033,10,"Netebekken",10,NA,NA,NA,1,NA,NA,NA,NA,NA,NA,NA,NA,NA,NA,TRUE,"<buffer","1000356",c(196116.280549835, 224191.698671564),"9013","2",NA,1.02025034841261
"gbif_data",NA,NA,NA,2013,2013-09-07,51.03044,5.75759,11,"Maasbekken",10,NA,NA,NA,1,NA,NA,NA,NA,NA,NA,NA,NA,NA,NA,TRUE,"<buffer",NA,c(247421.866787048, 192051.540275543),NA,NA,"LIMDST0213",6.07165833798528
"gbif_data",NA,NA,NA,2013,2013-09-17,51.32634,5.10743,10,"Netebekken",30,NA,NA,NA,1,NA,NA,NA,NA,NA,NA,NA,NA,NA,NA,TRUE,"<buffer",NA,c(201489.811499074, 224315.852706982),NA,NA,"ANTARE0229",0
"gbif_data",NA,NA,NA,2013,2013-09-18,51.32634,5.10743,10,"Netebekken",30,NA,NA,NA,1,NA,NA,NA,NA,NA,NA,NA,NA,NA,NA,TRUE,"<buffer",NA,c(201489.811499074, 224315.852706982),NA,NA,"ANTARE0229",0
"gbif_data",NA,NA,NA,2013,2013-09-18,51.32634,5.10743,10,"Netebekken",30,NA,NA,NA,1,NA,NA,NA,NA,NA,NA,NA,NA,NA,NA,TRUE,"<buffer",NA,c(201489.811499074, 224315.852706982),NA,NA,"ANTARE0229",0
"gbif_data",NA,NA,NA,2013,2013-09-19,51.32634,5.10743,10,"Netebekken",30,NA,NA,NA,1,NA,NA,NA,NA,NA,NA,NA,NA,NA,NA,TRUE,"<buffer",NA,c(201489.811499074, 224315.852706982),NA,NA,"ANTARE0229",0
"gbif_data",NA,NA,NA,2013,2013-09-19,51.32634,5.10743,10,"Netebekken",30,NA,NA,NA,1,NA,NA,NA,NA,NA,NA,NA,NA,NA,NA,TRUE,"<buffer",NA,c(201489.811499074, 224315.852706982),NA,NA,"ANTARE0229",0
"gbif_data",NA,NA,NA,2013,2013-09-30,51.26032,3.28633,2,"Bekken van de Brugse Polders",10,1,NA,NA,NA,NA,NA,NA,NA,NA,NA,NA,NA,NA,NA,FALSE,"not linked",NA,c(74442.5457471761, 217264.028632893),NA,NA,NA,NA
"gbif_data",NA,NA,NA,2013,2013-10-10,51.10793,5.82224,11,"Maasbekken",30,NA,NA,NA,1,NA,NA,NA,NA,NA,NA,NA,NA,NA,NA,TRUE,"<buffer","6e+06",c(251787.449020859, 200757.372207803),"9501","0",NA,0.414041397267692
"gbif_data",NA,NA,NA,2013,2013-11-09,51.2837,4.39579,4,"Benedenscheldebekken",100,NA,NA,NA,1,NA,NA,NA,NA,NA,NA,NA,NA,NA,NA,TRUE,"<buffer",NA,c(151886.001175499, 219315.54773753),NA,NA,"ANTANT0297",0
"gbif_data",NA,NA,NA,2013,2013-11-23,51.2837,4.39579,4,"Benedenscheldebekken",100,NA,NA,NA,1,NA,NA,NA,NA,NA,NA,NA,NA,NA,NA,TRUE,"<buffer",NA,c(151886.001175499, 219315.54773753),NA,NA,"ANTANT0297",0
"gbif_data",NA,NA,NA,2013,2013-12-15,50.82969,4.5417,8,"Dijle- en Zennebekken",100,NA,NA,NA,NA,NA,NA,1,NA,NA,NA,NA,NA,NA,NA,TRUE,"<buffer",NA,c(162184.404251109, 168821.663688795),NA,NA,"VBRTRV0073",0
"gbif_data",NA,NA,NA,2014,2014-01-26,51.2836,4.3977,4,"Benedenscheldebekken",100,NA,NA,NA,1,NA,NA,NA,NA,NA,NA,NA,NA,NA,NA,TRUE,"<buffer",NA,c(152019.268392934, 219304.473476895),NA,NA,"ANTANT0297",0
"gbif_data",NA,NA,NA,2014,2014-02-07,51.06951,5.69381,11,"Maasbekken",100,NA,NA,NA,1,NA,NA,NA,NA,NA,NA,NA,NA,NA,NA,TRUE,"<buffer",NA,c(242870.810808286, 196315.493449834),NA,NA,"LIMMSK0007",0
"gbif_data",NA,NA,NA,2014,2014-03-14,51.10573,5.80972,11,"Maasbekken",10,NA,NA,NA,1,NA,NA,NA,NA,NA,NA,NA,NA,NA,NA,TRUE,"<buffer",NA,c(250915.535965344, 200495.571170122),NA,NA,"LIMMSK0462",0
"gbif_data",NA,NA,NA,2014,2014-03-22,51.2837,4.39579,4,"Benedenscheldebekken",100,NA,NA,NA,1,NA,NA,NA,NA,NA,NA,NA,NA,NA,NA,TRUE,"<buffer",NA,c(151886.001175499, 219315.54773753),NA,NA,"ANTANT0297",0
"gbif_data",NA,NA,NA,2014,2014-04-26,51.2837,4.39579,4,"Benedenscheldebekken",100,NA,NA,NA,1,NA,NA,NA,NA,NA,NA,NA,NA,NA,NA,TRUE,"<buffer",NA,c(151886.001175499, 219315.54773753),NA,NA,"ANTANT0297",0
"gbif_data",NA,NA,NA,2014,2014-04-27,51.27572,3.28421,2,"Bekken van de Brugse Polders",10,1,NA,NA,NA,NA,NA,NA,NA,NA,NA,NA,NA,NA,NA,TRUE,"GRB/2 + buffer","5002995",c(74319.5813989966, 218979.358167123),"2121","0",NA,16.9554468638283
"gbif_data",NA,NA,NA,2014,2014-05-05,51.22635,5.50854,11,"Maasbekken",30,NA,NA,NA,1,NA,NA,NA,NA,NA,NA,NA,NA,NA,NA,FALSE,"not linked",NA,c(229618.659064744, 213546.490439815),NA,NA,NA,NA
"gbif_data",NA,NA,NA,2014,2014-07-21,51.2603,3.28443,2,"Bekken van de Brugse Polders",100,1,NA,NA,NA,NA,NA,NA,NA,NA,NA,NA,NA,NA,NA,FALSE,"not linked",NA,c(74309.8957533722, 217263.737602646),NA,NA,NA,NA
"gbif_data",NA,NA,NA,2014,2014-07-30,51.26038,3.28437,2,"Bekken van de Brugse Polders",25,1,NA,NA,NA,NA,NA,NA,NA,NA,NA,NA,NA,NA,NA,TRUE,"<buffer","5002748",c(74305.8377273565, 217272.698292172),"2139","2",NA,8.69364507731492
"gbif_data",NA,NA,NA,2014,2014-08-04,51.28698,5.15588,10,"Netebekken",100,NA,NA,NA,1,NA,NA,NA,NA,NA,NA,NA,NA,NA,NA,TRUE,"<buffer",NA,c(204913.40952604, 219971.693949024),NA,NA,"ANTMOL0088",0
"gbif_data",NA,NA,NA,2014,2014-09-10,51.24853,5.41702,11,"Maasbekken",10,NA,NA,NA,NA,NA,NA,1,NA,NA,NA,NA,NA,NA,NA,TRUE,"<buffer",NA,c(223191.179213015, 215919.633454898),NA,NA,"LIMNEE0119",0
"gbif_data",NA,NA,NA,2014,2014-09-16,51.09922,5.09995,10,"Netebekken",30,1,NA,NA,NA,NA,NA,NA,NA,NA,NA,NA,NA,NA,NA,TRUE,"GRB/2 + buffer","6030807",c(201217.488659441, 199043.813968596),"4","0",NA,20.6508784810386
"gbif_data",NA,NA,NA,2014,2014-09-17,51.06228,5.69704,11,"Maasbekken",30,NA,NA,NA,1,NA,NA,NA,NA,NA,NA,NA,NA,NA,NA,TRUE,"<buffer",NA,c(243111.567200819, 195515.343760482),NA,NA,"LIMMSK0353",0
"gbif_data",NA,NA,NA,2014,2014-09-17,51.06245,5.69704,11,"Maasbekken",30,NA,NA,NA,1,NA,NA,NA,NA,NA,NA,NA,NA,NA,NA,TRUE,"<buffer",NA,c(243111.228722123, 195534.252926468),NA,NA,"LIMMSK0353",0
"gbif_data",NA,NA,NA,2014,2014-09-17,51.08242,5.69638,11,"Maasbekken",30,NA,NA,NA,1,NA,NA,NA,NA,NA,NA,NA,NA,NA,NA,FALSE,"not linked",NA,c(243025.226720265, 197754.703992734),NA,NA,NA,NA
"gbif_data",NA,NA,NA,2014,2014-09-18,51.19836,5.54185,11,"Maasbekken",30,NA,NA,NA,1,NA,NA,NA,NA,NA,NA,NA,NA,NA,NA,TRUE,"<buffer","3001048",c(231994.539356959, 210469.132646776),"372","2",NA,14.8222707778543
"gbif_data",NA,NA,NA,2014,2014-09-18,51.23083,5.46249,11,"Maasbekken",30,NA,NA,NA,1,NA,NA,NA,NA,NA,NA,NA,NA,NA,NA,FALSE,"not linked",NA,c(226394.760871803, 213996.447336404),NA,NA,NA,NA
"gbif_data",NA,NA,NA,2014,2014-09-18,51.21313,5.5246,11,"Maasbekken",30,NA,NA,NA,1,NA,NA,NA,NA,NA,NA,NA,NA,NA,NA,FALSE,"not linked",NA,c(230763.336805804, 212093.235253756),NA,NA,NA,NA
"gbif_data",NA,NA,NA,2014,2014-09-20,50.77935,4.55461,8,"Dijle- en Zennebekken",10,NA,NA,NA,NA,NA,NA,1,NA,NA,NA,NA,NA,NA,NA,TRUE,"<buffer",NA,c(163107.996764458, 163224.092058678),NA,NA,"VBROVR0020",0
"gbif_data",NA,NA,NA,2014,2014-10-21,51.23635,5.21149,10,"Netebekken",30,NA,NA,NA,1,NA,NA,NA,NA,NA,NA,NA,NA,NA,NA,TRUE,"<buffer",NA,c(208856.856373021, 214381.757191566),NA,NA,"ANTMOL0165",0
"gbif_data",NA,NA,NA,2014,2014-10-21,51.22763,5.22781,10,"Netebekken",30,NA,NA,NA,1,NA,NA,NA,NA,NA,NA,NA,NA,NA,NA,FALSE,"not linked",NA,c(210007.836560401, 213424.749462136),NA,NA,NA,NA
"gbif_data",NA,NA,NA,2015,2015-04-05,51.20317,4.99311,10,"Netebekken",10,NA,NA,NA,1,NA,NA,NA,NA,NA,NA,NA,NA,NA,NA,TRUE,"<buffer","7025502",c(193636.575921951, 210539.640210181),"5","0",NA,10.1023612530792
"gbif_data",NA,NA,NA,2015,2015-05-05,51.32721,5.10529,10,"Netebekken",30,NA,NA,NA,1,NA,NA,NA,NA,NA,NA,NA,NA,NA,NA,TRUE,"<buffer",NA,c(201339.684398471, 224411.160450263),NA,NA,"ANTARE0246",0
"gbif_data",NA,NA,NA,2015,2015-05-31,51.34973,4.98913,10,"Netebekken",10,NA,NA,NA,1,NA,NA,NA,NA,NA,NA,NA,NA,NA,NA,TRUE,"<buffer","1500415",c(193222.028903613, 226842.589404844),"8504","2",NA,2.05412206945717
"gbif_data",NA,NA,NA,2015,2015-06-03,51.32864,4.49501,4,"Benedenscheldebekken",10,NA,NA,NA,1,NA,NA,NA,NA,NA,NA,NA,NA,NA,NA,TRUE,"<buffer",NA,c(158800.135951716, 224322.709356313),NA,NA,"ANTBRS0178",0
"gbif_data",NA,NA,NA,2015,2015-06-03,51.32933,4.49515,4,"Benedenscheldebekken",10,NA,NA,NA,1,NA,NA,NA,NA,NA,NA,NA,NA,NA,NA,TRUE,"<buffer",NA,c(158809.76306108, 224399.495056295),NA,NA,"ANTBRS0178",0
"gbif_data",NA,NA,NA,2015,2015-06-04,50.89784,4.59825,8,"Dijle- en Zennebekken",25,NA,NA,NA,1,NA,NA,NA,NA,NA,NA,NA,NA,NA,NA,TRUE,"<buffer",NA,c(166144.909415649, 176413.554504192),NA,NA,"VBRKRB0039",0
"gbif_data",NA,NA,NA,2015,2015-06-13,51.25966,3.28528,2,"Bekken van de Brugse Polders",10,1,NA,NA,NA,NA,NA,NA,NA,NA,NA,NA,NA,NA,NA,FALSE,"not linked",NA,c(74368.1863629531, 217191.675512638),NA,NA,NA,NA
"gbif_data",NA,NA,NA,2015,2015-06-15,51.10793,5.82224,11,"Maasbekken",30,NA,NA,NA,1,NA,NA,NA,NA,NA,NA,NA,NA,NA,NA,TRUE,"<buffer","6e+06",c(251787.449020859, 200757.372207803),"9501","0",NA,0.414041397267692
"gbif_data",NA,NA,NA,2015,2015-06-17,51.13689,5.08342,10,"Netebekken",10,NA,NA,NA,1,NA,NA,NA,NA,NA,NA,NA,NA,NA,NA,TRUE,"<buffer","7035807",c(200019.283598203, 203223.137271525),"47203","1",NA,1.64828731248403
"gbif_data",NA,NA,NA,2015,2015-07-18,51.25431,3.26939,2,"Bekken van de Brugse Polders",10,1,NA,NA,NA,NA,NA,NA,NA,NA,NA,NA,NA,NA,NA,TRUE,"<buffer","7059318",c(73250.2642396862, 216612.813263633),"2139","2",NA,3.27006690783687
"gbif_data",NA,NA,NA,2015,2015-07-18,51.25431,3.26939,2,"Bekken van de Brugse Polders",10,1,NA,NA,NA,NA,NA,NA,NA,NA,NA,NA,NA,NA,NA,TRUE,"<buffer","7059318",c(73250.2642396862, 216612.813263633),"2139","2",NA,3.27006690783687
"gbif_data",NA,NA,NA,2015,2015-07-28,50.95545,5.45806,9,"Demerbekken",100,NA,NA,NA,1,NA,NA,NA,NA,NA,NA,NA,NA,NA,NA,TRUE,"<buffer",NA,c(226535.070648579, 183359.308402221),NA,NA,"LIMGNK0081",0
"gbif_data",NA,NA,NA,2015,2015-08-01,51.25831,3.28564,2,"Bekken van de Brugse Polders",10,1,NA,NA,NA,NA,NA,NA,NA,NA,NA,NA,NA,NA,NA,TRUE,"<buffer","6005131",c(74391.1248126557, 217041.129005283),"10625","99",NA,6.38603544694937
"gbif_data",NA,NA,NA,2015,2015-08-12,51.2604,3.28431,2,"Bekken van de Brugse Polders",25,1,NA,NA,NA,NA,NA,NA,NA,NA,NA,NA,NA,NA,NA,TRUE,"<buffer","5002748",c(74301.6822878516, 217274.984311293),"2139","2",NA,4.53425888242859
"gbif_data",NA,NA,NA,2015,2015-08-19,51.26031,3.28406,2,"Bekken van de Brugse Polders",10,1,NA,NA,NA,NA,NA,NA,NA,NA,NA,NA,NA,NA,NA,TRUE,"<buffer","5002748",c(74284.0864724493, 217265.227037087),"2139","2",NA,1.952408433017
"gbif_data",NA,NA,NA,2015,2015-08-22,51.26043,3.2844,2,"Bekken van de Brugse Polders",25,1,NA,NA,NA,NA,NA,NA,NA,NA,NA,NA,NA,NA,NA,TRUE,"<buffer","5002748",c(74308.01286831, 217278.229957761),"2139","2",NA,5.1941632342165
"gbif_data",NA,NA,NA,2015,2015-08-26,50.98781,5.4962,9,"Demerbekken",10,NA,NA,NA,NA,1,NA,NA,NA,NA,NA,NA,NA,NA,NA,FALSE,"not linked",NA,c(229159.906657025, 186998.803318196),NA,NA,NA,NA
"gbif_data",NA,NA,NA,2015,2015-08-31,50.99614,5.32025,9,"Demerbekken",8,NA,NA,1,NA,NA,NA,NA,NA,NA,NA,NA,NA,NA,NA,TRUE,"<buffer",NA,c(216795.009261288, 187752.342712827),NA,NA,"LIMZNH0402",12.1632374588489
"gbif_data",NA,NA,NA,2015,2015-08-31,50.99617,5.32017,9,"Demerbekken",15,NA,NA,1,NA,NA,NA,NA,NA,NA,NA,NA,NA,NA,NA,TRUE,"<buffer",NA,c(216789.35077387, 187755.607795329),NA,NA,"LIMZNH0402",9.20159003393138
"gbif_data",NA,NA,NA,2015,2015-08-31,50.99605,5.32011,9,"Demerbekken",10,NA,NA,1,NA,NA,NA,NA,NA,NA,NA,NA,NA,NA,NA,TRUE,"<buffer",NA,c(216785.310167323, 187742.205395467),NA,NA,"LIMZNH0402",0
"gbif_data",NA,NA,NA,2015,2015-09-01,51.0232,5.7534,11,"Maasbekken",50,NA,NA,NA,1,NA,NA,NA,NA,NA,NA,NA,NA,NA,NA,TRUE,"<buffer",NA,c(247143.013514951, 191240.761156937),NA,NA,"LIMDST0090",8.75292560465871
"gbif_data",NA,NA,NA,2015,2015-09-16,51.19662,3.32193,2,"Bekken van de Brugse Polders",10,NA,NA,NA,1,NA,NA,NA,NA,NA,NA,NA,NA,NA,NA,TRUE,"<buffer",NA,c(76827.543926956, 210142.181441731),NA,NA,"WVLDAM0049",5.04780544955597
"gbif_data",NA,NA,NA,2015,2015-09-20,50.7227,4.32747,8,"Dijle- en Zennebekken",100,NA,NA,NA,1,NA,NA,NA,NA,NA,NA,NA,NA,NA,NA,TRUE,"<buffer",NA,c(147085.123117797, 156906.718913862),NA,NA,"VBRSGR0021",0
"gbif_data",NA,NA,NA,2015,2015-10-02,51.26043,3.28423,2,"Bekken van de Brugse Polders",10,1,NA,NA,NA,NA,NA,NA,NA,NA,NA,NA,NA,NA,NA,TRUE,"<buffer","5002748",c(74296.1471205777, 217278.403157214),"2139","2",NA,1.32154441810586
"gbif_data",NA,NA,NA,2015,2015-11-28,51.07052,4.1717,4,"Benedenscheldebekken",30,1,NA,NA,NA,NA,NA,NA,NA,NA,NA,NA,NA,NA,NA,TRUE,"<buffer",NA,c(136188.29392112, 195616.499160804),NA,NA,"OVLHME0302",7.90531198613743
"gbif_data",NA,NA,NA,2015,2015-12-26,50.89406,4.72225,8,"Dijle- en Zennebekken",10,NA,NA,NA,1,NA,NA,NA,NA,NA,NA,NA,NA,NA,NA,TRUE,"<buffer",NA,c(174870.149875454, 176027.390356991),NA,NA,"VBRLEU0129",13.7013417528825
"gbif_data",NA,NA,NA,2016,2016-03-11,50.98404,5.31538,9,"Demerbekken",100,NA,NA,NA,1,NA,NA,NA,NA,NA,NA,NA,NA,NA,NA,TRUE,"<buffer",NA,c(216470.326742224, 186402.008424594),NA,NA,"LIMZNH0539",0
"gbif_data",NA,NA,NA,2016,2016-03-15,50.98361,5.31573,9,"Demerbekken",100,NA,NA,NA,1,NA,NA,NA,NA,NA,NA,NA,NA,NA,NA,TRUE,"<buffer",NA,c(216495.512273945, 186354.490447313),NA,NA,"LIMZNH0539",0
"gbif_data",NA,NA,NA,2016,2016-03-26,51.2377,3.14727,2,"Bekken van de Brugse Polders",10,1,NA,NA,NA,NA,NA,NA,NA,NA,NA,NA,NA,NA,NA,TRUE,"<buffer","5012406",c(64695.1012056744, 214898.263242924),"2123","2",NA,12.0566115759472
"gbif_data",NA,NA,NA,2016,2016-04-15,51.22977,3.19355,2,"Bekken van de Brugse Polders",10,1,NA,NA,NA,NA,NA,NA,NA,NA,NA,NA,NA,NA,NA,TRUE,"<buffer",NA,c(67912.9214263561, 213963.987920761),NA,NA,"WVLBRU1182",0
"gbif_data",NA,NA,NA,2016,2016-04-27,51.32634,5.10743,10,"Netebekken",30,NA,NA,NA,1,NA,NA,NA,NA,NA,NA,NA,NA,NA,NA,TRUE,"<buffer",NA,c(201489.811499074, 224315.852706982),NA,NA,"ANTARE0229",0
"gbif_data",NA,NA,NA,2016,2016-05-02,50.90847,3.30864,5,"Leiebekken",30,NA,NA,NA,1,NA,NA,NA,NA,NA,NA,NA,NA,NA,NA,FALSE,"not linked",NA,c(75441.2852949381, 178102.526441665),NA,NA,NA,NA
"gbif_data",NA,NA,NA,2016,2016-05-11,51.2686,5.01483,10,"Netebekken",30,NA,NA,NA,1,NA,NA,NA,NA,NA,NA,NA,NA,NA,NA,TRUE,"<buffer",NA,c(195091.162194545, 217831.802274632),NA,NA,"ANTKAS0323",0
"gbif_data",NA,NA,NA,2016,2016-05-11,51.32634,5.10743,10,"Netebekken",30,NA,NA,NA,1,NA,NA,NA,NA,NA,NA,NA,NA,NA,NA,TRUE,"<buffer",NA,c(201489.811499074, 224315.852706982),NA,NA,"ANTARE0229",0
"gbif_data",NA,NA,NA,2016,2016-05-11,51.32634,5.10743,10,"Netebekken",30,NA,NA,NA,1,NA,NA,NA,NA,NA,NA,NA,NA,NA,NA,TRUE,"<buffer",NA,c(201489.811499074, 224315.852706982),NA,NA,"ANTARE0229",0
"gbif_data",NA,NA,NA,2016,2016-05-11,51.32634,5.10743,10,"Netebekken",30,NA,NA,NA,1,NA,NA,NA,NA,NA,NA,NA,NA,NA,NA,TRUE,"<buffer",NA,c(201489.811499074, 224315.852706982),NA,NA,"ANTARE0229",0
"gbif_data",NA,NA,NA,2016,2016-05-11,51.32636,5.10159,10,"Netebekken",30,NA,NA,NA,1,NA,NA,NA,NA,NA,NA,NA,NA,NA,NA,TRUE,"<buffer",NA,c(201082.719459767, 224314.040193569),NA,NA,"ANTARE0362",0
"gbif_data",NA,NA,NA,2016,2016-05-12,51.32634,5.10743,10,"Netebekken",30,NA,NA,NA,1,NA,NA,NA,NA,NA,NA,NA,NA,NA,NA,TRUE,"<buffer",NA,c(201489.811499074, 224315.852706982),NA,NA,"ANTARE0229",0
"gbif_data",NA,NA,NA,2016,2016-05-12,51.32634,5.10743,10,"Netebekken",30,NA,NA,NA,1,NA,NA,NA,NA,NA,NA,NA,NA,NA,NA,TRUE,"<buffer",NA,c(201489.811499074, 224315.852706982),NA,NA,"ANTARE0229",0
"gbif_data",NA,NA,NA,2016,2016-05-12,51.32634,5.10743,10,"Netebekken",30,NA,NA,NA,1,NA,NA,NA,NA,NA,NA,NA,NA,NA,NA,TRUE,"<buffer",NA,c(201489.811499074, 224315.852706982),NA,NA,"ANTARE0229",0
"gbif_data",NA,NA,NA,2016,2016-05-12,51.32634,5.10743,10,"Netebekken",30,NA,NA,NA,1,NA,NA,NA,NA,NA,NA,NA,NA,NA,NA,TRUE,"<buffer",NA,c(201489.811499074, 224315.852706982),NA,NA,"ANTARE0229",0
"gbif_data",NA,NA,NA,2016,2016-05-12,51.32636,5.10159,10,"Netebekken",30,NA,NA,NA,1,NA,NA,NA,NA,NA,NA,NA,NA,NA,NA,TRUE,"<buffer",NA,c(201082.719459767, 224314.040193569),NA,NA,"ANTARE0362",0
"gbif_data",NA,NA,NA,2016,2016-05-13,51.32634,5.10743,10,"Netebekken",30,NA,NA,NA,1,NA,NA,NA,NA,NA,NA,NA,NA,NA,NA,TRUE,"<buffer",NA,c(201489.811499074, 224315.852706982),NA,NA,"ANTARE0229",0
"gbif_data",NA,NA,NA,2016,2016-05-13,51.32634,5.10743,10,"Netebekken",30,NA,NA,NA,1,NA,NA,NA,NA,NA,NA,NA,NA,NA,NA,TRUE,"<buffer",NA,c(201489.811499074, 224315.852706982),NA,NA,"ANTARE0229",0
"gbif_data",NA,NA,NA,2016,2016-05-13,51.32634,5.10743,10,"Netebekken",30,NA,NA,NA,1,NA,NA,NA,NA,NA,NA,NA,NA,NA,NA,TRUE,"<buffer",NA,c(201489.811499074, 224315.852706982),NA,NA,"ANTARE0229",0
"gbif_data",NA,NA,NA,2016,2016-05-13,51.32634,5.10743,10,"Netebekken",30,NA,NA,NA,1,NA,NA,NA,NA,NA,NA,NA,NA,NA,NA,TRUE,"<buffer",NA,c(201489.811499074, 224315.852706982),NA,NA,"ANTARE0229",0
"gbif_data",NA,NA,NA,2016,2016-05-31,51.19625,4.77398,10,"Netebekken",30,NA,NA,NA,1,NA,NA,NA,NA,NA,NA,NA,NA,NA,NA,TRUE,"<buffer","6011523",c(178325.778251833, 209663.450603752),"8504","1",NA,0.759509921504821
"gbif_data",NA,NA,NA,2016,2016-06-02,51.17502,4.63404,10,"Netebekken",30,NA,NA,NA,1,NA,NA,NA,NA,NA,NA,NA,NA,NA,NA,TRUE,"<buffer","6011663",c(168552.237045404, 207257.302132525),"8849","1",NA,4.88278703518798
"gbif_data",NA,NA,NA,2016,2016-06-02,51.13341,4.58789,10,"Netebekken",30,NA,NA,NA,1,NA,NA,NA,NA,NA,NA,NA,NA,NA,NA,TRUE,"<buffer",NA,c(165338.508538545, 202617.574751291),NA,NA,"ANTLIR0248",8.21045559636844
"gbif_data",NA,NA,NA,2016,2016-06-02,50.94323,5.49039,9,"Demerbekken",30,NA,NA,NA,1,NA,NA,NA,NA,NA,NA,NA,NA,NA,NA,TRUE,"<buffer","6031521",c(228826.965465412, 182033.900653288),"17524","0",NA,0.324720899006387
"gbif_data",NA,NA,NA,2016,2016-06-06,50.94323,5.49039,9,"Demerbekken",30,NA,NA,NA,1,NA,NA,NA,NA,NA,NA,NA,NA,NA,NA,TRUE,"<buffer","6031521",c(228826.965465412, 182033.900653288),"17524","0",NA,0.324720899006387
"gbif_data",NA,NA,NA,2016,2016-06-09,51.32634,5.10743,10,"Netebekken",30,NA,NA,NA,1,NA,NA,NA,NA,NA,NA,NA,NA,NA,NA,TRUE,"<buffer",NA,c(201489.811499074, 224315.852706982),NA,NA,"ANTARE0229",0
"gbif_data",NA,NA,NA,2016,2016-06-09,51.32634,5.10743,10,"Netebekken",30,NA,NA,NA,1,NA,NA,NA,NA,NA,NA,NA,NA,NA,NA,TRUE,"<buffer",NA,c(201489.811499074, 224315.852706982),NA,NA,"ANTARE0229",0
"gbif_data",NA,NA,NA,2016,2016-06-09,51.32634,5.10743,10,"Netebekken",30,NA,NA,NA,1,NA,NA,NA,NA,NA,NA,NA,NA,NA,NA,TRUE,"<buffer",NA,c(201489.811499074, 224315.852706982),NA,NA,"ANTARE0229",0
"gbif_data",NA,NA,NA,2016,2016-06-10,51.32634,5.10743,10,"Netebekken",30,NA,NA,NA,1,NA,NA,NA,NA,NA,NA,NA,NA,NA,NA,TRUE,"<buffer",NA,c(201489.811499074, 224315.852706982),NA,NA,"ANTARE0229",0
"gbif_data",NA,NA,NA,2016,2016-06-10,51.32634,5.10743,10,"Netebekken",30,NA,NA,NA,1,NA,NA,NA,NA,NA,NA,NA,NA,NA,NA,TRUE,"<buffer",NA,c(201489.811499074, 224315.852706982),NA,NA,"ANTARE0229",0
"gbif_data",NA,NA,NA,2016,2016-06-10,51.32634,5.10743,10,"Netebekken",30,NA,NA,NA,1,NA,NA,NA,NA,NA,NA,NA,NA,NA,NA,TRUE,"<buffer",NA,c(201489.811499074, 224315.852706982),NA,NA,"ANTARE0229",0
"gbif_data",NA,NA,NA,2016,2016-06-10,51.32634,5.10743,10,"Netebekken",30,NA,NA,NA,1,NA,NA,NA,NA,NA,NA,NA,NA,NA,NA,TRUE,"<buffer",NA,c(201489.811499074, 224315.852706982),NA,NA,"ANTARE0229",0
"gbif_data",NA,NA,NA,2016,2016-06-10,51.32636,5.10159,10,"Netebekken",30,NA,NA,NA,1,NA,NA,NA,NA,NA,NA,NA,NA,NA,NA,TRUE,"<buffer",NA,c(201082.719459767, 224314.040193569),NA,NA,"ANTARE0362",0
"gbif_data",NA,NA,NA,2016,2016-06-17,50.96383,5.11754,9,"Demerbekken",100,NA,NA,NA,1,NA,NA,NA,NA,NA,NA,NA,NA,NA,NA,FALSE,"not linked",NA,c(202601.59036424, 183995.132022467),NA,NA,NA,NA
"gbif_data",NA,NA,NA,2016,2016-07-13,51.2686,5.01483,10,"Netebekken",30,NA,NA,NA,1,NA,NA,NA,NA,NA,NA,NA,NA,NA,NA,TRUE,"<buffer",NA,c(195091.162194545, 217831.802274632),NA,NA,"ANTKAS0323",0
"gbif_data",NA,NA,NA,2016,2016-07-27,51.32634,5.10743,10,"Netebekken",30,NA,NA,NA,1,NA,NA,NA,NA,NA,NA,NA,NA,NA,NA,TRUE,"<buffer",NA,c(201489.811499074, 224315.852706982),NA,NA,"ANTARE0229",0
"gbif_data",NA,NA,NA,2016,2016-07-27,51.32634,5.10743,10,"Netebekken",30,NA,NA,NA,1,NA,NA,NA,NA,NA,NA,NA,NA,NA,NA,TRUE,"<buffer",NA,c(201489.811499074, 224315.852706982),NA,NA,"ANTARE0229",0
"gbif_data",NA,NA,NA,2016,2016-07-27,51.32634,5.10743,10,"Netebekken",30,NA,NA,NA,1,NA,NA,NA,NA,NA,NA,NA,NA,NA,NA,TRUE,"<buffer",NA,c(201489.811499074, 224315.852706982),NA,NA,"ANTARE0229",0
"gbif_data",NA,NA,NA,2016,2016-07-27,51.32634,5.10743,10,"Netebekken",30,NA,NA,NA,1,NA,NA,NA,NA,NA,NA,NA,NA,NA,NA,TRUE,"<buffer",NA,c(201489.811499074, 224315.852706982),NA,NA,"ANTARE0229",0
"gbif_data",NA,NA,NA,2016,2016-07-27,51.32634,5.10743,10,"Netebekken",30,NA,NA,NA,1,NA,NA,NA,NA,NA,NA,NA,NA,NA,NA,TRUE,"<buffer",NA,c(201489.811499074, 224315.852706982),NA,NA,"ANTARE0229",0
"gbif_data",NA,NA,NA,2016,2016-07-27,51.32634,5.10743,10,"Netebekken",30,NA,NA,NA,1,NA,NA,NA,NA,NA,NA,NA,NA,NA,NA,TRUE,"<buffer",NA,c(201489.811499074, 224315.852706982),NA,NA,"ANTARE0229",0
"gbif_data",NA,NA,NA,2016,2016-07-28,51.32634,5.10743,10,"Netebekken",30,NA,NA,NA,1,NA,NA,NA,NA,NA,NA,NA,NA,NA,NA,TRUE,"<buffer",NA,c(201489.811499074, 224315.852706982),NA,NA,"ANTARE0229",0
"gbif_data",NA,NA,NA,2016,2016-07-28,51.32634,5.10743,10,"Netebekken",30,NA,NA,NA,1,NA,NA,NA,NA,NA,NA,NA,NA,NA,NA,TRUE,"<buffer",NA,c(201489.811499074, 224315.852706982),NA,NA,"ANTARE0229",0
"gbif_data",NA,NA,NA,2016,2016-07-28,51.32634,5.10743,10,"Netebekken",30,NA,NA,NA,1,NA,NA,NA,NA,NA,NA,NA,NA,NA,NA,TRUE,"<buffer",NA,c(201489.811499074, 224315.852706982),NA,NA,"ANTARE0229",0
"gbif_data",NA,NA,NA,2016,2016-07-28,51.32634,5.10743,10,"Netebekken",30,NA,NA,NA,1,NA,NA,NA,NA,NA,NA,NA,NA,NA,NA,TRUE,"<buffer",NA,c(201489.811499074, 224315.852706982),NA,NA,"ANTARE0229",0
"gbif_data",NA,NA,NA,2016,2016-07-28,51.32634,5.10743,10,"Netebekken",30,NA,NA,NA,1,NA,NA,NA,NA,NA,NA,NA,NA,NA,NA,TRUE,"<buffer",NA,c(201489.811499074, 224315.852706982),NA,NA,"ANTARE0229",0
"gbif_data",NA,NA,NA,2016,2016-07-29,51.32634,5.10743,10,"Netebekken",30,NA,NA,NA,1,NA,NA,NA,NA,NA,NA,NA,NA,NA,NA,TRUE,"<buffer",NA,c(201489.811499074, 224315.852706982),NA,NA,"ANTARE0229",0
"gbif_data",NA,NA,NA,2016,2016-07-29,51.32634,5.10743,10,"Netebekken",30,NA,NA,NA,1,NA,NA,NA,NA,NA,NA,NA,NA,NA,NA,TRUE,"<buffer",NA,c(201489.811499074, 224315.852706982),NA,NA,"ANTARE0229",0
"gbif_data",NA,NA,NA,2016,2016-07-29,51.32634,5.10743,10,"Netebekken",30,NA,NA,NA,1,NA,NA,NA,NA,NA,NA,NA,NA,NA,NA,TRUE,"<buffer",NA,c(201489.811499074, 224315.852706982),NA,NA,"ANTARE0229",0
"gbif_data",NA,NA,NA,2016,2016-07-29,51.32634,5.10743,10,"Netebekken",30,NA,NA,NA,1,NA,NA,NA,NA,NA,NA,NA,NA,NA,NA,TRUE,"<buffer",NA,c(201489.811499074, 224315.852706982),NA,NA,"ANTARE0229",0
"gbif_data",NA,NA,NA,2016,2016-07-29,51.32634,5.10743,10,"Netebekken",30,NA,NA,NA,1,NA,NA,NA,NA,NA,NA,NA,NA,NA,NA,TRUE,"<buffer",NA,c(201489.811499074, 224315.852706982),NA,NA,"ANTARE0229",0
"gbif_data",NA,NA,NA,2016,2016-07-29,51.32636,5.10159,10,"Netebekken",30,NA,NA,NA,1,NA,NA,NA,NA,NA,NA,NA,NA,NA,NA,TRUE,"<buffer",NA,c(201082.719459767, 224314.040193569),NA,NA,"ANTARE0362",0
"gbif_data",NA,NA,NA,2016,2016-08-10,51.32634,5.10743,10,"Netebekken",30,NA,NA,NA,1,NA,NA,NA,NA,NA,NA,NA,NA,NA,NA,TRUE,"<buffer",NA,c(201489.811499074, 224315.852706982),NA,NA,"ANTARE0229",0
"gbif_data",NA,NA,NA,2016,2016-08-10,51.32634,5.10743,10,"Netebekken",30,NA,NA,NA,1,NA,NA,NA,NA,NA,NA,NA,NA,NA,NA,TRUE,"<buffer",NA,c(201489.811499074, 224315.852706982),NA,NA,"ANTARE0229",0
"gbif_data",NA,NA,NA,2016,2016-08-10,51.32634,5.10743,10,"Netebekken",30,NA,NA,NA,1,NA,NA,NA,NA,NA,NA,NA,NA,NA,NA,TRUE,"<buffer",NA,c(201489.811499074, 224315.852706982),NA,NA,"ANTARE0229",0
"gbif_data",NA,NA,NA,2016,2016-08-10,51.32634,5.10743,10,"Netebekken",30,NA,NA,NA,1,NA,NA,NA,NA,NA,NA,NA,NA,NA,NA,TRUE,"<buffer",NA,c(201489.811499074, 224315.852706982),NA,NA,"ANTARE0229",0
"gbif_data",NA,NA,NA,2016,2016-08-10,51.32634,5.10743,10,"Netebekken",30,NA,NA,NA,1,NA,NA,NA,NA,NA,NA,NA,NA,NA,NA,TRUE,"<buffer",NA,c(201489.811499074, 224315.852706982),NA,NA,"ANTARE0229",0
"gbif_data",NA,NA,NA,2016,2016-08-11,51.32634,5.10743,10,"Netebekken",30,NA,NA,NA,1,NA,NA,NA,NA,NA,NA,NA,NA,NA,NA,TRUE,"<buffer",NA,c(201489.811499074, 224315.852706982),NA,NA,"ANTARE0229",0
"gbif_data",NA,NA,NA,2016,2016-08-11,51.32634,5.10743,10,"Netebekken",30,NA,NA,NA,1,NA,NA,NA,NA,NA,NA,NA,NA,NA,NA,TRUE,"<buffer",NA,c(201489.811499074, 224315.852706982),NA,NA,"ANTARE0229",0
"gbif_data",NA,NA,NA,2016,2016-08-11,51.32634,5.10743,10,"Netebekken",30,NA,NA,NA,1,NA,NA,NA,NA,NA,NA,NA,NA,NA,NA,TRUE,"<buffer",NA,c(201489.811499074, 224315.852706982),NA,NA,"ANTARE0229",0
"gbif_data",NA,NA,NA,2016,2016-08-12,51.32634,5.10743,10,"Netebekken",30,NA,NA,NA,1,NA,NA,NA,NA,NA,NA,NA,NA,NA,NA,TRUE,"<buffer",NA,c(201489.811499074, 224315.852706982),NA,NA,"ANTARE0229",0
"gbif_data",NA,NA,NA,2016,2016-08-12,51.32634,5.10743,10,"Netebekken",30,NA,NA,NA,1,NA,NA,NA,NA,NA,NA,NA,NA,NA,NA,TRUE,"<buffer",NA,c(201489.811499074, 224315.852706982),NA,NA,"ANTARE0229",0
"gbif_data",NA,NA,NA,2016,2016-08-12,51.32634,5.10743,10,"Netebekken",30,NA,NA,NA,1,NA,NA,NA,NA,NA,NA,NA,NA,NA,NA,TRUE,"<buffer",NA,c(201489.811499074, 224315.852706982),NA,NA,"ANTARE0229",0
"gbif_data",NA,NA,NA,2016,2016-08-12,51.32634,5.10743,10,"Netebekken",30,NA,NA,NA,1,NA,NA,NA,NA,NA,NA,NA,NA,NA,NA,TRUE,"<buffer",NA,c(201489.811499074, 224315.852706982),NA,NA,"ANTARE0229",0
"gbif_data",NA,NA,NA,2016,2016-08-12,51.32634,5.10743,10,"Netebekken",30,NA,NA,NA,1,NA,NA,NA,NA,NA,NA,NA,NA,NA,NA,TRUE,"<buffer",NA,c(201489.811499074, 224315.852706982),NA,NA,"ANTARE0229",0
"gbif_data",NA,NA,NA,2016,2016-08-16,51.06423,3.18857,2,"Bekken van de Brugse Polders",10,1,NA,NA,NA,NA,NA,NA,NA,NA,NA,NA,NA,NA,NA,TRUE,"<buffer",NA,c(67272.5668449696, 195555.240126496),NA,NA,"WVLOSK0223",0
"gbif_data",NA,NA,NA,2016,2016-08-25,50.97753,5.24906,9,"Demerbekken",25,NA,NA,NA,1,NA,NA,NA,NA,NA,NA,NA,NA,NA,NA,TRUE,"<buffer",NA,c(211822.276726904, 185620.519365985),NA,NA,"LIMHAS0629",7.85043057590649
"gbif_data",NA,NA,NA,2016,2016-08-26,51.10793,5.82224,11,"Maasbekken",30,NA,NA,NA,1,NA,NA,NA,NA,NA,NA,NA,NA,NA,NA,TRUE,"<buffer","6e+06",c(251787.449020859, 200757.372207803),"9501","0",NA,0.414041397267692
"gbif_data",NA,NA,NA,2016,2016-09-15,51.28811,3.1247,2,"Bekken van de Brugse Polders",100,1,NA,NA,NA,NA,NA,NA,NA,NA,NA,NA,NA,NA,NA,FALSE,"not linked",NA,c(63212.9393369269, 220532.073044049),NA,NA,NA,NA
"gbif_data",NA,NA,NA,2016,2016-09-16,51.25273,3.26496,2,"Bekken van de Brugse Polders",10,1,NA,NA,NA,NA,NA,NA,NA,NA,NA,NA,NA,NA,NA,TRUE,"<buffer","7059310",c(72938.4058457592, 216441.633369301),"59657","9",NA,2.50945452881902
"gbif_data",NA,NA,NA,2016,2016-09-16,51.00449,5.71136,11,"Maasbekken",30,NA,NA,NA,1,NA,NA,NA,NA,NA,NA,NA,NA,NA,NA,FALSE,"not linked",NA,c(244231.578991942, 189105.488277187),NA,NA,NA,NA
"gbif_data",NA,NA,NA,2016,2016-09-17,51.25751,3.26414,2,"Bekken van de Brugse Polders",100,1,NA,NA,NA,NA,NA,NA,NA,NA,NA,NA,NA,NA,NA,FALSE,"not linked",NA,c(72889.068015191, 216974.229927527),NA,NA,NA,NA
"gbif_data",NA,NA,NA,2016,2016-09-18,51.25278,3.26494,2,"Bekken van de Brugse Polders",10,1,NA,NA,NA,NA,NA,NA,NA,NA,NA,NA,NA,NA,NA,TRUE,"<buffer","7059310",c(72937.092290783, 216447.216302842),"59657","9",NA,0.0334340678321799
"gbif_data",NA,NA,NA,2016,2016-09-18,51.25738,3.26522,2,"Bekken van de Brugse Polders",100,1,NA,NA,NA,NA,NA,NA,NA,NA,NA,NA,NA,NA,NA,FALSE,"not linked",NA,c(72964.2400318418, 216958.647876209),NA,NA,NA,NA
"gbif_data",NA,NA,NA,2016,2016-09-21,51.2528,3.26496,2,"Bekken van de Brugse Polders",10,1,NA,NA,NA,NA,NA,NA,NA,NA,NA,NA,NA,NA,NA,TRUE,"<buffer","7059310",c(72938.5215406478, 216449.420434849),"59657","9",NA,2.4617802833932
"gbif_data",NA,NA,NA,2016,2016-09-21,51.32634,5.10743,10,"Netebekken",30,NA,NA,NA,1,NA,NA,NA,NA,NA,NA,NA,NA,NA,NA,TRUE,"<buffer",NA,c(201489.811499074, 224315.852706982),NA,NA,"ANTARE0229",0
"gbif_data",NA,NA,NA,2016,2016-09-21,51.32634,5.10743,10,"Netebekken",30,NA,NA,NA,1,NA,NA,NA,NA,NA,NA,NA,NA,NA,NA,TRUE,"<buffer",NA,c(201489.811499074, 224315.852706982),NA,NA,"ANTARE0229",0
"gbif_data",NA,NA,NA,2016,2016-09-21,51.32634,5.10743,10,"Netebekken",30,NA,NA,NA,1,NA,NA,NA,NA,NA,NA,NA,NA,NA,NA,TRUE,"<buffer",NA,c(201489.811499074, 224315.852706982),NA,NA,"ANTARE0229",0
"gbif_data",NA,NA,NA,2016,2016-09-21,51.32634,5.10743,10,"Netebekken",30,NA,NA,NA,1,NA,NA,NA,NA,NA,NA,NA,NA,NA,NA,TRUE,"<buffer",NA,c(201489.811499074, 224315.852706982),NA,NA,"ANTARE0229",0
"gbif_data",NA,NA,NA,2016,2016-09-22,51.23,3.19318,2,"Bekken van de Brugse Polders",100,1,NA,NA,NA,NA,NA,NA,NA,NA,NA,NA,NA,NA,NA,TRUE,"<buffer",NA,c(67887.4843321399, 213989.982246049),NA,NA,"WVLBRU1182",0
"gbif_data",NA,NA,NA,2016,2016-09-22,51.32634,5.10743,10,"Netebekken",30,NA,NA,NA,1,NA,NA,NA,NA,NA,NA,NA,NA,NA,NA,TRUE,"<buffer",NA,c(201489.811499074, 224315.852706982),NA,NA,"ANTARE0229",0
"gbif_data",NA,NA,NA,2016,2016-09-22,51.32634,5.10743,10,"Netebekken",30,NA,NA,NA,1,NA,NA,NA,NA,NA,NA,NA,NA,NA,NA,TRUE,"<buffer",NA,c(201489.811499074, 224315.852706982),NA,NA,"ANTARE0229",0
"gbif_data",NA,NA,NA,2016,2016-09-22,51.32634,5.10743,10,"Netebekken",30,NA,NA,NA,1,NA,NA,NA,NA,NA,NA,NA,NA,NA,NA,TRUE,"<buffer",NA,c(201489.811499074, 224315.852706982),NA,NA,"ANTARE0229",0
"gbif_data",NA,NA,NA,2016,2016-09-22,51.32634,5.10743,10,"Netebekken",30,NA,NA,NA,1,NA,NA,NA,NA,NA,NA,NA,NA,NA,NA,TRUE,"<buffer",NA,c(201489.811499074, 224315.852706982),NA,NA,"ANTARE0229",0
"gbif_data",NA,NA,NA,2016,2016-09-22,51.32634,5.10743,10,"Netebekken",30,NA,NA,NA,1,NA,NA,NA,NA,NA,NA,NA,NA,NA,NA,TRUE,"<buffer",NA,c(201489.811499074, 224315.852706982),NA,NA,"ANTARE0229",0
"gbif_data",NA,NA,NA,2016,2016-09-22,51.32634,5.10743,10,"Netebekken",30,NA,NA,NA,1,NA,NA,NA,NA,NA,NA,NA,NA,NA,NA,TRUE,"<buffer",NA,c(201489.811499074, 224315.852706982),NA,NA,"ANTARE0229",0
"gbif_data",NA,NA,NA,2016,2016-09-23,51.25279,3.26494,2,"Bekken van de Brugse Polders",25,1,NA,NA,NA,NA,NA,NA,NA,NA,NA,NA,NA,NA,NA,TRUE,"<buffer","7059310",c(72937.1088189239, 216448.328740781),"59657","9",NA,0.67674256979601
"gbif_data",NA,NA,NA,2016,2016-09-23,51.32634,5.10743,10,"Netebekken",30,NA,NA,NA,1,NA,NA,NA,NA,NA,NA,NA,NA,NA,NA,TRUE,"<buffer",NA,c(201489.811499074, 224315.852706982),NA,NA,"ANTARE0229",0
"gbif_data",NA,NA,NA,2016,2016-09-23,51.32634,5.10743,10,"Netebekken",30,NA,NA,NA,1,NA,NA,NA,NA,NA,NA,NA,NA,NA,NA,TRUE,"<buffer",NA,c(201489.811499074, 224315.852706982),NA,NA,"ANTARE0229",0
"gbif_data",NA,NA,NA,2016,2016-09-23,51.32634,5.10743,10,"Netebekken",30,NA,NA,NA,1,NA,NA,NA,NA,NA,NA,NA,NA,NA,NA,TRUE,"<buffer",NA,c(201489.811499074, 224315.852706982),NA,NA,"ANTARE0229",0
"gbif_data",NA,NA,NA,2016,2016-09-23,51.32634,5.10743,10,"Netebekken",30,NA,NA,NA,1,NA,NA,NA,NA,NA,NA,NA,NA,NA,NA,TRUE,"<buffer",NA,c(201489.811499074, 224315.852706982),NA,NA,"ANTARE0229",0
"gbif_data",NA,NA,NA,2016,2016-09-23,51.32634,5.10743,10,"Netebekken",30,NA,NA,NA,1,NA,NA,NA,NA,NA,NA,NA,NA,NA,NA,TRUE,"<buffer",NA,c(201489.811499074, 224315.852706982),NA,NA,"ANTARE0229",0
"gbif_data",NA,NA,NA,2016,2016-09-23,51.32634,5.10743,10,"Netebekken",30,NA,NA,NA,1,NA,NA,NA,NA,NA,NA,NA,NA,NA,NA,TRUE,"<buffer",NA,c(201489.811499074, 224315.852706982),NA,NA,"ANTARE0229",0
"gbif_data",NA,NA,NA,2016,2016-09-24,51.09558,5.02026,10,"Netebekken",10,NA,NA,NA,1,NA,NA,NA,NA,NA,NA,NA,NA,NA,NA,TRUE,"<buffer","6004449",c(195639.20225787, 198586.855385691),"9011","2",NA,5.01111344641481
"gbif_data",NA,NA,NA,2016,2016-09-26,51.25281,3.26496,2,"Bekken van de Brugse Polders",10,1,NA,NA,NA,NA,NA,NA,NA,NA,NA,NA,NA,NA,NA,TRUE,"<buffer","7059310",c(72938.5380684892, 216450.532872802),"59657","9",NA,3.17195669574936
"gbif_data",NA,NA,NA,2016,2016-09-26,51.25234,3.26503,2,"Bekken van de Brugse Polders",100,1,NA,NA,NA,NA,NA,NA,NA,NA,NA,NA,NA,NA,NA,TRUE,"<buffer",NA,c(72942.6479858356, 216398.175692503),NA,NA,"WVLDAM0611",9.15634752452427
"gbif_data",NA,NA,NA,2016,2016-09-28,51.25279,3.26492,2,"Bekken van de Brugse Polders",10,1,NA,NA,NA,NA,NA,NA,NA,NA,NA,NA,NA,NA,NA,TRUE,"<buffer","7059310",c(72935.712625047, 216448.349485038),"59657","9",NA,0.398118493593746
"gbif_data",NA,NA,NA,2016,2016-09-30,51.2528,3.26501,2,"Bekken van de Brugse Polders",25,1,NA,NA,NA,NA,NA,NA,NA,NA,NA,NA,NA,NA,NA,TRUE,"<buffer","7059310",c(72942.0120246293, 216449.368576804),"59657","9",NA,5.14893401550619
"gbif_data",NA,NA,NA,2016,2016-10-02,51.2528,3.265,2,"Bekken van de Brugse Polders",25,1,NA,NA,NA,NA,NA,NA,NA,NA,NA,NA,NA,NA,NA,TRUE,"<buffer","7059310",c(72941.3139278303, 216449.378948225),"59657","9",NA,4.61150314878298
"gbif_data",NA,NA,NA,2016,2016-10-05,51.25059,3.27087,2,"Bekken van de Brugse Polders",10,1,NA,NA,NA,NA,NA,NA,NA,NA,NA,NA,NA,NA,NA,TRUE,"<buffer",NA,c(73347.463905603, 216197.4581261),NA,NA,"WVLDAM0067",3.20678590197086
"gbif_data",NA,NA,NA,2016,2016-10-05,51.2516,3.26708,2,"Bekken van de Brugse Polders",10,1,NA,NA,NA,NA,NA,NA,NA,NA,NA,NA,NA,NA,NA,TRUE,"<buffer","7059313",c(73084.5385630233, 216313.731138103),"59658","9",NA,4.00947803865422
"gbif_data",NA,NA,NA,2016,2016-10-05,51.25279,3.26495,2,"Bekken van de Brugse Polders",10,1,NA,NA,NA,NA,NA,NA,NA,NA,NA,NA,NA,NA,NA,TRUE,"<buffer","7059310",c(72937.8069158644, 216448.318368793),"59657","9",NA,1.21417319061567
"gbif_data",NA,NA,NA,2016,2016-10-05,51.07534,4.49108,10,"Netebekken",10,NA,NA,NA,1,NA,NA,NA,NA,NA,NA,NA,NA,NA,NA,TRUE,"<buffer",NA,c(158572.890727555, 196141.661257535),NA,NA,"ANTDUF0188",0
"gbif_data",NA,NA,NA,2016,2016-10-09,51.25274,3.26499,2,"Bekken van de Brugse Polders",10,1,NA,NA,NA,NA,NA,NA,NA,NA,NA,NA,NA,NA,NA,TRUE,"<buffer","7059310",c(72940.5166666818, 216442.714692074),"59657","9",NA,0.186983999999106
"gbif_data",NA,NA,NA,2016,2016-10-15,51.25044,3.27099,2,"Bekken van de Brugse Polders",10,1,NA,NA,NA,NA,NA,NA,NA,NA,NA,NA,NA,NA,NA,TRUE,"<buffer","6011731",c(73355.5949121467, 216180.64775759),"10621","99",NA,2.08008270367573
"gbif_data",NA,NA,NA,2016,2016-10-15,51.25053,3.27094,2,"Bekken van de Brugse Polders",10,1,NA,NA,NA,NA,NA,NA,NA,NA,NA,NA,NA,NA,NA,TRUE,"<buffer",NA,c(73352.2521913171, 216190.711281342),NA,NA,"WVLDAM0067",0
"gbif_data",NA,NA,NA,2016,2016-10-19,51.25056,3.27099,2,"Bekken van de Brugse Polders",10,1,NA,NA,NA,NA,NA,NA,NA,NA,NA,NA,NA,NA,NA,TRUE,"<buffer",NA,c(73355.7921619681, 216193.997016748),NA,NA,"WVLDAM0067",0
"gbif_data",NA,NA,NA,2016,2016-10-22,51.25043,3.27098,2,"Bekken van de Brugse Polders",10,1,NA,NA,NA,NA,NA,NA,NA,NA,NA,NA,NA,NA,NA,TRUE,"<buffer","6011731",c(73354.8803415221, 216179.54563508),"10621","99",NA,1.11033971691231
"gbif_data",NA,NA,NA,2016,2016-10-27,51.32634,5.10743,10,"Netebekken",30,NA,NA,NA,1,NA,NA,NA,NA,NA,NA,NA,NA,NA,NA,TRUE,"<buffer",NA,c(201489.811499074, 224315.852706982),NA,NA,"ANTARE0229",0
"gbif_data",NA,NA,NA,2016,2016-10-27,51.32636,5.10159,10,"Netebekken",30,NA,NA,NA,1,NA,NA,NA,NA,NA,NA,NA,NA,NA,NA,TRUE,"<buffer",NA,c(201082.719459767, 224314.040193569),NA,NA,"ANTARE0362",0
"gbif_data",NA,NA,NA,2016,2016-10-31,50.98458,5.31555,9,"Demerbekken",100,NA,NA,NA,1,NA,NA,NA,NA,NA,NA,NA,NA,NA,NA,TRUE,"<buffer",NA,c(216481.496648987, 186462.228318658),NA,NA,"LIMZNH0539",0
"gbif_data",NA,NA,NA,2016,2016-11-03,51.25602,3.27591,2,"Bekken van de Brugse Polders",100,1,NA,NA,NA,NA,NA,NA,NA,NA,NA,NA,NA,NA,NA,TRUE,"<buffer","5002695",c(73708.2075069992, 216796.325663944),"2139","2",NA,7.33493980766045
"gbif_data",NA,NA,NA,2016,2016-11-17,51.01711,4.96421,9,"Demerbekken",10,NA,NA,NA,1,NA,NA,NA,NA,NA,NA,NA,NA,NA,NA,TRUE,"<buffer",NA,c(191782.96004762, 189824.501591218),NA,NA,"VBRSZI0393",0
"gbif_data",NA,NA,NA,2016,2016-11-24,51.10793,5.82224,11,"Maasbekken",30,NA,NA,NA,1,NA,NA,NA,NA,NA,NA,NA,NA,NA,NA,TRUE,"<buffer","6e+06",c(251787.449020859, 200757.372207803),"9501","0",NA,0.414041397267692
"gbif_data",NA,NA,NA,2016,2016-11-24,51.10793,5.82224,11,"Maasbekken",30,NA,NA,NA,1,NA,NA,NA,NA,NA,NA,NA,NA,NA,NA,TRUE,"<buffer","6e+06",c(251787.449020859, 200757.372207803),"9501","0",NA,0.414041397267692
"gbif_data",NA,NA,NA,2016,2016-12-13,51.283743,4.391141,4,"Benedenscheldebekken",61,NA,NA,NA,1,NA,NA,NA,NA,NA,NA,NA,NA,NA,NA,TRUE,"<buffer",NA,c(151561.633900437, 219320.220815585),NA,NA,"ANTANT0297",0
"gbif_data",NA,NA,NA,2016,2016-12-13,51.28354,4.39118,4,"Benedenscheldebekken",10,NA,NA,NA,1,NA,NA,NA,NA,NA,NA,NA,NA,NA,NA,TRUE,"<buffer",NA,c(151564.362003561, 219297.636394795),NA,NA,"ANTANT0297",0
"gbif_data",NA,NA,NA,2017,2017-03-12,51.25047,3.27052,2,"Bekken van de Brugse Polders",10,1,NA,NA,NA,NA,NA,NA,NA,NA,NA,NA,NA,NA,NA,TRUE,"<buffer","6011731",c(73322.8319966937, 216184.470012536),"10621","99",NA,11.8847934172393
"gbif_data",NA,NA,NA,2017,2017-03-15,51.2505,3.27095,2,"Bekken van de Brugse Polders",25,1,NA,NA,NA,NA,NA,NA,NA,NA,NA,NA,NA,NA,NA,TRUE,"<buffer",NA,c(73352.9010086999, 216187.363650486),NA,NA,"WVLDAM0067",0
"gbif_data",NA,NA,NA,2017,2017-03-18,51.25051,3.27096,2,"Bekken van de Brugse Polders",10,1,NA,NA,NA,NA,NA,NA,NA,NA,NA,NA,NA,NA,NA,TRUE,"<buffer",NA,c(73353.6155787215, 216188.465772753),NA,NA,"WVLDAM0067",0
"gbif_data",NA,NA,NA,2017,2017-03-22,51.25061,3.2711,2,"Bekken van de Brugse Polders",25,1,NA,NA,NA,NA,NA,NA,NA,NA,NA,NA,NA,NA,NA,TRUE,"<buffer",NA,c(73363.5537843629, 216199.44574194),NA,NA,"WVLDAM0067",3.79678519642625
"gbif_data",NA,NA,NA,2017,2017-03-28,51.25005,3.26759,2,"Bekken van de Brugse Polders",25,1,NA,NA,NA,NA,NA,NA,NA,NA,NA,NA,NA,NA,NA,TRUE,"<buffer",NA,c(73117.5867272301, 216140.775462877),NA,NA,"WVLDAM0690",0
"gbif_data",NA,NA,NA,2017,2017-03-30,51.237,5.2141,10,"Netebekken",30,NA,NA,NA,1,NA,NA,NA,NA,NA,NA,NA,NA,NA,NA,FALSE,"not linked",NA,c(209038.30834702, 214456.142278617),NA,NA,NA,NA
"gbif_data",NA,NA,NA,2017,2017-03-31,51.02578,4.0945,7,"Denderbekken",10,NA,NA,NA,1,NA,NA,NA,NA,NA,NA,NA,NA,NA,NA,TRUE,"<buffer",NA,c(130758.997228335, 190656.435419544),NA,NA,"OVLDND0178",0
"gbif_data",NA,NA,NA,2017,2017-04-01,51.02578,4.0945,7,"Denderbekken",10,NA,NA,NA,1,NA,NA,NA,NA,NA,NA,NA,NA,NA,NA,TRUE,"<buffer",NA,c(130758.997228335, 190656.435419544),NA,NA,"OVLDND0178",0
"gbif_data",NA,NA,NA,2017,2017-04-04,51.25024,3.26892,2,"Bekken van de Brugse Polders",25,1,NA,NA,NA,NA,NA,NA,NA,NA,NA,NA,NA,NA,NA,TRUE,"<buffer","6011731",c(73210.7520429131, 216160.536361857),"10621","99",NA,10.4282520245727
"gbif_data",NA,NA,NA,2017,2017-04-10,51.08807,5.79186,11,"Maasbekken",30,NA,NA,NA,1,NA,NA,NA,NA,NA,NA,NA,NA,NA,NA,FALSE,"not linked",NA,c(249702.565282309, 198507.130441329),NA,NA,NA,NA
"gbif_data",NA,NA,NA,2017,2017-04-11,51.25054,3.27135,2,"Bekken van de Brugse Polders",25,1,NA,NA,NA,NA,NA,NA,NA,NA,NA,NA,NA,NA,NA,TRUE,"<buffer","6011731",c(73380.8920216314, 216191.400837635),"10621","99",NA,7.01188342161684
"gbif_data",NA,NA,NA,2017,2017-04-11,51.0388,4.00523,4,"Benedenscheldebekken",100,NA,NA,NA,1,NA,NA,NA,NA,NA,NA,NA,NA,NA,NA,FALSE,"not linked",NA,c(124503.169829172, 192131.693818912),NA,NA,NA,NA
"gbif_data",NA,NA,NA,2017,2017-04-14,51.08646,5.79231,11,"Maasbekken",30,NA,NA,NA,1,NA,NA,NA,NA,NA,NA,NA,NA,NA,NA,FALSE,"not linked",NA,c(249737.52377691, 198328.656862807),NA,NA,NA,NA
"gbif_data",NA,NA,NA,2017,2017-04-22,51.25047,3.27121,2,"Bekken van de Brugse Polders",10,1,NA,NA,NA,NA,NA,NA,NA,NA,NA,NA,NA,NA,NA,TRUE,"<buffer","6011731",c(73371.003140847, 216183.758150389),"10621","99",NA,2.61666679276842
"gbif_data",NA,NA,NA,2017,2017-04-26,50.99681,5.2709,9,"Demerbekken",25,NA,NA,NA,1,NA,NA,NA,NA,NA,NA,NA,NA,NA,NA,TRUE,"<buffer",NA,c(213329.907086642, 187783.596602453),NA,NA,"LIMHVL0239",0
"gbif_data",NA,NA,NA,2017,2017-05-03,51.25051,3.27109,2,"Bekken van de Brugse Polders",25,1,NA,NA,NA,NA,NA,NA,NA,NA,NA,NA,NA,NA,NA,TRUE,"<buffer",NA,c(73362.6912940315, 216188.331673468),NA,NA,"WVLDAM0067",4.00959682279498
"gbif_data",NA,NA,NA,2017,2017-05-09,51.04654,4.93506,10,"Netebekken",10,1,NA,NA,NA,NA,NA,NA,NA,NA,NA,NA,NA,NA,NA,TRUE,"<buffer",NA,c(189712.551198023, 193082.385817001),NA,NA,"ANTHST0445",0
"gbif_data",NA,NA,NA,2017,2017-05-13,51.17974,5.66081,11,"Maasbekken",100,NA,NA,NA,1,NA,NA,NA,NA,NA,NA,NA,NA,NA,NA,TRUE,"<buffer",NA,c(240344.637631547, 208536.01326414),NA,NA,"LIMBRE0073",9.70014236404116
"gbif_data",NA,NA,NA,2017,2017-06-09,51.07501,4.96938,10,"Netebekken",10,1,NA,NA,NA,NA,NA,NA,NA,NA,NA,NA,NA,NA,NA,TRUE,"<buffer",NA,c(192093.566734743, 196268.450805603),NA,NA,"ANTLKD0080",0
"gbif_data",NA,NA,NA,2017,2017-06-24,51.07622,4.97569,10,"Netebekken",10,1,NA,NA,NA,NA,NA,NA,NA,NA,NA,NA,NA,NA,NA,FALSE,"not linked",NA,c(192534.679180835, 196406.657334117),NA,NA,NA,NA
"gbif_data",NA,NA,NA,2017,2017-06-24,51.076,4.97473,10,"Netebekken",10,1,NA,NA,NA,NA,NA,NA,NA,NA,NA,NA,NA,NA,NA,FALSE,"not linked",NA,c(192467.60270759, 196381.633304393),NA,NA,NA,NA
"gbif_data",NA,NA,NA,2017,2017-06-29,51.10793,5.82224,11,"Maasbekken",30,NA,NA,NA,1,NA,NA,NA,NA,NA,NA,NA,NA,NA,NA,TRUE,"<buffer","6e+06",c(251787.449020859, 200757.372207803),"9501","0",NA,0.414041397267692
"gbif_data",NA,NA,NA,2017,2017-07-06,50.88886,3.66787,6,"Bovenscheldebekken",30,NA,NA,NA,1,NA,NA,NA,NA,NA,NA,NA,NA,NA,NA,TRUE,"<buffer","6020595",c(100684.742190286, 175621.792719577),"5000","1",NA,0.345962859935575
"gbif_data",NA,NA,NA,2017,2017-07-06,50.88853,3.66904,6,"Bovenscheldebekken",30,NA,NA,NA,1,NA,NA,NA,NA,NA,NA,NA,NA,NA,NA,TRUE,"<buffer","6020577",c(100766.717264519, 175584.308807718),"5000","1",NA,14.4404324008158
"gbif_data",NA,NA,NA,2017,2017-07-06,50.99403,5.30964,9,"Demerbekken",10,NA,NA,1,NA,NA,NA,NA,NA,NA,NA,NA,NA,NA,NA,TRUE,"<buffer",NA,c(216053.203620202, 187508.134886173),NA,NA,"LIMZNH0048",0
"gbif_data",NA,NA,NA,2017,2017-07-06,50.88809,3.66804,6,"Bovenscheldebekken",30,NA,NA,NA,1,NA,NA,NA,NA,NA,NA,NA,NA,NA,NA,FALSE,"not linked",NA,c(100695.895780158, 175536.027361117),NA,NA,NA,NA
"gbif_data",NA,NA,NA,2017,2017-08-03,50.89791,4.59868,8,"Dijle- en Zennebekken",25,NA,NA,NA,1,NA,NA,NA,NA,NA,NA,NA,NA,NA,NA,TRUE,"<buffer",NA,c(166175.135248733, 176421.435298636),NA,NA,"VBRKRB0039",0
"gbif_data",NA,NA,NA,2017,2017-08-06,50.9949,5.31853,9,"Demerbekken",10,NA,NA,1,NA,NA,NA,NA,NA,NA,NA,NA,NA,NA,NA,TRUE,"<buffer",NA,c(216676.037550047, 187612.862314315),NA,NA,"LIMZNH0466",2.58756355138588
"gbif_data",NA,NA,NA,2017,2017-08-07,51.33426,4.99579,10,"Netebekken",25,NA,NA,NA,1,NA,NA,NA,NA,NA,NA,NA,NA,NA,NA,TRUE,"<buffer","1500431",c(193700.580111436, 225125.357366133),"8504","2",NA,4.5225122112847
"gbif_data",NA,NA,NA,2017,2017-08-07,51.23247,3.25401,2,"Bekken van de Brugse Polders",100,1,NA,NA,NA,NA,NA,NA,NA,NA,NA,NA,NA,NA,NA,FALSE,"not linked",NA,c(72140.1719063114, 214199.261786605),NA,NA,NA,NA
"gbif_data",NA,NA,NA,2017,2017-08-08,51.2389,5.194,10,"Netebekken",25,NA,NA,NA,1,NA,NA,NA,NA,NA,NA,NA,NA,NA,NA,TRUE,"<buffer",NA,c(207632.24047101, 214651.709542136),NA,NA,"ANTMOL0730",0
"gbif_data",NA,NA,NA,2017,2017-08-08,51.23893,5.194,10,"Netebekken",10,NA,NA,NA,1,NA,NA,NA,NA,NA,NA,NA,NA,NA,NA,TRUE,"<buffer",NA,c(207632.203345071, 214655.046999967),NA,NA,"ANTMOL0730",0
"gbif_data",NA,NA,NA,2017,2017-08-22,51.04843,4.931,10,"Netebekken",10,1,NA,NA,NA,NA,NA,NA,NA,NA,NA,NA,NA,NA,NA,FALSE,"not linked",NA,c(189426.25204755, 193290.471479598),NA,NA,NA,NA
"gbif_data",NA,NA,NA,2017,2017-08-23,51.07613,4.96903,10,"Netebekken",100,1,NA,NA,NA,NA,NA,NA,NA,NA,NA,NA,NA,NA,NA,TRUE,"<buffer",NA,c(192068.029763271, 196392.846686238),NA,NA,"ANTLKD0080",0
"gbif_data",NA,NA,NA,2017,2017-08-26,51.26692,3.29776,2,"Bekken van de Brugse Polders",100,1,NA,NA,NA,NA,NA,NA,NA,NA,NA,NA,NA,NA,NA,TRUE,"<buffer","7052332",c(75250.9299661422, 217986.683547925),"10","0",NA,10.3245166131172
"gbif_data",NA,NA,NA,2017,2017-08-29,51.28698,3.19835,2,"Bekken van de Brugse Polders",10,1,NA,NA,NA,NA,NA,NA,NA,NA,NA,NA,NA,NA,NA,TRUE,"<buffer","7005422",c(68348.4339732596, 220322.880035121),"32203","2",NA,1.15851534262893
"gbif_data",NA,NA,NA,2017,2017-09-10,51.30528,3.35709,2,"Bekken van de Brugse Polders",10,1,NA,NA,NA,NA,NA,NA,NA,NA,NA,NA,NA,NA,NA,TRUE,"GRB/2 + buffer","6043440",c(79449.6400514137, 222196.094678516),"2555","2",NA,16.1244574324783
"gbif_data",NA,NA,NA,2017,2017-09-25,51.22765,3.21386,2,"Bekken van de Brugse Polders",25,1,NA,NA,NA,NA,NA,NA,NA,NA,NA,NA,NA,NA,NA,TRUE,"GRB/2 + buffer","5012572",c(69327.7727237706, 213705.909938033),"32203","2",NA,17.8867071081679
"gbif_data",NA,NA,NA,2017,2017-09-29,50.89282,5.56765,9,"Demerbekken",30,NA,NA,NA,1,NA,NA,NA,NA,NA,NA,NA,NA,NA,NA,FALSE,"not linked",NA,c(234346.82229592, 176511.766325372),NA,NA,NA,NA
"gbif_data",NA,NA,NA,2017,2017-10-16,51.11152,4.30279,4,"Benedenscheldebekken",10,NA,NA,NA,1,NA,NA,NA,NA,NA,NA,NA,NA,NA,NA,TRUE,"<buffer",NA,c(145380.452049324, 200161.531204435),NA,NA,"ANTBRM0270",0
"gbif_data",NA,NA,NA,2017,2017-11-09,51.02256,2.61771,1,"Ijzerbekken",10,NA,NA,NA,NA,NA,NA,1,NA,NA,NA,NA,NA,NA,NA,TRUE,"<buffer","6031723",c(27153.9461992477, 191710.299379497),"1210","0",NA,2.87751742300045
"gbif_data",NA,NA,NA,2017,2017-11-18,50.9881,4.5052,8,"Dijle- en Zennebekken",100,1,NA,NA,NA,NA,NA,NA,NA,NA,NA,NA,NA,NA,NA,TRUE,"<buffer",NA,c(159580.390204241, 186438.218892857),NA,NA,"VBRZEM0090",0
"gbif_data",NA,NA,NA,2017,2017-11-23,51.2837,4.39151,4,"Benedenscheldebekken",10,NA,NA,NA,1,NA,NA,NA,NA,NA,NA,NA,NA,NA,NA,TRUE,"<buffer",NA,c(151587.380919399, 219315.444811757),NA,NA,"ANTANT0297",0
"gbif_data",NA,NA,NA,2017,2017-12-30,50.8944,4.72013,8,"Dijle- en Zennebekken",100,NA,1,NA,NA,NA,NA,NA,NA,NA,NA,NA,NA,NA,NA,TRUE,"<buffer",NA,c(174720.819874243, 176064.502958136),NA,NA,"VBRLEU0129",0
"gbif_data",NA,NA,NA,2018,2018-01-15,51.23584,3.20712,2,"Bekken van de Brugse Polders",10,1,NA,NA,NA,NA,NA,NA,NA,NA,NA,NA,NA,NA,NA,TRUE,"<buffer","7005424",c(68871.2526792086, 214624.317896031),"2225","2",NA,6.48597999546007
"gbif_data",NA,NA,NA,2018,2018-03-16,51.21274,3.13977,2,"Bekken van de Brugse Polders",100,1,NA,NA,NA,NA,NA,NA,NA,NA,NA,NA,NA,NA,NA,FALSE,"not linked",NA,c(64125.4379422078, 212130.360063792),NA,NA,NA,NA
"gbif_data",NA,NA,NA,2018,2018-03-22,51.22738,5.50661,11,"Maasbekken",30,NA,NA,NA,1,NA,NA,NA,NA,NA,NA,NA,NA,NA,NA,TRUE,"GRB/2 + buffer","7055861",c(229482.093810261, 213659.000544336),"5","0",NA,21.9609384483829
"gbif_data",NA,NA,NA,2018,2018-03-22,51.22635,5.50854,11,"Maasbekken",30,NA,NA,NA,1,NA,NA,NA,NA,NA,NA,NA,NA,NA,NA,FALSE,"not linked",NA,c(229618.659064744, 213546.490439815),NA,NA,NA,NA
"gbif_data",NA,NA,NA,2018,2018-03-22,51.22635,5.50854,11,"Maasbekken",30,NA,NA,NA,1,NA,NA,NA,NA,NA,NA,NA,NA,NA,NA,FALSE,"not linked",NA,c(229618.659064744, 213546.490439815),NA,NA,NA,NA
"gbif_data",NA,NA,NA,2018,2018-03-22,51.22635,5.50854,11,"Maasbekken",30,NA,NA,NA,1,NA,NA,NA,NA,NA,NA,NA,NA,NA,NA,FALSE,"not linked",NA,c(229618.659064744, 213546.490439815),NA,NA,NA,NA
"gbif_data",NA,NA,NA,2018,2018-03-30,50.89282,5.56765,9,"Demerbekken",30,NA,NA,NA,1,NA,NA,NA,NA,NA,NA,NA,NA,NA,NA,FALSE,"not linked",NA,c(234346.82229592, 176511.766325372),NA,NA,NA,NA
"gbif_data",NA,NA,NA,2018,2018-04-06,51.23944,5.1975,10,"Netebekken",25,NA,NA,NA,1,NA,NA,NA,NA,NA,NA,NA,NA,NA,NA,TRUE,"<buffer","7078401",c(207875.987973505, 214714.508435714),"43621","2",NA,5.17656137361306
"gbif_data",NA,NA,NA,2018,2018-04-16,51.17502,4.63404,10,"Netebekken",30,NA,NA,NA,1,NA,NA,NA,NA,NA,NA,NA,NA,NA,NA,TRUE,"<buffer","6011663",c(168552.237045404, 207257.302132525),"8849","1",NA,4.88278703518798
"gbif_data",NA,NA,NA,2018,2018-04-27,50.93045,4.55269,8,"Dijle- en Zennebekken",10,NA,NA,NA,1,NA,NA,NA,NA,NA,NA,NA,NA,NA,NA,TRUE,"<buffer",NA,c(162930.791404926, 180032.221615801),NA,NA,"VBRKAM0057",5.2540324972855
"gbif_data",NA,NA,NA,2018,2018-05-02,51.23094,3.19498,2,"Bekken van de Brugse Polders",100,1,NA,NA,NA,NA,NA,NA,NA,NA,NA,NA,NA,NA,NA,TRUE,"<buffer",NA,c(68014.8535550279, 214092.561116402),NA,NA,"WVLBRU1182",0
"gbif_data",NA,NA,NA,2018,2018-05-07,51.09509,5.11184,10,"Netebekken",25,1,NA,NA,NA,NA,NA,NA,NA,NA,NA,NA,NA,NA,NA,FALSE,"not linked",NA,c(202054.914778178, 198592.652389505),NA,NA,NA,NA
"gbif_data",NA,NA,NA,2018,2018-05-23,51.01379,3.93138,4,"Benedenscheldebekken",10,NA,NA,NA,1,NA,NA,NA,NA,NA,NA,NA,NA,NA,NA,TRUE,"<buffer","6018598",c(119307.189095788, 189377.34498213),"5832","2",NA,2.67572927830577
"gbif_data",NA,NA,NA,2018,2018-05-26,51.24302,3.28705,2,"Bekken van de Brugse Polders",25,1,NA,NA,NA,NA,NA,NA,NA,NA,NA,NA,NA,NA,NA,TRUE,"<buffer","28721",c(74464.7802165997, 215338.77147301),"2531","2",NA,4.95965100704613
"gbif_data",NA,NA,NA,2018,2018-05-28,51.11902,5.81099,11,"Maasbekken",30,NA,NA,NA,1,NA,NA,NA,NA,NA,NA,NA,NA,NA,NA,TRUE,"<buffer","6000030",c(250975.736991084, 201975.534308477),"9501","0",NA,0.142884839773534
"gbif_data",NA,NA,NA,2018,2018-05-30,51.25046,3.271,2,"Bekken van de Brugse Polders",10,1,NA,NA,NA,NA,NA,NA,NA,NA,NA,NA,NA,NA,NA,TRUE,"<buffer","6011731",c(73356.3259198081, 216182.862318448),"10621","99",NA,4.1444462676659
"gbif_data",NA,NA,NA,2018,2018-06-03,51.25041,3.27082,2,"Bekken van de Brugse Polders",10,1,NA,NA,NA,NA,NA,NA,NA,NA,NA,NA,NA,NA,NA,TRUE,"<buffer","6011731",c(73343.6773314093, 216177.48582306),"10621","99",NA,0.919150896756238
"gbif_data",NA,NA,NA,2018,2018-06-08,51.25056,3.27157,2,"Bekken van de Brugse Polders",25,1,NA,NA,NA,NA,NA,NA,NA,NA,NA,NA,NA,NA,NA,TRUE,"<buffer","7059315",c(73396.2837734972, 216193.398867338),"10621","99",NA,6.30781108502924
"gbif_data",NA,NA,NA,2018,2018-06-08,50.99463,5.32041,9,"Demerbekken",10,NA,NA,1,NA,NA,NA,NA,NA,NA,NA,NA,NA,NA,NA,TRUE,"<buffer",NA,c(216808.395110736, 187584.519541671),NA,NA,"LIMZNH0184",0
"gbif_data",NA,NA,NA,2018,2018-06-10,51.25065,3.27153,2,"Bekken van de Brugse Polders",10,1,NA,NA,NA,NA,NA,NA,NA,NA,NA,NA,NA,NA,NA,TRUE,"<buffer","7059315",c(73393.6391129736, 216203.452054732),"10621","99",NA,4.07248963930892
"gbif_data",NA,NA,NA,2018,2018-06-12,51.25051,3.2708,2,"Bekken van de Brugse Polders",25,1,NA,NA,NA,NA,NA,NA,NA,NA,NA,NA,NA,NA,NA,TRUE,"<buffer",NA,c(73342.4454678932, 216188.630839837),NA,NA,"WVLDAM0067",7.11246013008116
"gbif_data",NA,NA,NA,2018,2018-06-13,51.25055,3.2714,2,"Bekken van de Brugse Polders",25,1,NA,NA,NA,NA,NA,NA,NA,NA,NA,NA,NA,NA,NA,TRUE,"<buffer","6011731",c(73384.3991107046, 216192.461715848),"10621","99",NA,3.3649152087332
"gbif_data",NA,NA,NA,2018,2018-06-14,51.24147,4.16761,4,"Benedenscheldebekken",25,NA,NA,NA,1,NA,NA,NA,NA,NA,NA,NA,NA,NA,NA,TRUE,"<buffer","7074057",c(135952.967034875, 214635.717861338),"47902","2",NA,0.772378292197087
"gbif_data",NA,NA,NA,2018,2018-06-15,51.25057,3.27153,2,"Bekken van de Brugse Polders",25,1,NA,NA,NA,NA,NA,NA,NA,NA,NA,NA,NA,NA,NA,TRUE,"<buffer","7059315",c(73393.5076778093, 216194.552547278),"10621","99",NA,4.61654951976621
"gbif_data",NA,NA,NA,2018,2018-06-17,51.25055,3.2714,2,"Bekken van de Brugse Polders",25,1,NA,NA,NA,NA,NA,NA,NA,NA,NA,NA,NA,NA,NA,TRUE,"<buffer","6011731",c(73384.3991107046, 216192.461715848),"10621","99",NA,3.3649152087332
"gbif_data",NA,NA,NA,2018,2018-06-19,51.25058,3.27153,2,"Bekken van de Brugse Polders",25,1,NA,NA,NA,NA,NA,NA,NA,NA,NA,NA,NA,NA,NA,TRUE,"<buffer","7059315",c(73393.5241072046, 216195.664985695),"10621","99",NA,3.53041963929706
"gbif_data",NA,NA,NA,2018,2018-06-21,51.2507,3.27272,2,"Bekken van de Brugse Polders",25,1,NA,NA,NA,NA,NA,NA,NA,NA,NA,NA,NA,NA,NA,TRUE,"<buffer","6025929",c(73476.7986410781, 216207.787958583),"15706","99",NA,4.68764295573418
"gbif_data",NA,NA,NA,2018,2018-06-25,51.25053,3.27118,2,"Bekken van de Brugse Polders",25,1,NA,NA,NA,NA,NA,NA,NA,NA,NA,NA,NA,NA,NA,TRUE,"<buffer",NA,c(73369.0073509687, 216190.463721439),NA,NA,"WVLDAM0067",8.83061676049496
"gbif_data",NA,NA,NA,2018,2018-06-29,51.25063,3.27146,2,"Bekken van de Brugse Polders",10,1,NA,NA,NA,NA,NA,NA,NA,NA,NA,NA,NA,NA,NA,TRUE,"<buffer","7059321",c(73388.7193426815, 216201.299354031),"59660","9",NA,1.93773372285112
"gbif_data",NA,NA,NA,2018,2018-06-29,51.1608,3.22947,2,"Bekken van de Brugse Polders",10,1,NA,NA,NA,NA,NA,NA,NA,NA,NA,NA,NA,NA,NA,FALSE,"not linked",NA,c(70304.0398066383, 206252.65167709),NA,NA,NA,NA
"gbif_data",NA,NA,NA,2018,2018-07-08,51.23983,3.23315,2,"Bekken van de Brugse Polders",10,1,NA,NA,NA,NA,NA,NA,NA,NA,NA,NA,NA,NA,NA,FALSE,"not linked",NA,c(70695.8281075797, 215040.069987088),NA,NA,NA,NA
"gbif_data",NA,NA,NA,2018,2018-07-10,51.25088,3.27102,2,"Bekken van de Brugse Polders",25,1,NA,NA,NA,NA,NA,NA,NA,NA,NA,NA,NA,NA,NA,TRUE,"<buffer","7059321",c(73358.4125407394, 216229.564098004),"59660","9",NA,4.95601351984535
"gbif_data",NA,NA,NA,2018,2018-07-24,51.14835,4.43877,4,"Benedenscheldebekken",10,1,NA,NA,NA,NA,NA,NA,NA,NA,NA,NA,NA,NA,NA,TRUE,"<buffer",NA,c(154899.102383501, 204259.247125796),NA,NA,"ANTEDE0044",0
"gbif_data",NA,NA,NA,2018,2018-07-24,51.25041,3.27023,2,"Bekken van de Brugse Polders",25,1,NA,NA,NA,NA,NA,NA,NA,NA,NA,NA,NA,NA,NA,TRUE,"<buffer","6011731",c(73302.4874622484, 216178.094706175),"10621","99",NA,9.82682738778714
"gbif_data",NA,NA,NA,2018,2018-07-25,51.14554,5.14877,10,"Netebekken",30,NA,NA,NA,1,NA,NA,NA,NA,NA,NA,NA,NA,NA,NA,TRUE,"<buffer",NA,c(204582.849629547, 204231.486382771),NA,NA,"ANTBAL0180",0
"gbif_data",NA,NA,NA,2018,2018-07-26,50.86748,4.71247,8,"Dijle- en Zennebekken",10,NA,1,NA,NA,NA,NA,NA,NA,NA,NA,NA,NA,NA,NA,TRUE,"<buffer",NA,c(174195.801492904, 173067.37774904),NA,NA,"VBRLEU0127",0
"gbif_data",NA,NA,NA,2018,2018-07-26,51.14838,4.43875,4,"Benedenscheldebekken",10,1,NA,NA,NA,NA,NA,NA,NA,NA,NA,NA,NA,NA,NA,TRUE,"<buffer",NA,c(154897.69972878, 204262.583339835),NA,NA,"ANTEDE0044",0
"gbif_data",NA,NA,NA,2018,2018-07-26,51.14838,4.43875,4,"Benedenscheldebekken",10,1,NA,NA,NA,NA,NA,NA,NA,NA,NA,NA,NA,NA,NA,TRUE,"<buffer",NA,c(154897.69972878, 204262.583339835),NA,NA,"ANTEDE0044",0
"gbif_data",NA,NA,NA,2018,2018-08-06,51.27339,3.21342,2,"Bekken van de Brugse Polders",10,1,NA,NA,NA,NA,NA,NA,NA,NA,NA,NA,NA,NA,NA,TRUE,"<buffer","5002932",c(69376.1703867068, 218794.620726922),"2249","2",NA,4.23382973178525
"gbif_data",NA,NA,NA,2018,2018-08-17,51.25046,3.27098,2,"Bekken van de Brugse Polders",25,1,NA,NA,NA,NA,NA,NA,NA,NA,NA,NA,NA,NA,NA,TRUE,"<buffer","6011731",c(73354.9296544258, 216182.882949788),"10621","99",NA,4.39420082231511
"gbif_data",NA,NA,NA,2018,2018-08-17,50.96052,5.13648,9,"Demerbekken",10,NA,NA,NA,1,NA,NA,NA,NA,NA,NA,NA,NA,NA,NA,TRUE,"<buffer",NA,c(203935.873196664, 183640.531942137),NA,NA,"LIMLUM0076",0
"gbif_data",NA,NA,NA,2018,2018-08-18,51.25251,3.2761,2,"Bekken van de Brugse Polders",10,1,NA,NA,NA,NA,NA,NA,NA,NA,NA,NA,NA,NA,NA,FALSE,"not linked",NA,c(73715.7277648181, 216405.66376809),NA,NA,NA,NA
"gbif_data",NA,NA,NA,2018,2018-08-18,51.2526,3.27613,2,"Bekken van de Brugse Polders",100,1,NA,NA,NA,NA,NA,NA,NA,NA,NA,NA,NA,NA,NA,FALSE,"not linked",NA,c(73717.9693173001, 216415.644929848),NA,NA,NA,NA
"gbif_data",NA,NA,NA,2018,2018-08-21,50.88851,4.08951,7,"Denderbekken",10,NA,NA,NA,1,NA,NA,NA,NA,NA,NA,NA,NA,NA,NA,TRUE,"<buffer","6032091",c(130351.626995412, 175387.327925873),"5956","1",NA,12.578876759096
"gbif_data",NA,NA,NA,2018,2018-09-23,51.14585,5.14702,10,"Netebekken",30,NA,NA,NA,1,NA,NA,NA,NA,NA,NA,NA,NA,NA,NA,TRUE,"<buffer",NA,c(204460.03289236, 204264.686306491),NA,NA,"ANTBAL0177",0
"gbif_data",NA,NA,NA,2018,2018-09-23,51.14585,5.14702,10,"Netebekken",30,NA,NA,NA,1,NA,NA,NA,NA,NA,NA,NA,NA,NA,NA,TRUE,"<buffer",NA,c(204460.03289236, 204264.686306491),NA,NA,"ANTBAL0177",0
"gbif_data",NA,NA,NA,2018,2018-10-04,51.27363,3.2133,2,"Bekken van de Brugse Polders",10,1,NA,NA,NA,NA,NA,NA,NA,NA,NA,NA,NA,NA,NA,TRUE,"<buffer","5002932",c(69368.2122622674, 218821.449405199),"2249","2",NA,2.37250444542928
"gbif_data",NA,NA,NA,2018,2018-10-15,51.23216,3.19095,2,"Bekken van de Brugse Polders",100,1,NA,NA,NA,NA,NA,NA,NA,NA,NA,NA,NA,NA,NA,TRUE,"<buffer",NA,c(67735.5444057357, 214232.730042745),NA,NA,"WVLBRU1182",0
"gbif_data",NA,NA,NA,2018,2018-10-17,51.2505,3.27106,2,"Bekken van de Brugse Polders",25,1,NA,NA,NA,NA,NA,NA,NA,NA,NA,NA,NA,NA,NA,TRUE,"<buffer",NA,c(73360.5804617334, 216187.250179768),NA,NA,"WVLDAM0067",3.30518905685541
"gbif_data",NA,NA,NA,2018,2018-10-22,51.23306,5.10179,10,"Netebekken",10,NA,NA,NA,1,NA,NA,NA,NA,NA,NA,NA,NA,NA,NA,FALSE,"not linked",NA,c(201199.233701184, 213934.376639306),NA,NA,NA,NA
"gbif_data",NA,NA,NA,2018,2018-10-28,51.24987,3.20534,2,"Bekken van de Brugse Polders",10,1,NA,NA,NA,NA,NA,NA,NA,NA,NA,NA,NA,NA,NA,TRUE,"<buffer","6036138",c(68771.3893788972, 216186.988181616),"2426","2",NA,1.39516318500976
"gbif_data",NA,NA,NA,2018,2018-11-25,51.25322,3.28772,2,"Bekken van de Brugse Polders",10,1,NA,NA,NA,NA,NA,NA,NA,NA,NA,NA,NA,NA,NA,TRUE,"<buffer","6005791",c(74528.0732837572, 216472.780240855),"2696","99",NA,2.52292604763662
"gbif_data",NA,NA,NA,2018,2018-12-27,51.24987,3.20533,2,"Bekken van de Brugse Polders",10,1,NA,NA,NA,NA,NA,NA,NA,NA,NA,NA,NA,NA,NA,TRUE,"<buffer","6036138",c(68770.6912467657, 216186.999114728),"2426","2",NA,1.09003123093251
"gbif_data",NA,NA,NA,2019,2019-01-03,51.27955,3.21194,2,"Bekken van de Brugse Polders",25,1,NA,NA,NA,NA,NA,NA,NA,NA,NA,NA,NA,NA,NA,TRUE,"<buffer","7013504",c(69283.5693876805, 219481.488701194),"44308","2",NA,6.90082009538287
"gbif_data",NA,NA,NA,2019,2019-01-03,51.21043,3.13986,2,"Bekken van de Brugse Polders",100,1,NA,NA,NA,NA,NA,NA,NA,NA,NA,NA,NA,NA,NA,TRUE,"<buffer","6033337",c(64127.4752387152, 211873.293861134),"12","0",NA,6.33496890354547
"gbif_data",NA,NA,NA,2019,2019-01-07,51.24601,3.42344,2,"Bekken van de Brugse Polders",10,1,NA,NA,NA,NA,NA,NA,NA,NA,NA,NA,NA,NA,NA,TRUE,"<buffer","4521247",c(83992.5164331967, 215541.487692832),"2156","2",NA,0.13618915498105
"gbif_data",NA,NA,NA,2019,2019-01-12,51.33358,4.99752,10,"Netebekken",10,NA,NA,NA,1,NA,NA,NA,NA,NA,NA,NA,NA,NA,NA,TRUE,"<buffer","1500431",c(193821.790091282, 225050.7241316),"8504","2",NA,1.08237269022255
"gbif_data",NA,NA,NA,2019,2019-01-27,51.19687,4.43167,4,"Benedenscheldebekken",25,NA,1,NA,NA,NA,NA,NA,NA,NA,NA,NA,NA,NA,NA,TRUE,"<buffer",NA,c(154397.663523098, 209656.772610242),NA,NA,"ANTANT0029",0
"gbif_data",NA,NA,NA,2019,2019-03-18,51.28368,4.39122,4,"Benedenscheldebekken",10,NA,NA,NA,1,NA,NA,NA,NA,NA,NA,NA,NA,NA,NA,TRUE,"<buffer",NA,c(151567.147997836, 219313.213310936),NA,NA,"ANTANT0297",0
"gbif_data",NA,NA,NA,2019,2019-03-18,51.283805,4.391429,4,"Benedenscheldebekken",61,NA,NA,NA,1,NA,NA,NA,NA,NA,NA,NA,NA,NA,NA,TRUE,"<buffer",NA,c(151581.725784199, 219327.125065228),NA,NA,"ANTANT0297",0
"gbif_data",NA,NA,NA,2019,2019-03-22,51.24143,3.20996,2,"Bekken van de Brugse Polders",25,1,NA,NA,NA,NA,NA,NA,NA,NA,NA,NA,NA,NA,NA,TRUE,"<buffer","5012573",c(69079.2816627741, 215243.062795224),"32203","2",NA,8.15500994973994
"gbif_data",NA,NA,NA,2019,2019-04-01,51.2221,5.08844,10,"Netebekken",10,NA,NA,NA,1,NA,NA,NA,NA,NA,NA,NA,NA,NA,NA,FALSE,"not linked",NA,c(200278.651166396, 212705.949188206),NA,NA,NA,NA
"gbif_data",NA,NA,NA,2019,2019-04-10,50.89947,4.60115,8,"Dijle- en Zennebekken",10,NA,NA,NA,1,NA,NA,NA,NA,NA,NA,NA,NA,NA,NA,TRUE,"<buffer",NA,c(166348.351950507, 176595.51515957),NA,NA,"VBRKRB0039",0
"gbif_data",NA,NA,NA,2019,2019-04-21,50.94726,5.72237,11,"Maasbekken",10,NA,NA,NA,1,NA,NA,NA,NA,NA,NA,NA,NA,NA,NA,TRUE,"<buffer",NA,c(245120.353298007, 182754.031023327),NA,NA,"LIMMSM0248",0
"gbif_data",NA,NA,NA,2019,2019-04-25,51.23309,3.05896,2,"Bekken van de Brugse Polders",10,1,NA,NA,NA,NA,NA,NA,NA,NA,NA,NA,NA,NA,NA,TRUE,"<buffer","6042510",c(58519.3834119456, 214490.521123045),"2282","2",NA,7.72277141666129
"gbif_data",NA,NA,NA,2019,2019-04-26,51.2319,3.19128,2,"Bekken van de Brugse Polders",100,1,NA,NA,NA,NA,NA,NA,NA,NA,NA,NA,NA,NA,NA,TRUE,"<buffer",NA,c(67758.133031589, 214203.441992803),NA,NA,"WVLBRU1182",0
"gbif_data",NA,NA,NA,2019,2019-04-26,51.2319,3.19128,2,"Bekken van de Brugse Polders",100,1,NA,NA,NA,NA,NA,NA,NA,NA,NA,NA,NA,NA,NA,TRUE,"<buffer",NA,c(67758.133031589, 214203.441992803),NA,NA,"WVLBRU1182",0
"gbif_data",NA,NA,NA,2019,2019-05-14,51.04517,3.68254,3,"Bekken van de Gentse Kanalen",100,NA,NA,NA,NA,NA,NA,1,NA,NA,NA,NA,NA,NA,NA,TRUE,"<buffer",NA,c(101877.454651734, 193000.08366131),NA,NA,"OVLGNT0817",0
"gbif_data",NA,NA,NA,2019,2019-05-22,50.90919,5.72211,11,"Maasbekken",30,NA,NA,NA,1,NA,NA,NA,NA,NA,NA,NA,NA,NA,NA,TRUE,"<buffer","6000026",c(245179.310392807, 178519.366071683),"9501","0",NA,0.0206193574086215
"gbif_data",NA,NA,NA,2019,2019-05-25,50.96286,5.72011,11,"Maasbekken",25,NA,NA,NA,1,NA,NA,NA,NA,NA,NA,NA,NA,NA,NA,FALSE,"not linked",NA,c(244929.959368019, 184486.260226943),NA,NA,NA,NA
"gbif_data",NA,NA,NA,2019,2019-05-31,50.77854,4.3173,8,"Dijle- en Zennebekken",10,NA,NA,NA,1,NA,NA,NA,NA,NA,NA,NA,NA,NA,NA,TRUE,"<buffer",NA,c(146371.249946798, 163118.68569677),NA,NA,"VBRBSL0254",0
"gbif_data",NA,NA,NA,2019,2019-05-31,51.29327,4.96621,10,"Netebekken",60,NA,NA,NA,1,NA,NA,NA,NA,NA,NA,NA,NA,NA,NA,TRUE,"<buffer",NA,c(191675.800192367, 220547.985589311),NA,NA,"ANTTUR0207",0
"gbif_data",NA,NA,NA,2019,2019-06-01,51.2499,3.20543,2,"Bekken van de Brugse Polders",25,1,NA,NA,NA,NA,NA,NA,NA,NA,NA,NA,NA,NA,NA,TRUE,"<buffer","6036138",c(68777.7248272325, 216190.227056967),"2426","2",NA,2.12324016869381
"gbif_data",NA,NA,NA,2019,2019-06-20,51.23008,3.05312,2,"Bekken van de Brugse Polders",50,1,NA,NA,NA,NA,NA,NA,NA,NA,NA,NA,NA,NA,NA,TRUE,"GRB/2 + buffer","6019141",c(58105.6109862821, 214162.902978191),"2122","1",NA,19.340639433202
"gbif_data",NA,NA,NA,2019,2019-06-23,51.21326,4.47214,4,"Benedenscheldebekken",25,NA,NA,NA,1,NA,NA,NA,NA,NA,NA,NA,NA,NA,NA,TRUE,"<buffer",NA,c(157224.007039882, 211483.41818853),NA,NA,"ANTANT0477",0
"gbif_data",NA,NA,NA,2019,2019-06-23,51.21318,4.47332,4,"Benedenscheldebekken",25,NA,NA,NA,1,NA,NA,NA,NA,NA,NA,NA,NA,NA,NA,TRUE,"<buffer",NA,c(157306.474007471, 211474.6340849),NA,NA,"ANTANT0477",0
"gbif_data",NA,NA,NA,2019,2019-07-02,50.90124,5.69286,11,"Maasbekken",25,NA,NA,NA,1,NA,NA,NA,NA,NA,NA,NA,NA,NA,NA,TRUE,"<buffer",NA,c(243138.205849512, 177598.019887134),NA,NA,"LIMLNK0018",0
"gbif_data",NA,NA,NA,2019,2019-07-03,51.28062,3.22573,2,"Bekken van de Brugse Polders",25,1,NA,NA,NA,NA,NA,NA,NA,NA,NA,NA,NA,NA,NA,FALSE,"not linked",NA,c(70247.5145178261, 219585.627704717),NA,NA,NA,NA
"gbif_data",NA,NA,NA,2019,2019-07-08,51.10995,3.97632,3,"Bekken van de Gentse Kanalen",15,1,NA,NA,NA,NA,NA,NA,NA,NA,NA,NA,NA,NA,NA,TRUE,"<buffer","6030500",c(122517.265638926, 200057.228476097),"15074","0",NA,1.73760590355671
"gbif_data",NA,NA,NA,2019,2019-07-22,51.26437,3.20045,2,"Bekken van de Brugse Polders",7,1,NA,NA,NA,NA,NA,NA,NA,NA,NA,NA,NA,NA,NA,TRUE,"<buffer",NA,c(68455.3697560662, 217805.362088227),NA,NA,"WVLBRU1217",0
"gbif_data",NA,NA,NA,2019,2019-07-24,51.33184,4.72923,10,"Netebekken",25,NA,NA,NA,1,NA,NA,NA,NA,NA,NA,NA,NA,NA,NA,TRUE,"<buffer",NA,c(175124.32282389, 224732.39908325),NA,NA,"ANTRIJ0308",0
"gbif_data",NA,NA,NA,2019,2019-07-28,51.09909,5.81675,11,"Maasbekken",60,1,NA,NA,NA,NA,NA,NA,NA,NA,NA,NA,NA,NA,NA,TRUE,"<buffer",NA,c(251422.219676468, 199766.595733491),NA,NA,"LIMMSK0456",0
"gbif_data",NA,NA,NA,2019,2019-07-28,51.09861,5.8167,11,"Maasbekken",30,1,NA,NA,NA,NA,NA,NA,NA,NA,NA,NA,NA,NA,NA,TRUE,"<buffer",NA,c(251419.759715946, 199713.137748198),NA,NA,"LIMMSK0456",0
"gbif_data",NA,NA,NA,2019,2019-07-31,51.32126,3.2341,2,"Bekken van de Brugse Polders",25,1,NA,NA,NA,NA,NA,NA,NA,NA,NA,NA,NA,NA,NA,TRUE,"GRB/2 + buffer","6354",c(70900.5179455893, 224097.684719863),"2121","0",NA,18.5731319134122
"gbif_data",NA,NA,NA,2019,2019-08-03,50.83921,3.31762,5,"Leiebekken",5,NA,NA,NA,1,NA,NA,NA,NA,NA,NA,NA,NA,NA,NA,TRUE,"<buffer",NA,c(75963.8206460019, 170389.731927216),NA,NA,"WVLHAR0329",0
"gbif_data",NA,NA,NA,2019,2019-08-03,50.83923,3.31768,5,"Leiebekken",25,NA,NA,NA,1,NA,NA,NA,NA,NA,NA,NA,NA,NA,NA,TRUE,"<buffer",NA,c(75968.0779176695, 170391.896729635),NA,NA,"WVLHAR0329",0
"gbif_data",NA,NA,NA,2019,2019-08-05,51.33353,4.99766,10,"Netebekken",5,NA,NA,NA,1,NA,NA,NA,NA,NA,NA,NA,NA,NA,NA,TRUE,"<buffer","1500431",c(193831.594400277, 225045.244067565),"8504","2",NA,3.83208374084008
"gbif_data",NA,NA,NA,2019,2019-08-05,51.33347,4.99759,10,"Netebekken",5,NA,NA,NA,1,NA,NA,NA,NA,NA,NA,NA,NA,NA,NA,TRUE,"<buffer","1500431",c(193826.772422953, 225038.527353087),"8504","2",NA,2.6993770468689
"gbif_data",NA,NA,NA,2019,2019-08-13,51.02106,4.51118,8,"Dijle- en Zennebekken",25,NA,NA,NA,1,NA,NA,NA,NA,NA,NA,NA,NA,NA,NA,TRUE,"<buffer",NA,c(159993.201669693, 190105.674082947),NA,NA,"ANTMEC0388",0
"gbif_data",NA,NA,NA,2019,2019-08-24,51.29281,3.24879,2,"Bekken van de Brugse Polders",25,1,NA,NA,NA,NA,NA,NA,NA,NA,NA,NA,NA,NA,NA,FALSE,"not linked",NA,c(71876.7985638021, 220917.20049418),NA,NA,NA,NA
"gbif_data",NA,NA,NA,2019,2019-08-26,51.07579,5.0006,10,"Netebekken",30,1,NA,NA,NA,NA,NA,NA,NA,NA,NA,NA,NA,NA,NA,TRUE,"<buffer",NA,c(194280.767653275, 196373.400870293),NA,NA,"ANTLKD0158",4.42290292923049
"gbif_data",NA,NA,NA,2019,2019-08-31,51.01915,5.75595,11,"Maasbekken",10,NA,NA,NA,1,NA,NA,NA,NA,NA,NA,NA,NA,NA,NA,TRUE,"<buffer",NA,c(247330.31496033, 190793.63177347),NA,NA,"LIMDST0154",0
"gbif_data",NA,NA,NA,2019,2019-09-01,50.98294,4.51156,8,"Dijle- en Zennebekken",30,1,NA,NA,NA,NA,NA,NA,NA,NA,NA,NA,NA,NA,NA,TRUE,"<buffer",NA,c(160028.059749522, 185865.037817862),NA,NA,"VBRZEM0090",0.472619711642336
"gbif_data",NA,NA,NA,2019,2019-09-01,50.98294,4.51156,8,"Dijle- en Zennebekken",25,1,NA,NA,NA,NA,NA,NA,NA,NA,NA,NA,NA,NA,NA,TRUE,"<buffer",NA,c(160028.059749522, 185865.037817862),NA,NA,"VBRZEM0090",0.472619711642336
"gbif_data",NA,NA,NA,2019,2019-09-03,51.25701,4.92282,10,"Netebekken",25,NA,NA,NA,1,NA,NA,NA,NA,NA,NA,NA,NA,NA,NA,TRUE,"<buffer",NA,c(188679.286441915, 216490.417591717),NA,NA,"ANTKAS0426",0
"gbif_data",NA,NA,NA,2019,2019-09-07,51.09139,5.00895,10,"Netebekken",25,1,NA,NA,NA,NA,NA,NA,NA,NA,NA,NA,NA,NA,NA,TRUE,"<buffer",NA,c(194850.956604602, 198113.838896713),NA,NA,"ANTLKD0257",0
"gbif_data",NA,NA,NA,2019,2019-09-13,51.23297,3.19476,2,"Bekken van de Brugse Polders",100,1,NA,NA,NA,NA,NA,NA,NA,NA,NA,NA,NA,NA,NA,TRUE,"<buffer",NA,c(68003.0570669073, 214318.623661129),NA,NA,"WVLBRU1182",0
"gbif_data",NA,NA,NA,2019,2019-09-13,51.23297,3.19476,2,"Bekken van de Brugse Polders",100,1,NA,NA,NA,NA,NA,NA,NA,NA,NA,NA,NA,NA,NA,TRUE,"<buffer",NA,c(68003.0570669073, 214318.623661129),NA,NA,"WVLBRU1182",0
"gbif_data",NA,NA,NA,2019,2019-09-13,51.23297,3.19476,2,"Bekken van de Brugse Polders",100,1,NA,NA,NA,NA,NA,NA,NA,NA,NA,NA,NA,NA,NA,TRUE,"<buffer",NA,c(68003.0570669073, 214318.623661129),NA,NA,"WVLBRU1182",0
"gbif_data",NA,NA,NA,2019,2019-09-13,51.23297,3.19476,2,"Bekken van de Brugse Polders",100,1,NA,NA,NA,NA,NA,NA,NA,NA,NA,NA,NA,NA,NA,TRUE,"<buffer",NA,c(68003.0570669073, 214318.623661129),NA,NA,"WVLBRU1182",0
"gbif_data",NA,NA,NA,2019,2019-09-13,51.23297,3.19476,2,"Bekken van de Brugse Polders",100,1,NA,NA,NA,NA,NA,NA,NA,NA,NA,NA,NA,NA,NA,TRUE,"<buffer",NA,c(68003.0570669073, 214318.623661129),NA,NA,"WVLBRU1182",0
"gbif_data",NA,NA,NA,2019,2019-09-21,51.09504,4.2,4,"Benedenscheldebekken",5,NA,NA,NA,1,NA,NA,NA,NA,NA,NA,NA,NA,NA,NA,TRUE,"<buffer",NA,c(138178.023292322, 198339.449518292),NA,NA,"ANTBRM0391",0
"gbif_data",NA,NA,NA,2019,2019-09-23,50.97659,5.49331,9,"Demerbekken",15,NA,NA,NA,1,NA,NA,NA,NA,NA,NA,NA,NA,NA,NA,TRUE,"<buffer",NA,c(228975.925051581, 185747.695934741),NA,NA,"LIMGNK0355",3.38683012426353
"gbif_data",NA,NA,NA,2019,2019-09-23,51.03494,3.9782,4,"Benedenscheldebekken",25,NA,NA,NA,1,NA,NA,NA,NA,NA,NA,NA,NA,NA,NA,TRUE,"<buffer",NA,c(122605.108695398, 191711.894469903),NA,NA,"OVLBLE0018",0
"gbif_data",NA,NA,NA,2019,2019-09-23,51.10141,4.03276,4,"Benedenscheldebekken",15,NA,NA,NA,1,NA,NA,NA,NA,NA,NA,NA,NA,NA,NA,TRUE,"<buffer",NA,c(126465.501528132, 199087.813367347),NA,NA,"OVLWSM0197",0
"gbif_data",NA,NA,NA,2019,2019-09-27,51.10739,3.99779,3,"Bekken van de Gentse Kanalen",5,1,NA,NA,NA,NA,NA,NA,NA,NA,NA,NA,NA,NA,NA,FALSE,"not linked",NA,c(124019.400321818, 199764.716826282),NA,NA,NA,NA
"gbif_data",NA,NA,NA,2019,2019-09-28,51.09468,4.19952,4,"Benedenscheldebekken",15,NA,NA,NA,1,NA,NA,NA,NA,NA,NA,NA,NA,NA,NA,TRUE,"<buffer",NA,c(138144.306664275, 198299.476036792),NA,NA,"ANTBRM0391",0
"gbif_data",NA,NA,NA,2019,2019-09-29,51.02819,5.70849,11,"Maasbekken",15,NA,NA,NA,1,NA,NA,NA,NA,NA,NA,NA,NA,NA,NA,TRUE,"<buffer",NA,c(243982.574517888, 191737.960118945),NA,NA,"LIMDST0083",2.56213682827922
"gbif_data",NA,NA,NA,2019,2019-09-29,51.02841,5.70835,11,"Maasbekken",5,NA,NA,NA,1,NA,NA,NA,NA,NA,NA,NA,NA,NA,NA,TRUE,"<buffer",NA,c(243972.312813715, 191762.25317048),NA,NA,"LIMDST0083",0
"gbif_data",NA,NA,NA,2019,2019-10-03,51.26084,3.19812,2,"Bekken van de Brugse Polders",10,1,NA,NA,NA,NA,NA,NA,NA,NA,NA,NA,NA,NA,NA,TRUE,"<buffer","5012569",c(68286.5679509877, 217415.235223297),"32203","2",NA,0.179072658037821
"gbif_data",NA,NA,NA,2019,2019-10-06,51.2576,3.28357,2,"Bekken van de Brugse Polders",5,1,NA,NA,NA,NA,NA,NA,NA,NA,NA,NA,NA,NA,NA,TRUE,"<buffer","5002747",c(74245.481618245, 216964.253944742),"2139","2",NA,13.7143599384039
"gbif_data",NA,NA,NA,2019,2019-10-07,51.23678,5.21966,10,"Netebekken",30,NA,NA,NA,1,NA,NA,NA,NA,NA,NA,NA,NA,NA,NA,TRUE,"<buffer","7041118",c(209426.880049097, 214436.106722402),"43621","9",NA,0.165422624007756
"gbif_data",NA,NA,NA,2019,2019-10-07,51.21733,5.23364,10,"Netebekken",30,NA,NA,NA,1,NA,NA,NA,NA,NA,NA,NA,NA,NA,NA,TRUE,"<buffer","7078408",c(210428.422586364, 212283.634791499),"8648","9",NA,2.77556316821669
"gbif_data",NA,NA,NA,2019,2019-10-07,51.22149,5.2312,10,"Netebekken",30,NA,NA,NA,1,NA,NA,NA,NA,NA,NA,NA,NA,NA,NA,FALSE,"not linked",NA,c(210252.570062303, 212744.438188784),NA,NA,NA,NA
"gbif_data",NA,NA,NA,2019,2019-10-08,51.2064,5.22649,10,"Netebekken",30,NA,NA,NA,1,NA,NA,NA,NA,NA,NA,NA,NA,NA,NA,FALSE,"not linked",NA,c(209942.939974654, 211061.90706049),NA,NA,NA,NA
"gbif_data",NA,NA,NA,2019,2019-10-08,51.2064,5.22649,10,"Netebekken",30,NA,NA,NA,1,NA,NA,NA,NA,NA,NA,NA,NA,NA,NA,FALSE,"not linked",NA,c(209942.939974654, 211061.90706049),NA,NA,NA,NA
"gbif_data",NA,NA,NA,2019,2019-10-08,51.2064,5.22649,10,"Netebekken",30,NA,NA,NA,1,NA,NA,NA,NA,NA,NA,NA,NA,NA,NA,FALSE,"not linked",NA,c(209942.939974654, 211061.90706049),NA,NA,NA,NA
"gbif_data",NA,NA,NA,2019,2019-10-09,51.29159,3.13645,2,"Bekken van de Brugse Polders",25,1,NA,NA,NA,NA,NA,NA,NA,NA,NA,NA,NA,NA,NA,TRUE,"<buffer","5012686",c(64038.9798695952, 220905.535663089),"2256","2",NA,12.5247754898178
"gbif_data",NA,NA,NA,2019,2019-10-17,51.07524,5.10853,10,"Netebekken",25,1,NA,NA,NA,NA,NA,NA,NA,NA,NA,NA,NA,NA,NA,TRUE,"<buffer","7072789",c(201845.070350877, 196382.150434657),"8503","1",NA,4.12320579821925
"gbif_data",NA,NA,NA,2019,2019-10-20,51.19681,4.43148,4,"Benedenscheldebekken",15,NA,1,NA,NA,NA,NA,NA,NA,NA,NA,NA,NA,NA,NA,TRUE,"<buffer",NA,c(154384.388002513, 209650.086033396),NA,NA,"ANTANT0029",2.9262138470204
"gbif_data",NA,NA,NA,2019,2019-10-26,50.89193,4.72128,8,"Dijle- en Zennebekken",15,NA,1,NA,NA,NA,NA,NA,NA,NA,NA,NA,NA,NA,NA,FALSE,"not linked",NA,c(174803.03356931, 175790.122039105),NA,NA,NA,NA
"gbif_data",NA,NA,NA,2019,2019-10-27,50.99611,4.38066,8,"Dijle- en Zennebekken",100,NA,NA,NA,1,NA,NA,NA,NA,NA,NA,NA,NA,NA,NA,FALSE,"not linked",NA,c(150835.794147819, 187320.478940683),NA,NA,NA,NA
"gbif_data",NA,NA,NA,2019,2019-10-28,51.23282,3.19049,2,"Bekken van de Brugse Polders",10,1,NA,NA,NA,NA,NA,NA,NA,NA,NA,NA,NA,NA,NA,TRUE,"<buffer","6038448",c(67704.5826870019, 214306.658659134),"2225","2",NA,0.155054544690034
"gbif_data",NA,NA,NA,2019,2019-11-01,50.89146,4.72155,8,"Dijle- en Zennebekken",10,NA,1,NA,NA,NA,NA,NA,NA,NA,NA,NA,NA,NA,NA,TRUE,"<buffer",NA,c(174822.278939441, 175737.929213321),NA,NA,"VBRLEU0131",0
"gbif_data",NA,NA,NA,2019,2019-11-04,50.91774,3.24482,5,"Leiebekken",60,NA,NA,NA,1,NA,NA,NA,NA,NA,NA,NA,NA,NA,NA,FALSE,"not linked",NA,c(70968.6993110779, 179199.600751412),NA,NA,NA,NA
"gbif_data",NA,NA,NA,2019,2019-12-10,51.28358,4.39146,4,"Benedenscheldebekken",7,NA,NA,NA,1,NA,NA,NA,NA,NA,NA,NA,NA,NA,NA,TRUE,"<buffer",NA,c(151583.896572863, 219302.092814092),NA,NA,"ANTANT0297",0
"gbif_data",NA,NA,NA,2019,2019-12-26,51.25052,3.27146,2,"Bekken van de Brugse Polders",10,1,NA,NA,NA,NA,NA,NA,NA,NA,NA,NA,NA,NA,NA,TRUE,"<buffer","6011731",c(73388.5386077968, 216189.062531621),"10621","99",NA,0.0283935355116964
"gbif_data",NA,NA,NA,2019,2019-12-26,51.25063,3.27146,2,"Bekken van de Brugse Polders",10,1,NA,NA,NA,NA,NA,NA,NA,NA,NA,NA,NA,NA,NA,TRUE,"<buffer","7059321",c(73388.7193426815, 216201.299354031),"59660","9",NA,1.93773372285112
"gbif_data",NA,NA,NA,2019,2019-12-30,51.13363,3.97626,3,"Bekken van de Gentse Kanalen",10,1,NA,NA,NA,NA,NA,NA,NA,NA,NA,NA,NA,NA,NA,TRUE,"<buffer","6019454",c(122526.96461925, 202691.626230583),"757","1",NA,8.23567281252233
"gbif_data",NA,NA,NA,2020,2020-03-08,51.19761,5.20661,10,"Netebekken",25,NA,NA,NA,1,NA,NA,NA,NA,NA,NA,NA,NA,NA,NA,TRUE,"<buffer","7029052",c(208564.722495196, 210068.171792342),"43243","9",NA,4.84101843907858
"gbif_data",NA,NA,NA,2020,2020-03-25,50.74335,3.90225,7,"Denderbekken",60,NA,NA,NA,1,NA,NA,NA,NA,NA,NA,NA,NA,NA,NA,TRUE,"GRB/2 + buffer","7028377",c(117074.284284903, 159306.116192259),"42914","1",NA,17.5543722350333
"gbif_data",NA,NA,NA,2020,2020-04-16,51.0745,4.96845,10,"Netebekken",60,1,NA,NA,NA,NA,NA,NA,NA,NA,NA,NA,NA,NA,NA,TRUE,"<buffer",NA,c(192028.849714295, 196211.18841302),NA,NA,"ANTLKD0318",0
"gbif_data",NA,NA,NA,2020,2020-04-17,51.16349,4.36543,4,"Benedenscheldebekken",25,NA,1,NA,NA,NA,NA,NA,NA,NA,NA,NA,NA,NA,NA,TRUE,"<buffer",NA,c(149767.277454501, 205941.248395898),NA,NA,"ANTANT0105",0
"gbif_data",NA,NA,NA,2020,2020-04-24,51.21313,4.47191,4,"Benedenscheldebekken",10,NA,NA,NA,1,NA,NA,NA,NA,NA,NA,NA,NA,NA,NA,TRUE,"<buffer",NA,c(157207.955657707, 211468.93263479),NA,NA,"ANTANT0477",0
"gbif_data",NA,NA,NA,2020,2020-05-08,50.84157,3.32597,5,"Leiebekken",5,NA,NA,NA,1,NA,NA,NA,NA,NA,NA,NA,NA,NA,NA,TRUE,"<buffer",NA,c(76555.5959587865, 170643.946490568),NA,NA,"WVLHAR0329",0
"gbif_data",NA,NA,NA,2020,2020-05-20,51.213,4.47238,4,"Benedenscheldebekken",25,NA,NA,NA,1,NA,NA,NA,NA,NA,NA,NA,NA,NA,NA,TRUE,"<buffer",NA,c(157240.81805676, 211454.51562361),NA,NA,"ANTANT0477",2.81475242964947
"gbif_data",NA,NA,NA,2020,2020-05-21,51.26246,4.1975,4,"Benedenscheldebekken",10,NA,NA,1,NA,NA,NA,NA,NA,NA,NA,NA,NA,NA,NA,TRUE,"<buffer",NA,c(138045.673894259, 216965.761282927),NA,NA,"OVLBVN0050",0
"gbif_data",NA,NA,NA,2020,2020-05-27,51.19632,4.43158,4,"Benedenscheldebekken",10,NA,1,NA,NA,NA,NA,NA,NA,NA,NA,NA,NA,NA,NA,TRUE,"<buffer",NA,c(154391.424764696, 209595.577751965),NA,NA,"ANTANT0029",0
"gbif_data",NA,NA,NA,2020,2020-05-27,51.1962,4.4313,4,"Benedenscheldebekken",NA,NA,1,NA,NA,NA,NA,NA,NA,NA,NA,NA,NA,NA,NA,TRUE,"<buffer",NA,c(154371.86357731, 209582.210616102),NA,NA,"ANTANT0029",0
"gbif_data",NA,NA,NA,2020,2020-05-27,51.1635,4.3656,4,"Benedenscheldebekken",NA,NA,1,NA,NA,NA,NA,NA,NA,NA,NA,NA,NA,NA,NA,TRUE,"<buffer",NA,c(149779.169196769, 205942.360510735),NA,NA,"ANTANT0105",0
"gbif_data",NA,NA,NA,2020,2020-05-27,51.1962,4.4313,4,"Benedenscheldebekken",NA,NA,1,NA,NA,NA,NA,NA,NA,NA,NA,NA,NA,NA,NA,TRUE,"<buffer",NA,c(154371.86357731, 209582.210616102),NA,NA,"ANTANT0029",0
"gbif_data",NA,NA,NA,2020,2020-06-02,51.22887,5.1908,10,"Netebekken",30,NA,NA,NA,1,NA,NA,NA,NA,NA,NA,NA,NA,NA,NA,TRUE,"<buffer",NA,c(207421.136248342, 213533.40678051),NA,NA,"ANTMOL0164",0
"gbif_data",NA,NA,NA,2020,2020-06-03,50.8916,4.721,8,"Dijle- en Zennebekken",NA,NA,1,NA,NA,NA,NA,NA,NA,NA,NA,NA,NA,NA,NA,TRUE,"<buffer",NA,c(174783.508022592, 175753.318859274),NA,NA,"VBRLEU0131",0
"gbif_data",NA,NA,NA,2020,2020-06-03,50.8674,4.713,8,"Dijle- en Zennebekken",NA,NA,1,NA,NA,NA,NA,NA,NA,NA,NA,NA,NA,NA,NA,TRUE,"<buffer",NA,c(174233.151626074, 173058.651720274),NA,NA,"VBRLEU0127",0
"gbif_data",NA,NA,NA,2020,2020-06-03,50.8916,4.721,8,"Dijle- en Zennebekken",NA,NA,1,NA,NA,NA,NA,NA,NA,NA,NA,NA,NA,NA,NA,TRUE,"<buffer",NA,c(174783.508022592, 175753.318859274),NA,NA,"VBRLEU0131",0
"gbif_data",NA,NA,NA,2020,2020-06-03,50.891111,4.720833,8,"Dijle- en Zennebekken",NA,NA,1,NA,NA,NA,NA,NA,NA,NA,NA,NA,NA,NA,NA,TRUE,"<buffer",NA,c(174772.01671635, 175698.866220099),NA,NA,"VBRLEU0131",2.88625901240475
"gbif_data",NA,NA,NA,2020,2020-06-03,50.8675,4.7125,8,"Dijle- en Zennebekken",NA,NA,1,NA,NA,NA,NA,NA,NA,NA,NA,NA,NA,NA,NA,TRUE,"<buffer",NA,c(174197.902990854, 173069.612348954),NA,NA,"VBRLEU0127",0
"gbif_data",NA,NA,NA,2020,2020-06-03,50.89111,4.72083,8,"Dijle- en Zennebekken",25,NA,1,NA,NA,NA,NA,NA,NA,NA,NA,NA,NA,NA,NA,TRUE,"<buffer",NA,c(174771.806169335, 175698.753976374),NA,NA,"VBRLEU0131",2.98273032176849
"gbif_data",NA,NA,NA,2020,2020-06-03,50.8675,4.7125,8,"Dijle- en Zennebekken",25,NA,1,NA,NA,NA,NA,NA,NA,NA,NA,NA,NA,NA,NA,TRUE,"<buffer",NA,c(174197.902990854, 173069.612348954),NA,NA,"VBRLEU0127",0
"gbif_data",NA,NA,NA,2020,2020-06-09,51.10793,5.82224,11,"Maasbekken",30,NA,NA,NA,1,NA,NA,NA,NA,NA,NA,NA,NA,NA,NA,TRUE,"<buffer","6e+06",c(251787.449020859, 200757.372207803),"9501","0",NA,0.414041397267692
"gbif_data",NA,NA,NA,2020,2020-06-11,51.3301,4.72414,10,"Netebekken",30,NA,NA,NA,1,NA,NA,NA,NA,NA,NA,NA,NA,NA,NA,TRUE,"<buffer",NA,c(174770.487639039, 224537.09596397),NA,NA,"ANTRIJ0308",0
"gbif_data",NA,NA,NA,2020,2020-06-18,51.26252,4.19708,4,"Benedenscheldebekken",25,NA,NA,1,NA,NA,NA,NA,NA,NA,NA,NA,NA,NA,NA,TRUE,"<buffer",NA,c(138016.372118303, 216972.504081615),NA,NA,"OVLBVN0050",0
"gbif_data",NA,NA,NA,2020,2020-06-18,51.30029,3.32838,2,"Bekken van de Brugse Polders",30,1,NA,NA,NA,NA,NA,NA,NA,NA,NA,NA,NA,NA,NA,FALSE,"not linked",NA,c(77439.8580480598, 221668.616947791),NA,NA,NA,NA
"gbif_data",NA,NA,NA,2020,2020-06-19,51.24808,5.08236,10,"Netebekken",5,NA,NA,NA,1,NA,NA,NA,NA,NA,NA,NA,NA,NA,NA,TRUE,"<buffer","6030567",c(199826.096134971, 215592.12472837),"8710","2",NA,0.922999370474568
"gbif_data",NA,NA,NA,2020,2020-06-21,51.23129,3.25225,2,"Bekken van de Brugse Polders",25,1,NA,NA,NA,NA,NA,NA,NA,NA,NA,NA,NA,NA,NA,TRUE,"<buffer","5005699",c(72015.2808178741, 214069.841364152),"2164","9",NA,8.0459230141258
"gbif_data",NA,NA,NA,2020,2020-06-23,50.7424,4.28446,8,"Dijle- en Zennebekken",25,NA,NA,NA,1,NA,NA,NA,NA,NA,NA,NA,NA,NA,NA,FALSE,"not linked",NA,c(144050.586625272, 159100.635062265),NA,NA,NA,NA
"gbif_data",NA,NA,NA,2020,2020-06-23,50.74168,4.28559,8,"Dijle- en Zennebekken",25,NA,NA,NA,1,NA,NA,NA,NA,NA,NA,NA,NA,NA,NA,FALSE,"not linked",NA,c(144130.255375445, 159020.454772459),NA,NA,NA,NA
"gbif_data",NA,NA,NA,2020,2020-07-01,51.07716,4.96895,10,"Netebekken",25,1,NA,NA,NA,NA,NA,NA,NA,NA,NA,NA,NA,NA,NA,TRUE,"<buffer",NA,c(192061.496086182, 196507.383769325),NA,NA,"ANTLKD0369",3.5125647120541
"gbif_data",NA,NA,NA,2020,2020-07-03,51.3087,3.19313,2,"Bekken van de Brugse Polders",15,1,NA,NA,NA,NA,NA,NA,NA,NA,NA,NA,NA,NA,NA,TRUE,"<buffer","5008233",c(68022.5365175237, 222744.853478799),"2269","99",NA,0.204408208748763
"gbif_data",NA,NA,NA,2020,2020-07-03,51.3012,3.19313,2,"Bekken van de Brugse Polders",25,1,NA,NA,NA,NA,NA,NA,NA,NA,NA,NA,NA,NA,NA,TRUE,"<buffer",NA,c(68009.3332489326, 221910.519569715),NA,NA,"WVLBRU1358",0
"gbif_data",NA,NA,NA,2020,2020-07-04,50.99894,4.38639,8,"Dijle- en Zennebekken",25,NA,NA,NA,1,NA,NA,NA,NA,NA,NA,NA,NA,NA,NA,TRUE,"<buffer",NA,c(151237.973821567, 187635.388280208),NA,NA,"VBRZEM0143",0
"gbif_data",NA,NA,NA,2020,2020-07-05,51.10789,3.99124,3,"Bekken van de Gentse Kanalen",7,1,NA,NA,NA,NA,NA,NA,NA,NA,NA,NA,NA,NA,NA,TRUE,"GRB/2 + buffer","6030500",c(123560.957462432, 199822.648859128),"15074","0",NA,15.0446598583573
"gbif_data",NA,NA,NA,2020,2020-07-06,51.19632,4.43158,4,"Benedenscheldebekken",10,NA,1,NA,NA,NA,NA,NA,NA,NA,NA,NA,NA,NA,NA,TRUE,"<buffer",NA,c(154391.424764696, 209595.577751965),NA,NA,"ANTANT0029",0
"gbif_data",NA,NA,NA,2020,2020-07-08,51.1635,4.3656,4,"Benedenscheldebekken",NA,NA,1,NA,NA,NA,NA,NA,NA,NA,NA,NA,NA,NA,NA,TRUE,"<buffer",NA,c(149779.169196769, 205942.360510735),NA,NA,"ANTANT0105",0
"gbif_data",NA,NA,NA,2020,2020-07-08,51.1962,4.4313,4,"Benedenscheldebekken",NA,NA,1,NA,NA,NA,NA,NA,NA,NA,NA,NA,NA,NA,NA,TRUE,"<buffer",NA,c(154371.86357731, 209582.210616102),NA,NA,"ANTANT0029",0
"gbif_data",NA,NA,NA,2020,2020-07-08,51.1962,4.4313,4,"Benedenscheldebekken",NA,NA,1,NA,NA,NA,NA,NA,NA,NA,NA,NA,NA,NA,NA,TRUE,"<buffer",NA,c(154371.86357731, 209582.210616102),NA,NA,"ANTANT0029",0
"gbif_data",NA,NA,NA,2020,2020-07-08,51.1635,4.3656,4,"Benedenscheldebekken",NA,NA,1,NA,NA,NA,NA,NA,NA,NA,NA,NA,NA,NA,NA,TRUE,"<buffer",NA,c(149779.169196769, 205942.360510735),NA,NA,"ANTANT0105",0
"gbif_data",NA,NA,NA,2020,2020-07-11,51.29739,4.96576,10,"Netebekken",25,NA,NA,NA,1,NA,NA,NA,NA,NA,NA,NA,NA,NA,NA,TRUE,"<buffer",NA,c(191640.720866078, 221006.101022474),NA,NA,"ANTTUR0207",0
"gbif_data",NA,NA,NA,2020,2020-07-15,51.09472,4.19959,4,"Benedenscheldebekken",30,NA,NA,NA,1,NA,NA,NA,NA,NA,NA,NA,NA,NA,NA,TRUE,"<buffer",NA,c(138149.22054957, 198303.914874452),NA,NA,"ANTBRM0391",0
"gbif_data",NA,NA,NA,2020,2020-07-16,51.32722,3.17585,2,"Bekken van de Brugse Polders",25,NA,NA,NA,1,NA,NA,NA,NA,NA,NA,NA,NA,NA,NA,TRUE,"<buffer",NA,c(66850.775499016, 224824.31241915),NA,NA,"WVLBRU0374",0
"gbif_data",NA,NA,NA,2020,2020-07-18,50.7553,5.68501,11,"Maasbekken",25,NA,NA,NA,1,NA,NA,NA,NA,NA,NA,NA,NA,NA,NA,TRUE,"<buffer","3600721",c(242874.014451272, 161356.352018188),"9536","1",NA,3.25475989342415
"gbif_data",NA,NA,NA,2020,2020-07-19,51.25742,3.19851,2,"Bekken van de Brugse Polders",25,1,NA,NA,NA,NA,NA,NA,NA,NA,NA,NA,NA,NA,NA,TRUE,"<buffer",NA,c(68307.7956400173, 217034.356823022),NA,NA,"WVLBRU0494",2.74385502710721
"gbif_data",NA,NA,NA,2020,2020-07-20,51.29424,3.24177,2,"Bekken van de Brugse Polders",25,1,NA,NA,NA,NA,NA,NA,NA,NA,NA,NA,NA,NA,NA,TRUE,"GRB/2 + buffer","6033728",c(71389.5705682875, 221083.685575343),"15426","0",NA,60.5150340319747
"gbif_data",NA,NA,NA,2020,2020-07-20,51.29327,3.2484,2,"Bekken van de Brugse Polders",25,1,NA,NA,NA,NA,NA,NA,NA,NA,NA,NA,NA,NA,NA,FALSE,"not linked",NA,c(71850.3679623496, 220968.783459009),NA,NA,NA,NA
"gbif_data",NA,NA,NA,2020,2020-07-21,50.98851,4.50016,8,"Dijle- en Zennebekken",5,1,NA,NA,NA,NA,NA,NA,NA,NA,NA,NA,NA,NA,NA,TRUE,"<buffer",NA,c(159226.431128965, 186483.187873769),NA,NA,"VBRZEM0090",0
"gbif_data",NA,NA,NA,2020,2020-07-26,51.09554,5.10446,10,"Netebekken",5,1,NA,NA,NA,NA,NA,NA,NA,NA,NA,NA,NA,NA,NA,FALSE,"not linked",NA,c(201537.44768202, 198637.559205014),NA,NA,NA,NA
"gbif_data",NA,NA,NA,2020,2020-07-29,51.05666,5.14915,9,"Demerbekken",60,NA,NA,NA,1,NA,NA,NA,NA,NA,NA,NA,NA,NA,NA,TRUE,"<buffer",NA,c(204713.453494306, 194344.438298005),NA,NA,"LIMBRG0367",0
"gbif_data",NA,NA,NA,2020,2020-08-01,51.07511,4.96947,10,"Netebekken",25,1,NA,NA,NA,NA,NA,NA,NA,NA,NA,NA,NA,NA,NA,TRUE,"<buffer",NA,c(192099.783961974, 196279.626393586),NA,NA,"ANTLKD0080",0
"gbif_data",NA,NA,NA,2020,2020-08-06,51.23653,5.20958,10,"Netebekken",30,NA,NA,NA,1,NA,NA,NA,NA,NA,NA,NA,NA,NA,NA,TRUE,"<buffer",NA,c(208723.239694746, 214400.268334053),NA,NA,"ANTMOL0165",0
"gbif_data",NA,NA,NA,2020,2020-08-07,51.2829,3.35692,2,"Bekken van de Brugse Polders",25,1,NA,NA,NA,NA,NA,NA,NA,NA,NA,NA,NA,NA,NA,TRUE,"<buffer",NA,c(79403.8791208729, 219706.534068514),NA,NA,"WVLDAM0435",8.05911741642733
"gbif_data",NA,NA,NA,2020,2020-08-13,51.22296,3.04708,2,"Bekken van de Brugse Polders",60,1,NA,NA,NA,NA,NA,NA,NA,NA,NA,NA,NA,NA,NA,FALSE,"not linked",NA,c(57669.6830476062, 213378.381731072),NA,NA,NA,NA
"gbif_data",NA,NA,NA,2020,2020-08-16,51.09948,4.01058,3,"Bekken van de Gentse Kanalen",15,1,NA,NA,NA,NA,NA,NA,NA,NA,NA,NA,NA,NA,NA,TRUE,"<buffer","6007999",c(124910.903921446, 198880.351558143),"15074","0",NA,3.72852144617354
"gbif_data",NA,NA,NA,2020,2020-08-17,51.07517,4.96955,10,"Netebekken",25,1,NA,NA,NA,NA,NA,NA,NA,NA,NA,NA,NA,NA,NA,TRUE,"<buffer",NA,c(192105.336397642, 196286.346510516),NA,NA,"ANTLKD0080",0
"gbif_data",NA,NA,NA,2020,2020-08-18,51.32129,3.23402,2,"Bekken van de Brugse Polders",25,1,NA,NA,NA,NA,NA,NA,NA,NA,NA,NA,NA,NA,NA,TRUE,"GRB/2 + buffer","6354",c(70894.9923872401, 224101.10728047),"2121","0",NA,15.8804264647099
"gbif_data",NA,NA,NA,2020,2020-08-18,50.99382,5.2926,9,"Demerbekken",13,NA,NA,1,NA,NA,NA,NA,NA,NA,NA,NA,NA,NA,NA,FALSE,"not linked",NA,c(214857.293842667, 187469.74264355),NA,NA,NA,NA
"gbif_data",NA,NA,NA,2020,2020-08-19,51.3213,3.23353,2,"Bekken van de Brugse Polders",25,1,NA,NA,NA,NA,NA,NA,NA,NA,NA,NA,NA,NA,NA,TRUE,"<buffer","6354",c(70860.8531403127, 224102.741561058),"2121","0",NA,11.5968276034495
"gbif_data",NA,NA,NA,2020,2020-08-22,51.28333,4.38889,4,"Benedenscheldebekken",NA,NA,NA,NA,1,NA,NA,NA,NA,NA,NA,NA,NA,NA,NA,FALSE,"not linked",NA,c(151404.592216004, 219274.225035374),NA,NA,NA,NA
"gbif_data",NA,NA,NA,2020,2020-08-28,51.20429,3.18379,2,"Bekken van de Brugse Polders",17,1,NA,NA,NA,NA,NA,NA,NA,NA,NA,NA,NA,NA,NA,TRUE,"<buffer",NA,c(67186.0420886233, 211140.412249011),NA,NA,"WVLBRU0215",4.37756590801195
"gbif_data",NA,NA,NA,2020,2020-08-30,51.22494,3.25345,2,"Bekken van de Brugse Polders",5,1,NA,NA,NA,NA,NA,NA,NA,NA,NA,NA,NA,NA,NA,FALSE,"not linked",NA,c(72088.4863210401, 213362.192976808),NA,NA,NA,NA
"gbif_data",NA,NA,NA,2020,2020-08-31,51.23016,3.25005,2,"Bekken van de Brugse Polders",5,1,NA,NA,NA,NA,NA,NA,NA,NA,NA,NA,NA,NA,NA,TRUE,"<buffer","6038245",c(71859.7361813867, 213946.448796299),"2139","2",NA,0.864300279935795
"gbif_data",NA,NA,NA,2020,2020-08-31,50.97377,4.4937,8,"Dijle- en Zennebekken",8,1,NA,NA,NA,NA,NA,NA,NA,NA,NA,NA,NA,NA,NA,TRUE,"<buffer","6032784",c(158775.627973437, 184842.648724262),"6560","1",NA,0.0370658937651547
"gbif_data",NA,NA,NA,2020,2020-09-03,51.24858,3.53655,2,"Bekken van de Brugse Polders",25,1,NA,NA,NA,NA,NA,NA,NA,NA,NA,NA,NA,NA,NA,TRUE,"<buffer","6039051",c(91893.3478882261, 215732.935586986),"2121","0",NA,0.235791778298385
"gbif_data",NA,NA,NA,2020,2020-09-03,51.30949,3.29995,2,"Bekken van de Brugse Polders",25,1,NA,NA,NA,NA,NA,NA,NA,NA,NA,NA,NA,NA,NA,TRUE,"<buffer","6043463",c(75471.8962198988, 222720.23197504),"2319","2",NA,9.47658980788599
"gbif_data",NA,NA,NA,2020,2020-09-04,51.24353,3.3682,2,"Bekken van de Brugse Polders",25,1,NA,NA,NA,NA,NA,NA,NA,NA,NA,NA,NA,NA,NA,TRUE,"<buffer","5007660",c(80131.8575474118, 215316.103608642),"2121","0",NA,2.49013381013938
"gbif_data",NA,NA,NA,2020,2020-09-04,51.2742,5.14888,10,"Netebekken",30,NA,NA,NA,1,NA,NA,NA,NA,NA,NA,NA,NA,NA,NA,FALSE,"not linked",NA,c(204440.025449205, 218544.745127026),NA,NA,NA,NA
"gbif_data",NA,NA,NA,2020,2020-09-04,51.34662,5.07208,10,"Netebekken",30,NA,NA,NA,1,NA,NA,NA,NA,NA,NA,NA,NA,NA,NA,FALSE,"not linked",NA,c(199004.384722411, 226548.152923385),NA,NA,NA,NA
"gbif_data",NA,NA,NA,2020,2020-09-04,51.32786,5.11762,10,"Netebekken",30,NA,NA,NA,1,NA,NA,NA,NA,NA,NA,NA,NA,NA,NA,FALSE,"not linked",NA,c(202198.385055131, 224492.080264972),NA,NA,NA,NA
"gbif_data",NA,NA,NA,2020,2020-09-05,51.33392,3.35692,2,"Bekken van de Brugse Polders",7,1,NA,NA,NA,NA,NA,NA,NA,NA,NA,NA,NA,NA,NA,TRUE,"<buffer","6043532",c(79481.1765631446, 225382.422355166),"2508","2",NA,0.678802286389164
"gbif_data",NA,NA,NA,2020,2020-09-06,51.22335,3.26427,2,"Bekken van de Brugse Polders",5,1,NA,NA,NA,NA,NA,NA,NA,NA,NA,NA,NA,NA,NA,TRUE,"<buffer","5010186",c(72841.6482062662, 213174.0262421),"2318","2",NA,1.88026787666388
"gbif_data",NA,NA,NA,2020,2020-09-11,51.17972,5.66028,11,"Maasbekken",25,NA,NA,NA,1,NA,NA,NA,NA,NA,NA,NA,NA,NA,NA,TRUE,"<buffer",NA,c(240307.620726222, 208533.143455737),NA,NA,"LIMBRE0283",1.73078099034657
"gbif_data",NA,NA,NA,2020,2020-09-13,51.075,4.96947,10,"Netebekken",25,1,NA,NA,NA,NA,NA,NA,NA,NA,NA,NA,NA,NA,NA,TRUE,"<buffer",NA,c(192099.883078843, 196267.38943957),NA,NA,"ANTLKD0080",0
"gbif_data",NA,NA,NA,2020,2020-09-13,51.27871,5.16827,10,"Netebekken",60,NA,NA,NA,1,NA,NA,NA,NA,NA,NA,NA,NA,NA,NA,TRUE,"<buffer",NA,c(205787.678863578, 219060.891654461),NA,NA,"ANTMOL0713",0
"gbif_data",NA,NA,NA,2020,2020-09-14,51.24639,3.27998,2,"Bekken van de Brugse Polders",60,1,NA,NA,NA,NA,NA,NA,NA,NA,NA,NA,NA,NA,NA,TRUE,"<buffer","5010124",c(73976.6144037362, 215720.874037932),"2285","2",NA,10.1093312735578
"gbif_data",NA,NA,NA,2020,2020-09-15,51.2425,5.19528,10,"Netebekken",25,NA,NA,NA,1,NA,NA,NA,NA,NA,NA,NA,NA,NA,NA,TRUE,"<buffer",NA,c(207717.165840124, 215053.199807018),NA,NA,"ANTMOL0143",12.4924634706118
"gbif_data",NA,NA,NA,2020,2020-09-17,51.07522,4.96938,10,"Netebekken",25,1,NA,NA,NA,NA,NA,NA,NA,NA,NA,NA,NA,NA,NA,TRUE,"<buffer",NA,c(192093.377539941, 196291.812263989),NA,NA,"ANTLKD0080",0
"gbif_data",NA,NA,NA,2020,2020-09-17,51.06725,4.44924,10,"Netebekken",100,NA,NA,NA,1,NA,NA,NA,NA,NA,NA,NA,NA,NA,NA,TRUE,"<buffer",NA,c(155641.592934384, 195237.629107854),NA,NA,"ANTMEC0180",0
"gbif_data",NA,NA,NA,2020,2020-09-17,51.06766,4.44846,10,"Netebekken",25,NA,NA,NA,1,NA,NA,NA,NA,NA,NA,NA,NA,NA,NA,TRUE,"<buffer",NA,c(155586.869162882, 195283.181431072),NA,NA,"ANTMEC0180",0
"gbif_data",NA,NA,NA,2020,2020-09-20,51.30149,4.56819,4,"Benedenscheldebekken",30,NA,NA,NA,1,NA,NA,NA,NA,NA,NA,NA,NA,NA,NA,TRUE,"<buffer","6033176",c(163909.185890718, 221313.275179393),"17","0",NA,14.0508283368516
"gbif_data",NA,NA,NA,2020,2020-09-23,51.03452,3.97948,4,"Benedenscheldebekken",100,NA,NA,NA,1,NA,NA,NA,NA,NA,NA,NA,NA,NA,NA,FALSE,"not linked",NA,c(122694.647019483, 191664.70067073),NA,NA,NA,NA
"gbif_data",NA,NA,NA,2020,2020-09-27,51.137159,3.970206,3,"Bekken van de Gentse Kanalen",NA,1,NA,NA,NA,NA,NA,NA,NA,NA,NA,NA,NA,NA,NA,TRUE,"<buffer","6019562",c(122105.318798172, 203086.478884201),"26","1",NA,6.37662339642616
"gbif_data",NA,NA,NA,2020,2020-09-27,50.99526,5.31712,9,"Demerbekken",15,NA,NA,1,NA,NA,NA,NA,NA,NA,NA,NA,NA,NA,NA,TRUE,"<buffer",NA,c(216576.546405548, 187651.641369642),NA,NA,"LIMZNH0466",0
"gbif_data",NA,NA,NA,2020,2020-09-27,50.98297,4.50937,8,"Dijle- en Zennebekken",25,1,NA,NA,NA,NA,NA,NA,NA,NA,NA,NA,NA,NA,NA,FALSE,"not linked",NA,c(159874.268111013, 185868.080231837),NA,NA,NA,NA
"gbif_data",NA,NA,NA,2020,2020-09-27,50.98845,4.51838,8,"Dijle- en Zennebekken",30,1,NA,NA,NA,NA,NA,NA,NA,NA,NA,NA,NA,NA,NA,FALSE,"not linked",NA,c(160505.730042186, 186478.946056733),NA,NA,NA,NA
"gbif_data",NA,NA,NA,2020,2020-09-27,50.98297,4.50937,8,"Dijle- en Zennebekken",25,1,NA,NA,NA,NA,NA,NA,NA,NA,NA,NA,NA,NA,NA,FALSE,"not linked",NA,c(159874.268111013, 185868.080231837),NA,NA,NA,NA
"gbif_data",NA,NA,NA,2020,2020-09-29,51.07517,4.96955,10,"Netebekken",60,1,NA,NA,NA,NA,NA,NA,NA,NA,NA,NA,NA,NA,NA,TRUE,"<buffer",NA,c(192105.336397642, 196286.346510516),NA,NA,"ANTLKD0080",0
"gbif_data",NA,NA,NA,2020,2020-09-30,51.3019,3.34981,2,"Bekken van de Brugse Polders",25,1,NA,NA,NA,NA,NA,NA,NA,NA,NA,NA,NA,NA,NA,TRUE,"<buffer","6043480",c(78936.8325167191, 221827.013887637),"2545","2",NA,5.25009906898622
"gbif_data",NA,NA,NA,2020,2020-10-05,50.9871,4.50261,8,"Dijle- en Zennebekken",25,1,NA,NA,NA,NA,NA,NA,NA,NA,NA,NA,NA,NA,NA,TRUE,"<buffer",NA,c(159398.73785681, 186326.640940638),NA,NA,"VBRZEM0073",2.79284329685283
"gbif_data",NA,NA,NA,2020,2020-10-12,51.12917,3.97996,3,"Bekken van de Gentse Kanalen",25,1,NA,NA,NA,NA,NA,NA,NA,NA,NA,NA,NA,NA,NA,FALSE,"not linked",NA,c(122783.352618576, 202194.093857526),NA,NA,NA,NA
"gbif_data",NA,NA,NA,2020,2020-10-15,50.98795,4.50623,8,"Dijle- en Zennebekken",25,1,NA,NA,NA,NA,NA,NA,NA,NA,NA,NA,NA,NA,NA,TRUE,"<buffer",NA,c(159652.741541395, 186421.666178181),NA,NA,"VBRZEM0090",0
"gbif_data",NA,NA,NA,2020,2020-10-18,51.13078,5.815,11,"Maasbekken",7,NA,NA,NA,1,NA,NA,NA,NA,NA,NA,NA,NA,NA,NA,TRUE,"<buffer",NA,c(251230.962026535, 203289.057184522),NA,NA,"LIMKIN0224",0
"gbif_data",NA,NA,NA,2020,2020-10-19,50.95022,4.63583,8,"Dijle- en Zennebekken",25,NA,NA,NA,1,NA,NA,NA,NA,NA,NA,NA,NA,NA,NA,TRUE,"<buffer",NA,c(168767.605039996, 182249.302298609),NA,NA,"VBRHCT0008",0
"gbif_data",NA,NA,NA,2020,2020-10-22,51.29064,3.18444,2,"Bekken van de Brugse Polders",7,1,NA,NA,NA,NA,NA,NA,NA,NA,NA,NA,NA,NA,NA,FALSE,"not linked",NA,c(67384.5992216391, 220745.409502713),NA,NA,NA,NA
"gbif_data",NA,NA,NA,2020,2020-10-23,51.1371,3.97032,3,"Bekken van de Gentse Kanalen",10,1,NA,NA,NA,NA,NA,NA,NA,NA,NA,NA,NA,NA,NA,TRUE,"<buffer","6019562",c(122113.262458741, 203079.872414981),"26","1",NA,7.36456562250844
"gbif_data",NA,NA,NA,2020,2020-10-23,51.28409,4.39061,4,"Benedenscheldebekken",25,NA,NA,NA,1,NA,NA,NA,NA,NA,NA,NA,NA,NA,NA,TRUE,"<buffer",NA,c(151524.573760671, 219358.815778721),NA,NA,"ANTANT0297",0
"gbif_data",NA,NA,NA,2020,2020-10-26,51.2043,4.68651,10,"Netebekken",25,NA,NA,1,NA,NA,NA,NA,NA,NA,NA,NA,NA,NA,NA,TRUE,"<buffer","6011674",c(172207.671363113, 210529.210798656),"8854","2",NA,5.87807973523773
"gbif_data",NA,NA,NA,2020,2020-10-26,51.25523,5.10187,10,"Netebekken",25,NA,NA,NA,1,NA,NA,NA,NA,NA,NA,NA,NA,NA,NA,TRUE,"<buffer","6030573",c(201180.445325952, 216400.850469026),"8710","2",NA,5.34123243707219
"gbif_data",NA,NA,NA,2020,2020-10-27,51.24453,3.2229,2,"Bekken van de Brugse Polders",30,1,NA,NA,NA,NA,NA,NA,NA,NA,NA,NA,NA,NA,NA,TRUE,"<buffer","7020601",c(69988.1493205934, 215573.899250297),"2249","2",NA,14.6932650946182
"gbif_data",NA,NA,NA,2020,2020-10-27,51.24341,3.22152,2,"Bekken van de Brugse Polders",30,1,NA,NA,NA,NA,NA,NA,NA,NA,NA,NA,NA,NA,NA,FALSE,"not linked",NA,c(69889.8717024948, 215450.794789233),NA,NA,NA,NA
"gbif_data",NA,NA,NA,2020,2020-10-29,51.28404,4.39015,4,"Benedenscheldebekken",7,NA,NA,NA,1,NA,NA,NA,NA,NA,NA,NA,NA,NA,NA,TRUE,"<buffer",NA,c(151492.480983754, 219353.243255374),NA,NA,"ANTANT0297",0
"gbif_data",NA,NA,NA,2020,2020-10-31,51.27938,3.13494,2,"Bekken van de Brugse Polders",25,1,NA,NA,NA,NA,NA,NA,NA,NA,NA,NA,NA,NA,NA,FALSE,"not linked",NA,c(63911.0986786327, 219549.016499287),NA,NA,NA,NA
"gbif_data",NA,NA,NA,2020,2020-11-06,50.9862,4.51519,8,"Dijle- en Zennebekken",15,1,NA,NA,NA,NA,NA,NA,NA,NA,NA,NA,NA,NA,NA,TRUE,"<buffer",NA,c(160282.245504691, 186228.195721714),NA,NA,"VBRZEM0090",0
"gbif_data",NA,NA,NA,2020,2020-11-13,51.2342,3.25904,2,"Bekken van de Brugse Polders",25,1,NA,NA,NA,NA,NA,NA,NA,NA,NA,NA,NA,NA,NA,TRUE,"<buffer","6005813",c(72494.3418416088, 214386.452607119),"10","0",NA,12.7135267622025
"gbif_data",NA,NA,NA,2020,2020-11-18,50.89268,4.72121,8,"Dijle- en Zennebekken",10,NA,1,NA,NA,NA,NA,NA,NA,NA,NA,NA,NA,NA,NA,TRUE,"<buffer",NA,c(174797.711752617, 175873.529312234),NA,NA,"VBRLEU0131",0
"gbif_data",NA,NA,NA,2020,2020-12-22,51.04833,4.93361,10,"Netebekken",25,1,NA,NA,NA,NA,NA,NA,NA,NA,NA,NA,NA,NA,NA,TRUE,"<buffer",NA,c(189609.354105159, 193280.737827424),NA,NA,"ANTHST0272",0
"gbif_data",NA,NA,NA,2020,2020-12-25,50.99403,5.31985,9,"Demerbekken",25,NA,NA,1,NA,NA,NA,NA,NA,NA,NA,NA,NA,NA,NA,TRUE,"<buffer",NA,c(216769.939556635, 187517.273533242),NA,NA,"LIMZNH0184",3.54997561323331
"gbif_data",NA,NA,NA,2021,2021-01-12,50.98367,5.3162,9,"Demerbekken",5,NA,NA,NA,1,NA,NA,NA,NA,NA,NA,NA,NA,NA,NA,TRUE,"<buffer",NA,c(216528.42809577, 186361.585938976),NA,NA,"LIMZNH0539",0
"gbif_data",NA,NA,NA,2021,2021-01-12,50.98367,5.3162,9,"Demerbekken",25,NA,NA,NA,1,NA,NA,NA,NA,NA,NA,NA,NA,NA,NA,TRUE,"<buffer",NA,c(216528.42809577, 186361.585938976),NA,NA,"LIMZNH0539",0
"gbif_data",NA,NA,NA,2021,2021-02-19,51.2884,3.2026,2,"Bekken van de Brugse Polders",5,1,NA,NA,NA,NA,NA,NA,NA,NA,NA,NA,NA,NA,NA,FALSE,"not linked",NA,c(68647.3831878218, 220476.184166557),NA,NA,NA,NA
"gbif_data",NA,NA,NA,2021,2021-02-28,51.33258,4.86255,10,"Netebekken",30,NA,NA,NA,1,NA,NA,NA,NA,NA,NA,NA,NA,NA,NA,TRUE,"<buffer",NA,c(184415.884632624, 224868.270623258),NA,NA,"ANTBSE0365",0
"gbif_data",NA,NA,NA,2021,2021-03-16,51.28329,4.39719,4,"Benedenscheldebekken",25,NA,NA,NA,1,NA,NA,NA,NA,NA,NA,NA,NA,NA,NA,TRUE,"<buffer",NA,c(151983.698594319, 219269.969580173),NA,NA,"ANTANT0297",0
"gbif_data",NA,NA,NA,2021,2021-03-19,51.283393,4.391756,4,"Benedenscheldebekken",31,NA,NA,NA,1,NA,NA,NA,NA,NA,NA,NA,NA,NA,NA,TRUE,"<buffer",NA,c(151604.555508517, 219281.294217923),NA,NA,"ANTANT0297",0
"gbif_data",NA,NA,NA,2021,2021-03-20,51.28396,4.39178,4,"Benedenscheldebekken",30,NA,NA,NA,1,NA,NA,NA,NA,NA,NA,NA,NA,NA,NA,TRUE,"<buffer",NA,c(151606.209871528, 219344.377741736),NA,NA,"ANTANT0297",0
"gbif_data",NA,NA,NA,2021,2021-03-21,51.25474,3.28383,2,"Bekken van de Brugse Polders",10,NA,NA,NA,NA,NA,NA,1,NA,NA,NA,NA,NA,NA,NA,TRUE,"<buffer","6005791",c(74258.9842191834, 216645.830007955),"2696","99",NA,3.51156352581575
"gbif_data",NA,NA,NA,2021,2021-03-22,51.29529,3.35791,2,"Bekken van de Brugse Polders",13,1,NA,NA,NA,NA,NA,NA,NA,NA,NA,NA,NA,NA,NA,TRUE,"<buffer",NA,c(79491.7001284902, 221083.949493944),NA,NA,"WVLDAM0160",0
"gbif_data",NA,NA,NA,2021,2021-03-25,51.27881,5.1648,10,"Netebekken",20,NA,NA,NA,1,NA,NA,NA,NA,NA,NA,NA,NA,NA,NA,TRUE,"<buffer",NA,c(205545.44182943, 219069.412985871),NA,NA,"ANTMOL0770",2.61103134787272
"gbif_data",NA,NA,NA,2021,2021-03-26,51.19648,4.43159,4,"Benedenscheldebekken",5,NA,1,NA,NA,NA,NA,NA,NA,NA,NA,NA,NA,NA,NA,TRUE,"<buffer",NA,c(154392.108554065, 209613.378922498),NA,NA,"ANTANT0029",0
"gbif_data",NA,NA,NA,2021,2021-04-03,51.04693,4.9356,10,"Netebekken",11,1,NA,NA,NA,NA,NA,NA,NA,NA,NA,NA,NA,NA,NA,TRUE,"<buffer",NA,c(189750.086748281, 193126.060419848),NA,NA,"ANTHST0445",4.79743352140714
"gbif_data",NA,NA,NA,2021,2021-04-07,50.89328,4.72497,8,"Dijle- en Zennebekken",10,NA,NA,NA,1,NA,NA,NA,NA,NA,NA,NA,NA,NA,NA,TRUE,"<buffer",NA,c(175061.930036961, 175941.538749217),NA,NA,"VBRLEU0066",1.55068266933696
"gbif_data",NA,NA,NA,2021,2021-04-18,51.12861,5.81472,11,"Maasbekken",25,NA,NA,NA,1,NA,NA,NA,NA,NA,NA,NA,NA,NA,NA,TRUE,"<buffer",NA,c(251216.068916307, 203047.306756411),NA,NA,"LIMKIN0224",0
"gbif_data",NA,NA,NA,2021,2021-04-19,50.89446,4.72584,8,"Dijle- en Zennebekken",25,NA,1,NA,NA,NA,NA,NA,NA,NA,NA,NA,NA,NA,NA,TRUE,"<buffer",NA,c(175122.506597656, 176073.097646887),NA,NA,"VBRLEU0129",0
"gbif_data",NA,NA,NA,2021,2021-04-20,50.98576,5.33854,9,"Demerbekken",60,NA,NA,1,NA,NA,NA,NA,NA,NA,NA,NA,NA,NA,NA,TRUE,"<buffer",NA,c(218093.987369739, 186614.335790742),NA,NA,"LIMZNH0553",0.632123693292797
"gbif_data",NA,NA,NA,2021,2021-04-23,51.19626,4.43164,4,"Benedenscheldebekken",10,NA,1,NA,NA,NA,NA,NA,NA,NA,NA,NA,NA,NA,NA,TRUE,"<buffer",NA,c(154395.624600251, 209588.906127284),NA,NA,"ANTANT0029",0
"gbif_data",NA,NA,NA,2021,2021-05-18,51.2214,3.22482,2,"Bekken van de Brugse Polders",25,1,NA,NA,NA,NA,NA,NA,NA,NA,NA,NA,NA,NA,NA,FALSE,"not linked",NA,c(70082.586996654, 212998.805705492),NA,NA,NA,NA
"gbif_data",NA,NA,NA,2021,2021-05-21,51.07364,4.96894,10,"Netebekken",15,1,NA,NA,NA,NA,NA,NA,NA,NA,NA,NA,NA,NA,NA,TRUE,"<buffer",NA,c(192063.964248669, 196115.795499906),NA,NA,"ANTLKD0282",13.2948084563689
"gbif_data",NA,NA,NA,2021,2021-05-21,51.07492,4.96915,10,"Netebekken",60,1,NA,NA,NA,NA,NA,NA,NA,NA,NA,NA,NA,NA,NA,TRUE,"<buffer",NA,c(192077.529045826, 196258.308238215),NA,NA,"ANTLKD0080",0
"gbif_data",NA,NA,NA,2021,2021-05-22,51.19636,4.43112,4,"Benedenscheldebekken",5,NA,1,NA,NA,NA,NA,NA,NA,NA,NA,NA,NA,NA,NA,TRUE,"<buffer",NA,c(154359.266068205, 209600.000486477),NA,NA,"ANTANT0029",0.37362953191358
"gbif_data",NA,NA,NA,2021,2021-05-26,51.18083,4.65278,10,"Netebekken",25,NA,NA,1,NA,NA,NA,NA,NA,NA,NA,NA,NA,NA,NA,TRUE,"<buffer","6011675",c(169860.311406137, 207908.536376891),"8854","2",NA,1.79103166425775
"gbif_data",NA,NA,NA,2021,2021-05-30,51.2188,3.14917,2,"Bekken van de Brugse Polders",6,1,NA,NA,NA,NA,NA,NA,NA,NA,NA,NA,NA,NA,NA,FALSE,"not linked",NA,c(64793.2633534744, 212793.647454449),NA,NA,NA,NA
"gbif_data",NA,NA,NA,2021,2021-05-31,50.96085,5.13131,9,"Demerbekken",14,NA,NA,NA,1,NA,NA,NA,NA,NA,NA,NA,NA,NA,NA,TRUE,"<buffer","6024697",c(203572.295181412, 183673.494488307),"7151","1",NA,11.4584377569233
"gbif_data",NA,NA,NA,2021,2021-05-31,51.33581,3.25114,2,"Bekken van de Brugse Polders",65,1,NA,NA,NA,NA,NA,NA,NA,NA,NA,NA,NA,NA,NA,FALSE,"not linked",NA,c(72112.671760041, 225698.323109263),NA,NA,NA,NA
"gbif_data",NA,NA,NA,2021,2021-06-01,51.07747,4.96958,10,"Netebekken",3,1,NA,NA,NA,NA,NA,NA,NA,NA,NA,NA,NA,NA,NA,TRUE,"<buffer",NA,c(192105.366011267, 196542.227235959),NA,NA,"ANTLKD0325",0.602625538568474
"gbif_data",NA,NA,NA,2021,2021-06-03,51.07761,4.96949,10,"Netebekken",5,1,NA,NA,NA,NA,NA,NA,NA,NA,NA,NA,NA,NA,NA,TRUE,"<buffer",NA,c(192098.932856519, 196557.750463522),NA,NA,"ANTLKD0325",10.0180412437866
"gbif_data",NA,NA,NA,2021,2021-06-03,51.07765,4.96948,10,"Netebekken",10,1,NA,NA,NA,NA,NA,NA,NA,NA,NA,NA,NA,NA,NA,TRUE,"<buffer",NA,c(192098.196037515, 196562.194592677),NA,NA,"ANTLKD0325",12.887075125901
"gbif_data",NA,NA,NA,2021,2021-06-05,51.18631,5.15795,10,"Netebekken",30,NA,NA,1,NA,NA,NA,NA,NA,NA,NA,NA,NA,NA,NA,TRUE,"<buffer",NA,c(205176.962101433, 208773.781736664),NA,NA,"ANTBAL0309",14.9966658171508
"gbif_data",NA,NA,NA,2021,2021-06-09,51.25348,3.32794,2,"Bekken van de Brugse Polders",15,1,NA,NA,NA,NA,NA,NA,NA,NA,NA,NA,NA,NA,NA,TRUE,"<buffer","5007342",c(77336.2220619033, 216461.609883819),"2348","2",NA,0.103977923412545
"gbif_data",NA,NA,NA,2021,2021-06-09,51.26138,3.32022,2,"Bekken van de Brugse Polders",15,1,NA,NA,NA,NA,NA,NA,NA,NA,NA,NA,NA,NA,NA,TRUE,"<buffer","7022202",c(76809.6959635268, 217348.024830273),"2158","2",NA,0.355242174071108
"gbif_data",NA,NA,NA,2021,2021-06-09,51.25613,3.32052,2,"Bekken van de Brugse Polders",15,1,NA,NA,NA,NA,NA,NA,NA,NA,NA,NA,NA,NA,NA,TRUE,"<buffer","5007286",c(76822.3951140011, 216763.69170015),"2666","2",NA,0.0303987334232745
"gbif_data",NA,NA,NA,2021,2021-06-09,50.84257,3.33045,5,"Leiebekken",6,NA,NA,NA,1,NA,NA,NA,NA,NA,NA,NA,NA,NA,NA,TRUE,"<buffer",NA,c(76872.6616064159, 170750.757367126),NA,NA,"WVLHAR0329",0.0499132208138434
"gbif_data",NA,NA,NA,2021,2021-06-09,50.89326,3.68037,6,"Bovenscheldebekken",10,NA,NA,NA,1,NA,NA,NA,NA,NA,NA,NA,NA,NA,NA,TRUE,"GRB/2 + buffer","6005421",c(101568.770296082, 176103.017289514),"1","0",NA,24.8043678168815
"gbif_data",NA,NA,NA,2021,2021-06-12,51.34639,4.42884,4,"Benedenscheldebekken",4,NA,NA,NA,1,NA,NA,NA,NA,NA,NA,NA,NA,NA,NA,TRUE,"<buffer","7025929",c(154186.225714951, 226291.742824397),"113","1",NA,10.8842847013971
"gbif_data",NA,NA,NA,2021,2021-06-17,51.07542,4.9684,10,"Netebekken",7,1,NA,NA,NA,NA,NA,NA,NA,NA,NA,NA,NA,NA,NA,TRUE,"<buffer",NA,c(192024.518098979, 196313.505521883),NA,NA,"ANTLKD0082",0
"gbif_data",NA,NA,NA,2021,2021-06-17,51.07542,4.96843,10,"Netebekken",5,1,NA,NA,NA,NA,NA,NA,NA,NA,NA,NA,NA,NA,NA,TRUE,"<buffer",NA,c(192026.620525274, 196313.522521242),NA,NA,"ANTLKD0082",0
"gbif_data",NA,NA,NA,2021,2021-06-18,51.16456,4.36486,4,"Benedenscheldebekken",30,NA,1,NA,NA,NA,NA,NA,NA,NA,NA,NA,NA,NA,NA,FALSE,"not linked",NA,c(149727.41039456, 206060.289869139),NA,NA,NA,NA
"gbif_data",NA,NA,NA,2021,2021-06-20,51.15141,4.05659,3,"Bekken van de Gentse Kanalen",25,1,NA,NA,NA,NA,NA,NA,NA,NA,NA,NA,NA,NA,NA,FALSE,"not linked",NA,c(128157.973044381, 204643.030234523),NA,NA,NA,NA
"gbif_data",NA,NA,NA,2021,2021-06-20,51.28441,3.11825,2,"Bekken van de Brugse Polders",4,1,NA,NA,NA,NA,NA,NA,NA,NA,NA,NA,NA,NA,NA,FALSE,"not linked",NA,c(62756.0932421177, 220128.032498312),NA,NA,NA,NA
"gbif_data",NA,NA,NA,2021,2021-06-21,51.26352,4.19641,4,"Benedenscheldebekken",5,NA,NA,1,NA,NA,NA,NA,NA,NA,NA,NA,NA,NA,NA,TRUE,"<buffer",NA,c(137969.861541469, 217083.868228647),NA,NA,"OVLBVN0050",0
"gbif_data",NA,NA,NA,2021,2021-06-21,51.26384,4.19605,4,"Benedenscheldebekken",4,NA,NA,1,NA,NA,NA,NA,NA,NA,NA,NA,NA,NA,NA,TRUE,"<buffer",NA,c(137944.815604876, 217119.52838653),NA,NA,"OVLBVN0050",0
"gbif_data",NA,NA,NA,2021,2021-06-21,51.26376,4.19619,4,"Benedenscheldebekken",10,NA,NA,1,NA,NA,NA,NA,NA,NA,NA,NA,NA,NA,NA,TRUE,"<buffer",NA,c(137954.567095694, 217110.605255801),NA,NA,"OVLBVN0050",0
"gbif_data",NA,NA,NA,2021,2021-06-25,51.10234,5.80378,11,"Maasbekken",25,1,NA,NA,NA,NA,NA,NA,NA,NA,NA,NA,NA,NA,NA,TRUE,"<buffer","3600906",c(250506.881578092, 200110.44441202),"10004","1",NA,0.506767469698154
"gbif_data",NA,NA,NA,2021,2021-06-25,51.19612,4.43133,4,"Benedenscheldebekken",10,NA,1,NA,NA,NA,NA,NA,NA,NA,NA,NA,NA,NA,NA,TRUE,"<buffer",NA,c(154373.968226626, 209573.312117186),NA,NA,"ANTANT0029",0
"gbif_data",NA,NA,NA,2021,2021-06-28,51.1762,3.96762,3,"Bekken van de Gentse Kanalen",20,1,NA,NA,NA,NA,NA,NA,NA,NA,NA,NA,NA,NA,NA,FALSE,"not linked",NA,c(121947.749370421, 207430.775796931),NA,NA,NA,NA
"gbif_data",NA,NA,NA,2021,2021-06-28,51.18134,4.6407,10,"Netebekken",25,NA,NA,1,NA,NA,NA,NA,NA,NA,NA,NA,NA,NA,NA,FALSE,"not linked",NA,c(169015.412245807, 207962.104700021),NA,NA,NA,NA
"gbif_data",NA,NA,NA,2021,2021-06-28,51.18134,4.6407,10,"Netebekken",65,NA,NA,1,NA,NA,NA,NA,NA,NA,NA,NA,NA,NA,NA,FALSE,"not linked",NA,c(169015.412245807, 207962.104700021),NA,NA,NA,NA
"gbif_data",NA,NA,NA,2021,2021-06-29,51.11902,5.81099,11,"Maasbekken",30,NA,NA,NA,1,NA,NA,NA,NA,NA,NA,NA,NA,NA,NA,TRUE,"<buffer","6000030",c(250975.736991084, 201975.534308477),"9501","0",NA,0.142884839773534
"gbif_data",NA,NA,NA,2021,2021-06-29,51.18239,4.64071,10,"Netebekken",25,NA,NA,1,NA,NA,NA,NA,NA,NA,NA,NA,NA,NA,NA,TRUE,"<buffer",NA,c(169015.682540755, 208078.922133219),NA,NA,"ANTZAN0027",13.6293474760091
"gbif_data",NA,NA,NA,2021,2021-06-29,51.30278,3.335,2,"Bekken van de Brugse Polders",25,1,NA,NA,NA,NA,NA,NA,NA,NA,NA,NA,NA,NA,NA,FALSE,"not linked",NA,c(77905.3873109483, 221939.179030403),NA,NA,NA,NA
"gbif_data",NA,NA,NA,2021,2021-06-30,51.17315,3.99111,3,"Bekken van de Gentse Kanalen",25,1,NA,NA,NA,NA,NA,NA,NA,NA,NA,NA,NA,NA,NA,TRUE,"GRB/2 + buffer","6030213",c(123588.71073693, 207082.860218133),"8","0",NA,16.03661670601
"gbif_data",NA,NA,NA,2021,2021-07-01,50.90919,5.72211,11,"Maasbekken",30,NA,NA,NA,1,NA,NA,NA,NA,NA,NA,NA,NA,NA,NA,TRUE,"<buffer","6000026",c(245179.310392807, 178519.366071683),"9501","0",NA,0.0206193574086215
"gbif_data",NA,NA,NA,2021,2021-07-01,50.9866,5.34891,9,"Demerbekken",6,NA,NA,1,NA,NA,NA,NA,NA,NA,NA,NA,NA,NA,NA,TRUE,"<buffer",NA,c(218820.845642941, 186717.341432795),NA,NA,"LIMZNH0197",6.74908117154336
"gbif_data",NA,NA,NA,2021,2021-07-01,50.98817,5.34884,9,"Demerbekken",10,NA,NA,1,NA,NA,NA,NA,NA,NA,NA,NA,NA,NA,NA,FALSE,"not linked",NA,c(218813.624004242, 186891.916604262),NA,NA,NA,NA
"gbif_data",NA,NA,NA,2021,2021-07-02,51.01385,4.07892,7,"Denderbekken",5,NA,NA,1,NA,NA,NA,NA,NA,NA,NA,NA,NA,NA,NA,TRUE,"<buffer","4521290",c(129660.782607965, 189333.415367655),"20465","99",NA,3.15757964844809
"gbif_data",NA,NA,NA,2021,2021-07-05,50.9865,5.34882,9,"Demerbekken",27,NA,NA,1,NA,NA,NA,NA,NA,NA,NA,NA,NA,NA,NA,TRUE,"<buffer",NA,c(218814.673667477, 186706.134390208),NA,NA,"LIMZNH0197",0.0845141414252996
"gbif_data",NA,NA,NA,2021,2021-07-08,51.15055,4.05679,3,"Bekken van de Gentse Kanalen",5,1,NA,NA,NA,NA,NA,NA,NA,NA,NA,NA,NA,NA,NA,FALSE,"not linked",NA,c(128171.565699364, 204547.295925287),NA,NA,NA,NA
"gbif_data",NA,NA,NA,2021,2021-07-09,51.07511,4.96895,10,"Netebekken",60,1,NA,NA,NA,NA,NA,NA,NA,NA,NA,NA,NA,NA,NA,TRUE,"<buffer",NA,c(192063.341667833, 196279.331345933),NA,NA,"ANTLKD0080",0.895601661373917
"gbif_data",NA,NA,NA,2021,2021-07-09,51.07449,4.96821,10,"Netebekken",60,1,NA,NA,NA,NA,NA,NA,NA,NA,NA,NA,NA,NA,NA,TRUE,"<buffer",NA,c(192012.038964718, 196209.939984445),NA,NA,"ANTLKD0318",0
"gbif_data",NA,NA,NA,2021,2021-07-10,51.13863,3.91438,3,"Bekken van de Gentse Kanalen",7,1,NA,NA,NA,NA,NA,NA,NA,NA,NA,NA,NA,NA,NA,TRUE,"<buffer","6025589",c(118199.08459716, 203272.531037369),"74","2",NA,8.31975905352694
"gbif_data",NA,NA,NA,2021,2021-07-12,51.29273,3.2489,2,"Bekken van de Brugse Polders",7,1,NA,NA,NA,NA,NA,NA,NA,NA,NA,NA,NA,NA,NA,FALSE,"not linked",NA,c(71884.3368600574, 220908.185216824),NA,NA,NA,NA
"gbif_data",NA,NA,NA,2021,2021-07-14,51.18536,2.81883,1,"Ijzerbekken",5,NA,1,NA,NA,NA,NA,NA,NA,NA,NA,NA,NA,NA,NA,FALSE,"not linked",NA,c(41639.371682088, 209504.322964036),NA,NA,NA,NA
"gbif_data",NA,NA,NA,2021,2021-07-15,50.98627,5.34892,9,"Demerbekken",16,NA,NA,1,NA,NA,NA,NA,NA,NA,NA,NA,NA,NA,NA,TRUE,"<buffer","7073327",c(218822.032679717, 186680.642928969),"7351","2",NA,0.886405150407167
"gbif_data",NA,NA,NA,2021,2021-07-16,50.98731,5.34888,9,"Demerbekken",16,NA,NA,1,NA,NA,NA,NA,NA,NA,NA,NA,NA,NA,NA,TRUE,"<buffer","7074530",c(218817.696035477, 186796.290964222),"67998","9",NA,7.99932429174403
"gbif_data",NA,NA,NA,2021,2021-07-20,51.25396,3.2487,2,"Bekken van de Brugse Polders",4,1,NA,NA,NA,NA,NA,NA,NA,NA,NA,NA,NA,NA,NA,TRUE,"<buffer","6038251",c(71805.3635005641, 216595.45174815),"2540","2",NA,1.86075920922179
"gbif_data",NA,NA,NA,2021,2021-07-21,51.17956,5.65968,11,"Maasbekken",65,NA,NA,NA,1,NA,NA,NA,NA,NA,NA,NA,NA,NA,NA,TRUE,"<buffer",NA,c(240265.980563692, 208514.615713323),NA,NA,"LIMBRE0073",0
"gbif_data",NA,NA,NA,2021,2021-07-22,51.24572,3.53043,2,"Bekken van de Brugse Polders",4,1,NA,NA,NA,NA,NA,NA,NA,NA,NA,NA,NA,NA,NA,TRUE,"<buffer","6039071",c(91462.4643559046, 215419.567052906),"2300","2",NA,2.75570933655271
"gbif_data",NA,NA,NA,2021,2021-07-24,51.19621,4.43141,4,"Benedenscheldebekken",5,NA,1,NA,NA,NA,NA,NA,NA,NA,NA,NA,NA,NA,NA,TRUE,"<buffer",NA,c(154379.551867162, 209583.329706551),NA,NA,"ANTANT0029",0
"gbif_data",NA,NA,NA,2021,2021-07-25,50.98234,5.32493,9,"Demerbekken",15,NA,NA,NA,1,NA,NA,NA,NA,NA,NA,NA,NA,NA,NA,TRUE,"<buffer",NA,c(217143.310425675, 186221.505723679),NA,NA,"LIMZNH0152",3.27457925127255
"gbif_data",NA,NA,NA,2021,2021-07-25,50.98229,5.32506,9,"Demerbekken",8,NA,NA,NA,1,NA,NA,NA,NA,NA,NA,NA,NA,NA,NA,TRUE,"<buffer",NA,c(217152.510296763, 186216.061570971),NA,NA,"LIMZNH0256",2.31197317417344
"gbif_data",NA,NA,NA,2021,2021-07-25,51.23239,3.23528,2,"Bekken van de Brugse Polders",15,1,NA,NA,NA,NA,NA,NA,NA,NA,NA,NA,NA,NA,NA,TRUE,"<buffer","6040696",c(70831.9357229234, 214210.155245848),"18547","2",NA,7.15661398440314
"gbif_data",NA,NA,NA,2021,2021-07-26,51.22147,2.99256,2,"Bekken van de Brugse Polders",25,1,NA,NA,NA,NA,NA,NA,NA,NA,NA,NA,NA,NA,NA,FALSE,"not linked",NA,c(53858.3590259852, 213281.797386685),NA,NA,NA,NA
"gbif_data",NA,NA,NA,2021,2021-07-29,51.32184,3.30982,2,"Bekken van de Brugse Polders",7,1,NA,NA,NA,NA,NA,NA,NA,NA,NA,NA,NA,NA,NA,FALSE,"not linked",NA,c(76179.6671949181, 224084.285965056),NA,NA,NA,NA
"gbif_data",NA,NA,NA,2021,2021-08-02,51.07355,4.96904,10,"Netebekken",60,1,NA,NA,NA,NA,NA,NA,NA,NA,NA,NA,NA,NA,NA,TRUE,"<buffer",NA,c(192071.053640159, 196105.840172171),NA,NA,"ANTLKD0282",5.71866609472342
"gbif_data",NA,NA,NA,2021,2021-08-03,51.25436,3.28413,2,"Bekken van de Brugse Polders",13,1,NA,NA,NA,NA,NA,NA,NA,NA,NA,NA,NA,NA,NA,TRUE,"<buffer","6005791",c(74279.3091854857, 216603.251397318),"2696","99",NA,2.48933381982224
"gbif_data",NA,NA,NA,2021,2021-08-03,50.93919,4.4441,8,"Dijle- en Zennebekken",15,1,NA,NA,NA,NA,NA,NA,NA,NA,NA,NA,NA,NA,NA,TRUE,"<buffer","6033031",c(155295.891839284, 180991.090417634),"6873","99",NA,4.60243787611226
"gbif_data",NA,NA,NA,2021,2021-08-03,50.93919,4.4441,8,"Dijle- en Zennebekken",25,1,NA,NA,NA,NA,NA,NA,NA,NA,NA,NA,NA,NA,NA,TRUE,"<buffer","6033031",c(155295.891839284, 180991.090417634),"6873","99",NA,4.60243787611226
"gbif_data",NA,NA,NA,2021,2021-08-03,51.14505,4.08996,3,"Bekken van de Gentse Kanalen",15,1,NA,NA,NA,NA,NA,NA,NA,NA,NA,NA,NA,NA,NA,FALSE,"not linked",NA,c(130490.180296233, 203926.205455893),NA,NA,NA,NA
"gbif_data",NA,NA,NA,2021,2021-08-04,50.97923,5.09268,9,"Demerbekken",1,NA,NA,NA,1,NA,NA,NA,NA,NA,NA,NA,NA,NA,NA,TRUE,"<buffer","26208",c(200838.534034818, 185690.886090772),"7157","1",NA,4.44580306110462
"gbif_data",NA,NA,NA,2021,2021-08-04,51.25883,3.19582,2,"Bekken van de Brugse Polders",20,1,NA,NA,NA,NA,NA,NA,NA,NA,NA,NA,NA,NA,NA,TRUE,"<buffer",NA,c(68122.5053343245, 217194.169861278),NA,NA,"WVLBRU0832",0
"gbif_data",NA,NA,NA,2021,2021-08-04,51.09143,4.94632,10,"Netebekken",5,1,NA,NA,NA,NA,NA,NA,NA,NA,NA,NA,NA,NA,NA,TRUE,"<buffer","6016484",c(190463.259742219, 198082.267022642),"8503","1",NA,1.47164851662597
"gbif_data",NA,NA,NA,2021,2021-08-07,51.07493,4.96889,10,"Netebekken",25,1,NA,NA,NA,NA,NA,NA,NA,NA,NA,NA,NA,NA,NA,TRUE,"<buffer",NA,c(192059.298822432, 196259.273210801),NA,NA,"ANTLKD0080",0
"gbif_data",NA,NA,NA,2021,2021-08-08,51.17221,4.11142,3,"Bekken van de Gentse Kanalen",3,1,NA,NA,NA,NA,NA,NA,NA,NA,NA,NA,NA,NA,NA,TRUE,"<buffer","7011007",c(132002.360052841, 206942.384838678),"555","2",NA,10.625315947889
"gbif_data",NA,NA,NA,2021,2021-08-08,51.23019,3.25015,2,"Bekken van de Brugse Polders",25,1,NA,NA,NA,NA,NA,NA,NA,NA,NA,NA,NA,NA,NA,TRUE,"<buffer","6038245",c(71866.7707690416, 213949.68090347),"2139","2",NA,5.06643444397528
"gbif_data",NA,NA,NA,2021,2021-08-11,51.22213,3.22632,2,"Bekken van de Brugse Polders",25,NA,NA,NA,1,NA,NA,NA,NA,NA,NA,NA,NA,NA,NA,TRUE,"GRB/2 + buffer","6033292",c(70188.6200166697, 213078.399622866),"12","0",NA,16.4397647664316
"gbif_data",NA,NA,NA,2021,2021-08-11,51.24722,3.28861,2,"Bekken van de Brugse Polders",4,1,NA,NA,NA,NA,NA,NA,NA,NA,NA,NA,NA,NA,NA,FALSE,"not linked",NA,c(74580.4995239779, 215804.411365892),NA,NA,NA,NA
"gbif_data",NA,NA,NA,2021,2021-08-13,51.14476,4.08394,3,"Bekken van de Gentse Kanalen",25,1,NA,NA,NA,NA,NA,NA,NA,NA,NA,NA,NA,NA,NA,FALSE,"not linked",NA,c(130068.787275614, 203895.537663106),NA,NA,NA,NA
"gbif_data",NA,NA,NA,2021,2021-08-15,51.33076,3.24703,2,"Bekken van de Brugse Polders",25,1,NA,NA,NA,NA,NA,NA,NA,NA,NA,NA,NA,NA,NA,FALSE,"not linked",NA,c(71817.78355452, 225140.841710669),NA,NA,NA,NA
"gbif_data",NA,NA,NA,2021,2021-08-18,51.25573,3.20016,2,"Bekken van de Brugse Polders",25,1,NA,NA,NA,NA,NA,NA,NA,NA,NA,NA,NA,NA,NA,TRUE,"<buffer","5008205",c(68420.0113524442, 216844.54405682),"32203","2",NA,7.36984840509304
"gbif_data",NA,NA,NA,2021,2021-08-22,50.9888,5.31416,9,"Demerbekken",5,NA,NA,1,NA,NA,NA,NA,NA,NA,NA,NA,NA,NA,NA,TRUE,"<buffer",NA,c(216377.918251373, 186930.401295495),NA,NA,"LIMZNH0533",2.31965844552581
"gbif_data",NA,NA,NA,2021,2021-08-22,51.28393,3.18364,2,"Bekken van de Brugse Polders",5,1,NA,NA,NA,NA,NA,NA,NA,NA,NA,NA,NA,NA,NA,TRUE,"<buffer","5012567",c(67316.8899273233, 219999.855643226),"2638","99",NA,2.16733287113752
"gbif_data",NA,NA,NA,2021,2021-08-22,51.07436,4.96917,10,"Netebekken",60,1,NA,NA,NA,NA,NA,NA,NA,NA,NA,NA,NA,NA,NA,TRUE,"<buffer",NA,c(192079.435021417, 196196.022371786),NA,NA,"ANTLKD0080",9.86521084310932
"gbif_data",NA,NA,NA,2021,2021-08-22,51.28392,3.18365,2,"Bekken van de Brugse Polders",12,1,NA,NA,NA,NA,NA,NA,NA,NA,NA,NA,NA,NA,NA,TRUE,"<buffer","5012567",c(67317.5697997109, 219998.73208107),"2638","99",NA,3.41519740396795
"gbif_data",NA,NA,NA,2021,2021-08-22,51.21633,3.271,2,"Bekken van de Brugse Polders",20,1,NA,NA,NA,NA,NA,NA,NA,NA,NA,NA,NA,NA,NA,FALSE,"not linked",NA,c(73300.2256655231, 212386.13634239),NA,NA,NA,NA
"gbif_data",NA,NA,NA,2021,2021-08-22,51.22155,3.24405,2,"Bekken van de Brugse Polders",28,1,NA,NA,NA,NA,NA,NA,NA,NA,NA,NA,NA,NA,NA,FALSE,"not linked",NA,c(71426.1760574312, 212994.981242791),NA,NA,NA,NA
"gbif_data",NA,NA,NA,2021,2021-08-23,51.16336,4.36493,4,"Benedenscheldebekken",5,NA,1,NA,NA,NA,NA,NA,NA,NA,NA,NA,NA,NA,NA,TRUE,"<buffer",NA,c(149732.301240833, 205926.786962721),NA,NA,"ANTANT0105",10.0049158554855
"gbif_data",NA,NA,NA,2021,2021-08-23,50.98717,4.5113,8,"Dijle- en Zennebekken",25,1,NA,NA,NA,NA,NA,NA,NA,NA,NA,NA,NA,NA,NA,TRUE,"<buffer",NA,c(160008.894364655, 186335.569482575),NA,NA,"VBRZEM0090",0.828578006771191
"gbif_data",NA,NA,NA,2021,2021-08-23,51.15,4.0698,3,"Bekken van de Gentse Kanalen",25,1,NA,NA,NA,NA,NA,NA,NA,NA,NA,NA,NA,NA,NA,TRUE,"<buffer","6030409",c(129081.629677168, 204482.37162536),"922","2",NA,2.55735303645587
"gbif_data",NA,NA,NA,2021,2021-08-23,51.15015,4.06952,3,"Bekken van de Gentse Kanalen",25,1,NA,NA,NA,NA,NA,NA,NA,NA,NA,NA,NA,NA,NA,FALSE,"not linked",NA,c(129062.104933554, 204499.137976225),NA,NA,NA,NA
"gbif_data",NA,NA,NA,2021,2021-08-23,51.15015,4.06952,3,"Bekken van de Gentse Kanalen",25,1,NA,NA,NA,NA,NA,NA,NA,NA,NA,NA,NA,NA,NA,FALSE,"not linked",NA,c(129062.104933554, 204499.137976225),NA,NA,NA,NA
"gbif_data",NA,NA,NA,2021,2021-08-24,51.075,4.96981,10,"Netebekken",25,1,NA,NA,NA,NA,NA,NA,NA,NA,NA,NA,NA,NA,NA,TRUE,"<buffer",NA,c(192123.710787622, 196267.582493783),NA,NA,"ANTLKD0068",0
"gbif_data",NA,NA,NA,2021,2021-08-24,51.15216,4.05604,3,"Bekken van de Gentse Kanalen",7,1,NA,NA,NA,NA,NA,NA,NA,NA,NA,NA,NA,NA,NA,FALSE,"not linked",NA,c(128119.840890075, 204726.629873093),NA,NA,NA,NA
"gbif_data",NA,NA,NA,2021,2021-08-25,51.08788,5.72333,11,"Maasbekken",25,1,NA,NA,NA,NA,NA,NA,NA,NA,NA,NA,NA,NA,NA,TRUE,"<buffer","28730",c(244902.290973513, 198396.147168973),"10004","1",NA,6.19670229462473
"gbif_data",NA,NA,NA,2021,2021-08-25,51.08788,5.72333,11,"Maasbekken",15,1,NA,NA,NA,NA,NA,NA,NA,NA,NA,NA,NA,NA,NA,TRUE,"<buffer","28730",c(244902.290973513, 198396.147168973),"10004","1",NA,6.19670229462473
"gbif_data",NA,NA,NA,2021,2021-08-25,51.3014,3.27801,2,"Bekken van de Brugse Polders",5,1,NA,NA,NA,NA,NA,NA,NA,NA,NA,NA,NA,NA,NA,FALSE,"not linked",NA,c(73928.9149083718, 221842.48116711),NA,NA,NA,NA
"gbif_data",NA,NA,NA,2021,2021-08-27,51.21967,2.92018,1,"Ijzerbekken",10,NA,NA,NA,1,NA,NA,NA,NA,NA,NA,NA,NA,NA,NA,TRUE,"<buffer",NA,c(48798.5885558706, 213177.71197662),NA,NA,"WVLOOS0094",9.12465347788656
"gbif_data",NA,NA,NA,2021,2021-08-27,51.21969,2.92052,1,"Ijzerbekken",14,NA,NA,NA,1,NA,NA,NA,NA,NA,NA,NA,NA,NA,NA,TRUE,"<buffer",NA,c(48822.3822038406, 213179.473520098),NA,NA,"WVLOOS0094",0
"gbif_data",NA,NA,NA,2021,2021-08-27,51.04782,4.93379,10,"Netebekken",25,1,NA,NA,NA,NA,NA,NA,NA,NA,NA,NA,NA,NA,NA,TRUE,"<buffer",NA,c(189622.408289561, 193224.099324018),NA,NA,"ANTHST0272",8.48602860193185
"gbif_data",NA,NA,NA,2021,2021-08-27,51.19618,4.43155,4,"Benedenscheldebekken",5,NA,1,NA,NA,NA,NA,NA,NA,NA,NA,NA,NA,NA,NA,TRUE,"<buffer",NA,c(154389.341023247, 209580.000458351),NA,NA,"ANTANT0029",0
"gbif_data",NA,NA,NA,2021,2021-08-28,51.29288,3.24862,2,"Bekken van de Brugse Polders",15,1,NA,NA,NA,NA,NA,NA,NA,NA,NA,NA,NA,NA,NA,FALSE,"not linked",NA,c(71865.0585579873, 220925.166427081),NA,NA,NA,NA
"gbif_data",NA,NA,NA,2021,2021-08-31,51.07517,4.96955,10,"Netebekken",60,1,NA,NA,NA,NA,NA,NA,NA,NA,NA,NA,NA,NA,NA,TRUE,"<buffer",NA,c(192105.336397642, 196286.346510516),NA,NA,"ANTLKD0080",0
"gbif_data",NA,NA,NA,2021,2021-09-03,50.98717,4.51183,8,"Dijle- en Zennebekken",25,1,NA,NA,NA,NA,NA,NA,NA,NA,NA,NA,NA,NA,NA,TRUE,"<buffer",NA,c(160046.108448668, 186335.641405153),NA,NA,"VBRZEM0090",10.0327805981066
"gbif_data",NA,NA,NA,2021,2021-09-04,51.14525,4.10469,3,"Bekken van de Gentse Kanalen",26,1,NA,NA,NA,NA,NA,NA,NA,NA,NA,NA,NA,NA,NA,TRUE,"<buffer","7056762",c(131521.040607522, 203944.697182443),"946","9",NA,14.4534812352435
"gbif_data",NA,NA,NA,2021,2021-09-05,50.95886,5.46765,9,"Demerbekken",30,NA,NA,NA,1,NA,NA,NA,NA,NA,NA,NA,NA,NA,NA,TRUE,"<buffer",NA,c(227203.201284081, 183748.544835158),NA,NA,"LIMGNK0396",0
"gbif_data",NA,NA,NA,2021,2021-09-05,50.95908,5.47051,9,"Demerbekken",4,NA,NA,NA,1,NA,NA,NA,NA,NA,NA,NA,NA,NA,NA,FALSE,"not linked",NA,c(227403.753157657, 183775.995345782),NA,NA,NA,NA
"gbif_data",NA,NA,NA,2021,2021-09-06,51.22244,5.03286,10,"Netebekken",25,NA,NA,NA,1,NA,NA,NA,NA,NA,NA,NA,NA,NA,NA,TRUE,"<buffer",NA,c(196395.473936585, 212707.555536301),NA,NA,"ANTRET0236",0
"gbif_data",NA,NA,NA,2021,2021-09-06,50.92265,3.94295,4,"Benedenscheldebekken",25,1,NA,NA,NA,NA,NA,NA,NA,NA,NA,NA,NA,NA,NA,TRUE,"<buffer",NA,c(120061.058449836, 179233.952668169),NA,NA,"OVLERP0125",9.07751755487902
"gbif_data",NA,NA,NA,2021,2021-09-08,51.2606,3.19619,2,"Bekken van de Brugse Polders",5,1,NA,NA,NA,NA,NA,NA,NA,NA,NA,NA,NA,NA,NA,TRUE,"<buffer",NA,c(68151.4390058056, 217390.661439584),NA,NA,"WVLBRU1183",0
"gbif_data",NA,NA,NA,2021,2021-09-09,51.28698,5.15554,10,"Netebekken",25,NA,NA,NA,1,NA,NA,NA,NA,NA,NA,NA,NA,NA,NA,TRUE,"<buffer",NA,c(204889.690358429, 219971.442329325),NA,NA,"ANTMOL0088",3.63686784059954
"gbif_data",NA,NA,NA,2021,2021-09-10,51.28133,3.21761,2,"Bekken van de Brugse Polders",1,1,NA,NA,NA,NA,NA,NA,NA,NA,NA,NA,NA,NA,NA,TRUE,"<buffer","7013508",c(69682.2272287967, 219673.35813244),"32202","99",NA,7.21047800170109
"gbif_data",NA,NA,NA,2021,2021-09-11,51.22165,3.24234,2,"Bekken van de Brugse Polders",5,1,NA,NA,NA,NA,NA,NA,NA,NA,NA,NA,NA,NA,NA,TRUE,"<buffer","6036176",c(71306.890637186, 213007.915224078),"2124","1",NA,10.5004827484465
"gbif_data",NA,NA,NA,2021,2021-09-11,51.22165,3.24234,2,"Bekken van de Brugse Polders",5,1,NA,NA,NA,NA,NA,NA,NA,NA,NA,NA,NA,NA,NA,TRUE,"<buffer","6036176",c(71306.890637186, 213007.915224078),"2124","1",NA,10.5004827484465
"gbif_data",NA,NA,NA,2021,2021-09-11,51.22165,3.24234,2,"Bekken van de Brugse Polders",5,1,NA,NA,NA,NA,NA,NA,NA,NA,NA,NA,NA,NA,NA,TRUE,"<buffer","6036176",c(71306.890637186, 213007.915224078),"2124","1",NA,10.5004827484465
"gbif_data",NA,NA,NA,2021,2021-09-11,51.22165,3.24234,2,"Bekken van de Brugse Polders",5,1,NA,NA,NA,NA,NA,NA,NA,NA,NA,NA,NA,NA,NA,TRUE,"<buffer","6036176",c(71306.890637186, 213007.915224078),"2124","1",NA,10.5004827484465
"gbif_data",NA,NA,NA,2021,2021-09-12,51.17051,3.91775,3,"Bekken van de Gentse Kanalen",5,1,NA,NA,NA,NA,NA,NA,NA,NA,NA,NA,NA,NA,NA,TRUE,"<buffer","6007995",c(118456.450701105, 206817.739185679),"8","0",NA,4.10029477248213
"gbif_data",NA,NA,NA,2021,2021-09-13,51.23875,3.52471,2,"Bekken van de Brugse Polders",15,1,NA,NA,NA,NA,NA,NA,NA,NA,NA,NA,NA,NA,NA,FALSE,"not linked",NA,c(91054.2664429124, 214648.686583465),NA,NA,NA,NA
"gbif_data",NA,NA,NA,2021,2021-09-14,51.24587,3.60576,3,"Bekken van de Gentse Kanalen",13,1,NA,NA,NA,NA,NA,NA,NA,NA,NA,NA,NA,NA,NA,FALSE,"not linked",NA,c(96722.4729931323, 215379.584519693),NA,NA,NA,NA
"gbif_data",NA,NA,NA,2021,2021-09-15,51.15535,4.06374,3,"Bekken van de Gentse Kanalen",4,1,NA,NA,NA,NA,NA,NA,NA,NA,NA,NA,NA,NA,NA,TRUE,"<buffer","6030409",c(128660.045773467, 205079.284192829),"922","2",NA,2.21804340759208
"gbif_data",NA,NA,NA,2021,2021-09-15,51.07747,4.96975,10,"Netebekken",25,1,NA,NA,NA,NA,NA,NA,NA,NA,NA,NA,NA,NA,NA,TRUE,"<buffer",NA,c(192117.279236521, 196542.323761986),NA,NA,"ANTLKD0325",0
"gbif_data",NA,NA,NA,2021,2021-09-16,51.17379,4.63287,10,"Netebekken",8,NA,NA,1,NA,NA,NA,NA,NA,NA,NA,NA,NA,NA,NA,TRUE,"<buffer","7033937",c(168470.902892706, 207120.169739252),"44410","1",NA,13.4541886347391
"gbif_data",NA,NA,NA,2021,2021-09-16,50.91063,3.29591,5,"Leiebekken",25,NA,NA,NA,1,NA,NA,NA,NA,NA,NA,NA,NA,NA,NA,FALSE,"not linked",NA,c(74549.5042771894, 178355.636773269),NA,NA,NA,NA
"gbif_data",NA,NA,NA,2021,2021-09-16,51.33668,3.30515,2,"Bekken van de Brugse Polders",34,1,NA,NA,NA,NA,NA,NA,NA,NA,NA,NA,NA,NA,NA,FALSE,"not linked",NA,c(75877.7708106204, 225739.859173422),NA,NA,NA,NA
"gbif_data",NA,NA,NA,2021,2021-09-20,51.24693,3.20596,2,"Bekken van de Brugse Polders",15,1,NA,NA,NA,NA,NA,NA,NA,NA,NA,NA,NA,NA,NA,FALSE,"not linked",NA,c(68809.5545209966, 215859.258298373),NA,NA,NA,NA
"gbif_data",NA,NA,NA,2021,2021-09-24,51.2184,3.14945,2,"Bekken van de Brugse Polders",21,1,NA,NA,NA,NA,NA,NA,NA,NA,NA,NA,NA,NA,NA,TRUE,"<buffer","6036178",c(64812.0935237961, 212748.830532417),"631","2",NA,8.76626134157444
"gbif_data",NA,NA,NA,2021,2021-09-28,51.17135,4.62398,10,"Netebekken",17,NA,NA,1,NA,NA,NA,NA,NA,NA,NA,NA,NA,NA,NA,TRUE,"<buffer",NA,c(167850.113271682, 206846.534867842),NA,NA,"ANTRAN0167",5.59946793245774
"gbif_data",NA,NA,NA,2021,2021-09-28,51.17153,4.62384,10,"Netebekken",88,NA,NA,1,NA,NA,NA,NA,NA,NA,NA,NA,NA,NA,NA,FALSE,"not linked",NA,c(167840.252825781, 206866.52647165),NA,NA,NA,NA
"gbif_data",NA,NA,NA,2021,2021-09-29,51.25348,3.32794,2,"Bekken van de Brugse Polders",15,1,NA,NA,NA,NA,NA,NA,NA,NA,NA,NA,NA,NA,NA,TRUE,"<buffer","5007342",c(77336.2220619033, 216461.609883819),"2348","2",NA,0.103977923412545
"gbif_data",NA,NA,NA,2021,2021-09-29,51.25613,3.32052,2,"Bekken van de Brugse Polders",15,1,NA,NA,NA,NA,NA,NA,NA,NA,NA,NA,NA,NA,NA,TRUE,"<buffer","5007286",c(76822.3951140011, 216763.69170015),"2666","2",NA,0.0303987334232745
"gbif_data",NA,NA,NA,2021,2021-09-29,51.25542,3.32129,2,"Bekken van de Brugse Polders",15,1,NA,NA,NA,NA,NA,NA,NA,NA,NA,NA,NA,NA,NA,TRUE,"<buffer","5007376",c(76875.0317540308, 216683.949566199),"2522","2",NA,0.409167901250363
"gbif_data",NA,NA,NA,2021,2021-09-30,51.25613,3.32052,2,"Bekken van de Brugse Polders",15,1,NA,NA,NA,NA,NA,NA,NA,NA,NA,NA,NA,NA,NA,TRUE,"<buffer","5007286",c(76822.3951140011, 216763.69170015),"2666","2",NA,0.0303987334232745
"gbif_data",NA,NA,NA,2021,2021-09-30,51.25542,3.32129,2,"Bekken van de Brugse Polders",15,1,NA,NA,NA,NA,NA,NA,NA,NA,NA,NA,NA,NA,NA,TRUE,"<buffer","5007376",c(76875.0317540308, 216683.949566199),"2522","2",NA,0.409167901250363
"gbif_data",NA,NA,NA,2021,2021-09-30,51.25348,3.32794,2,"Bekken van de Brugse Polders",15,1,NA,NA,NA,NA,NA,NA,NA,NA,NA,NA,NA,NA,NA,TRUE,"<buffer","5007342",c(77336.2220619033, 216461.609883819),"2348","2",NA,0.103977923412545
"gbif_data",NA,NA,NA,2021,2021-10-01,51.19606,4.43154,4,"Benedenscheldebekken",10,NA,1,NA,NA,NA,NA,NA,NA,NA,NA,NA,NA,NA,NA,TRUE,"<buffer",NA,c(154388.653415146, 209566.649432745),NA,NA,"ANTANT0029",0
"gbif_data",NA,NA,NA,2021,2021-10-03,50.8418,3.32606,5,"Leiebekken",25,NA,NA,NA,1,NA,NA,NA,NA,NA,NA,NA,NA,NA,NA,TRUE,"<buffer",NA,c(76562.2933882984, 170669.440345076),NA,NA,"WVLHAR0329",0
"gbif_data",NA,NA,NA,2021,2021-10-03,50.8426,3.32445,5,"Leiebekken",25,NA,NA,NA,1,NA,NA,NA,NA,NA,NA,NA,NA,NA,NA,TRUE,"<buffer",NA,c(76450.1579286657, 170760.016558822),NA,NA,"WVLHAR0329",0
"gbif_data",NA,NA,NA,2021,2021-10-05,51.25932,3.19725,2,"Bekken van de Brugse Polders",25,1,NA,NA,NA,NA,NA,NA,NA,NA,NA,NA,NA,NA,NA,TRUE,"<buffer",NA,c(68223.1784203223, 217247.103733728),NA,NA,"WVLBRU0832",2.22347193317148
"gbif_data",NA,NA,NA,2021,2021-10-05,51.2588,3.19525,2,"Bekken van de Brugse Polders",5,1,NA,NA,NA,NA,NA,NA,NA,NA,NA,NA,NA,NA,NA,TRUE,"<buffer",NA,c(68082.6668201566, 217191.460905814),NA,NA,"WVLBRU0832",12.753386198001
"gbif_data",NA,NA,NA,2021,2021-10-05,51.26682,3.15824,2,"Bekken van de Brugse Polders",50,1,NA,NA,NA,NA,NA,NA,NA,NA,NA,NA,NA,NA,NA,FALSE,"not linked",NA,c(65513.9284264205, 218125.070115792),NA,NA,NA,NA
"gbif_data",NA,NA,NA,2021,2021-10-06,51.15642,4.0009,3,"Bekken van de Gentse Kanalen",17,1,NA,NA,NA,NA,NA,NA,NA,NA,NA,NA,NA,NA,NA,TRUE,"<buffer","6030498",c(124264.179275822, 205218.201619192),"1064","2",NA,0.818967951331403
"gbif_data",NA,NA,NA,2021,2021-10-07,51.07694,4.99713,10,"Netebekken",5,1,NA,NA,NA,NA,NA,NA,NA,NA,NA,NA,NA,NA,NA,FALSE,"not linked",NA,c(194036.50588232, 196499.266357081),NA,NA,NA,NA
"gbif_data",NA,NA,NA,2021,2021-10-07,51.22582,3.0435,2,"Bekken van de Brugse Polders",100,1,NA,NA,NA,NA,NA,NA,NA,NA,NA,NA,NA,NA,NA,FALSE,"not linked",NA,c(57425.2922416084, 213700.975200456),NA,NA,NA,NA
"gbif_data",NA,NA,NA,2021,2021-10-15,51.233,5.0901,10,"Netebekken",25,NA,NA,NA,1,NA,NA,NA,NA,NA,NA,NA,NA,NA,NA,TRUE,"<buffer","7072550",c(200382.826712052, 213919.697528134),"8502","2",NA,7.22152156311214
"gbif_data",NA,NA,NA,2021,2021-10-15,51.24786,5.08242,10,"Netebekken",5,NA,NA,NA,1,NA,NA,NA,NA,NA,NA,NA,NA,NA,NA,TRUE,"<buffer","6030567",c(199830.5208879, 215567.689871837),"8710","2",NA,0.344871837383835
"gbif_data",NA,NA,NA,2021,2021-10-15,51.24794,5.0824,10,"Netebekken",5,NA,NA,NA,1,NA,NA,NA,NA,NA,NA,NA,NA,NA,NA,TRUE,"<buffer","6030567",c(199829.038830351, 215576.576494876),"8710","2",NA,0.44658693051546
"gbif_data",NA,NA,NA,2021,2021-10-15,51.24794,5.0824,10,"Netebekken",5,NA,NA,NA,1,NA,NA,NA,NA,NA,NA,NA,NA,NA,NA,TRUE,"<buffer","6030567",c(199829.038830351, 215576.576494876),"8710","2",NA,0.44658693051546
"gbif_data",NA,NA,NA,2021,2021-10-15,51.24786,5.08242,10,"Netebekken",5,NA,NA,NA,1,NA,NA,NA,NA,NA,NA,NA,NA,NA,NA,TRUE,"<buffer","6030567",c(199830.5208879, 215567.689871837),"8710","2",NA,0.344871837383835
"gbif_data",NA,NA,NA,2021,2021-10-15,51.24794,5.0824,10,"Netebekken",5,NA,NA,NA,1,NA,NA,NA,NA,NA,NA,NA,NA,NA,NA,TRUE,"<buffer","6030567",c(199829.038830351, 215576.576494876),"8710","2",NA,0.44658693051546
"gbif_data",NA,NA,NA,2021,2021-10-15,51.23299,5.09012,10,"Netebekken",3,NA,NA,NA,1,NA,NA,NA,NA,NA,NA,NA,NA,NA,NA,TRUE,"<buffer","7072550",c(200384.234406169, 213918.598612785),"8502","2",NA,6.4838914204045
"gbif_data",NA,NA,NA,2021,2021-10-15,51.24786,5.08242,10,"Netebekken",5,NA,NA,NA,1,NA,NA,NA,NA,NA,NA,NA,NA,NA,NA,TRUE,"<buffer","6030567",c(199830.5208879, 215567.689871837),"8710","2",NA,0.344871837383835
"gbif_data",NA,NA,NA,2021,2021-10-15,51.24786,5.08242,10,"Netebekken",5,NA,NA,NA,1,NA,NA,NA,NA,NA,NA,NA,NA,NA,NA,TRUE,"<buffer","6030567",c(199830.5208879, 215567.689871837),"8710","2",NA,0.344871837383835
"gbif_data",NA,NA,NA,2021,2021-10-15,50.98322,4.51439,8,"Dijle- en Zennebekken",15,1,NA,NA,NA,NA,NA,NA,NA,NA,NA,NA,NA,NA,NA,TRUE,"<buffer",NA,c(160226.725457729, 185896.574280918),NA,NA,"VBRZEM0090",7.1844351944755
"gbif_data",NA,NA,NA,2021,2021-10-17,50.8419,3.32559,5,"Leiebekken",8,NA,NA,NA,1,NA,NA,NA,NA,NA,NA,NA,NA,NA,NA,TRUE,"<buffer",NA,c(76529.3492345622, 170681.027952713),NA,NA,"WVLHAR0329",0
"gbif_data",NA,NA,NA,2021,2021-10-18,51.29012,3.1721,2,"Bekken van de Brugse Polders",15,1,NA,NA,NA,NA,NA,NA,NA,NA,NA,NA,NA,NA,NA,TRUE,"<buffer","5012276",c(66522.9310839562, 220701.356353723),"2614","2",NA,8.57189640965066
"gbif_data",NA,NA,NA,2021,2021-10-20,50.99088,4.50564,8,"Dijle- en Zennebekken",15,1,NA,NA,NA,NA,NA,NA,NA,NA,NA,NA,NA,NA,NA,TRUE,"<buffer",NA,c(159610.711283621, 186747.538000989),NA,NA,"VBRZEM0068",11.2698724268562
"gbif_data",NA,NA,NA,2021,2021-10-29,51.19608,4.43137,4,"Benedenscheldebekken",10,NA,1,NA,NA,NA,NA,NA,NA,NA,NA,NA,NA,NA,NA,TRUE,"<buffer",NA,c(154376.768112809, 209568.864357929),NA,NA,"ANTANT0029",0
"gbif_data",NA,NA,NA,2021,2021-11-08,51.13997,4.99746,10,"Netebekken",25,NA,NA,NA,1,NA,NA,NA,NA,NA,NA,NA,NA,NA,NA,TRUE,"<buffer","28510",c(194000.193871094, 203511.297990506),"8501","1",NA,0.859011581873948
"gbif_data",NA,NA,NA,2021,2021-11-26,51.19612,4.43144,4,"Benedenscheldebekken",10,NA,1,NA,NA,NA,NA,NA,NA,NA,NA,NA,NA,NA,NA,TRUE,"<buffer",NA,c(154381.657478874, 209573.318675052),NA,NA,"ANTANT0029",0
"gbif_data",NA,NA,NA,2021,2021-11-29,51.19615,4.43147,4,"Benedenscheldebekken",5,NA,1,NA,NA,NA,NA,NA,NA,NA,NA,NA,NA,NA,NA,TRUE,"<buffer",NA,c(154383.75169733, 209576.658072544),NA,NA,"ANTANT0029",0
"gbif_data",NA,NA,NA,2021,2021-12-16,51.23713,5.07972,10,"Netebekken",3,NA,NA,NA,1,NA,NA,NA,NA,NA,NA,NA,NA,NA,NA,TRUE,"<buffer","7072552",c(199653.444125759, 214372.161411737),"8502","2",NA,3.74091412796405
"gbif_data",NA,NA,NA,2021,2021-12-30,51.19611,4.43139,4,"Benedenscheldebekken",5,NA,1,NA,NA,NA,NA,NA,NA,NA,NA,NA,NA,NA,NA,TRUE,"<buffer",NA,c(154378.16331313, 209572.203157131),NA,NA,"ANTANT0029",0
"gbif_data",NA,NA,NA,2022,2022-01-04,50.9824,5.3257,9,"Demerbekken",2,NA,NA,NA,1,NA,NA,NA,NA,NA,NA,NA,NA,NA,NA,TRUE,"<buffer",NA,c(217197.291271821, 186228.876954927),NA,NA,"LIMZNH0256",4.55637648389253
"gbif_data",NA,NA,NA,2022,2022-01-11,50.83149,3.28324,5,"Leiebekken",5,NA,NA,NA,1,NA,NA,NA,NA,NA,NA,NA,NA,NA,NA,TRUE,"<buffer","6031440",c(73529.8989556712, 169565.866183312),"22","0",NA,10.586910703626
"gbif_data",NA,NA,NA,2022,2022-01-23,51.03831,4.66266,8,"Dijle- en Zennebekken",15,NA,NA,NA,1,NA,NA,NA,NA,NA,NA,NA,NA,NA,NA,TRUE,"<buffer",NA,c(170614.074894441, 192055.997043458),NA,NA,"ANTHEI0194",0
"gbif_data",NA,NA,NA,2022,2022-02-01,51.21768,4.46847,4,"Benedenscheldebekken",5,NA,NA,NA,1,NA,NA,NA,NA,NA,NA,NA,NA,NA,NA,FALSE,"not linked",NA,c(156966.895030605, 211974.809233976),NA,NA,NA,NA
"gbif_data",NA,NA,NA,2022,2022-02-24,51.19617,4.43142,4,"Benedenscheldebekken",5,NA,1,NA,NA,NA,NA,NA,NA,NA,NA,NA,NA,NA,NA,TRUE,"<buffer",NA,c(154380.254686197, 209578.880160233),NA,NA,"ANTANT0029",0
"gbif_data",NA,NA,NA,2022,2022-03-10,51.25961,3.19606,2,"Bekken van de Brugse Polders",15,1,NA,NA,NA,NA,NA,NA,NA,NA,NA,NA,NA,NA,NA,TRUE,"<buffer",NA,c(68140.6269412695, 217280.67454789),NA,NA,"WVLBRU0832",0
"gbif_data",NA,NA,NA,2022,2022-03-14,51.25055,3.27268,2,"Bekken van de Brugse Polders",5,1,NA,NA,NA,NA,NA,NA,NA,NA,NA,NA,NA,NA,NA,TRUE,"<buffer","6025929",c(73473.7599412514, 216191.142576343),"15706","99",NA,1.8980721264521
"gbif_data",NA,NA,NA,2022,2022-03-16,50.97355,3.47433,3,"Bekken van de Gentse Kanalen",8,NA,NA,NA,1,NA,NA,NA,NA,NA,NA,NA,NA,NA,NA,TRUE,"<buffer",NA,c(87180.9362374798, 185188.482748326),NA,NA,"OVLDEI0681",0
"gbif_data",NA,NA,NA,2022,2022-03-20,51.18528,2.81726,1,"Ijzerbekken",30,NA,1,NA,NA,NA,NA,NA,NA,NA,NA,NA,NA,NA,NA,TRUE,"<buffer",NA,c(41529.4377905984, 209497.715995342),NA,NA,"WVLMID0124",12.3290428395394
"gbif_data",NA,NA,NA,2022,2022-03-24,51.1832,4.06012,3,"Bekken van de Gentse Kanalen",3,1,NA,NA,NA,NA,NA,NA,NA,NA,NA,NA,NA,NA,NA,TRUE,"<buffer","6030198",c(128419.630099178, 208178.682958997),"555","2",NA,8.37967998582652
"gbif_data",NA,NA,NA,2022,2022-03-24,51.16077,4.00528,3,"Bekken van de Gentse Kanalen",4,1,NA,NA,NA,NA,NA,NA,NA,NA,NA,NA,NA,NA,NA,TRUE,"<buffer","5040538",c(124572.972713505, 205700.635930406),"933","2",NA,2.12934389608919
"gbif_data",NA,NA,NA,2022,2022-03-24,51.1431,4.01398,3,"Bekken van de Gentse Kanalen",11,1,NA,NA,NA,NA,NA,NA,NA,NA,NA,NA,NA,NA,NA,TRUE,"<buffer","6030454",c(125172.20231939, 203731.902038814),"922","2",NA,3.10673110294009
"gbif_data",NA,NA,NA,2022,2022-03-31,51.19625,4.43159,4,"Benedenscheldebekken",10,NA,1,NA,NA,NA,NA,NA,NA,NA,NA,NA,NA,NA,NA,TRUE,"<buffer",NA,c(154392.130448, 209587.790599899),NA,NA,"ANTANT0029",0
"gbif_data",NA,NA,NA,2022,2022-04-05,51.1843,4.02543,3,"Bekken van de Gentse Kanalen",6,1,NA,NA,NA,NA,NA,NA,NA,NA,NA,NA,NA,NA,NA,TRUE,"<buffer","6030173",c(125994.635224553, 208311.686081386),"123","1",NA,7.05615833685211
"gbif_data",NA,NA,NA,2022,2022-04-05,51.15096,4.00251,3,"Bekken van de Gentse Kanalen",6,1,NA,NA,NA,NA,NA,NA,NA,NA,NA,NA,NA,NA,NA,TRUE,"<buffer","6007985",c(124373.825939724, 204610.218303128),"922","2",NA,4.84356115102163
"gbif_data",NA,NA,NA,2022,2022-04-05,51.15125,4.00196,3,"Bekken van de Gentse Kanalen",4,1,NA,NA,NA,NA,NA,NA,NA,NA,NA,NA,NA,NA,NA,TRUE,"<buffer","6007985",c(124335.501990867, 204642.670507713),"922","2",NA,3.5919797936336
"gbif_data",NA,NA,NA,2022,2022-04-05,51.15154,4.0013,3,"Bekken van de Gentse Kanalen",4,1,NA,NA,NA,NA,NA,NA,NA,NA,NA,NA,NA,NA,NA,TRUE,"<buffer","6007985",c(124289.482013085, 204675.161009299),"922","2",NA,4.73142664270275
"gbif_data",NA,NA,NA,2022,2022-04-05,51.14304,4.01381,3,"Bekken van de Gentse Kanalen",4,1,NA,NA,NA,NA,NA,NA,NA,NA,NA,NA,NA,NA,NA,TRUE,"<buffer","6030454",c(125160.273709884, 203725.283777388),"922","2",NA,0.0671924441847066
"gbif_data",NA,NA,NA,2022,2022-04-06,51.23127,5.03767,10,"Netebekken",8,NA,NA,NA,1,NA,NA,NA,NA,NA,NA,NA,NA,NA,NA,TRUE,"<buffer",NA,c(196722.641717768, 213692.916287872),NA,NA,"ANTRET0278",0
"gbif_data",NA,NA,NA,2022,2022-04-12,51.25542,3.32129,2,"Bekken van de Brugse Polders",15,1,NA,NA,NA,NA,NA,NA,NA,NA,NA,NA,NA,NA,NA,TRUE,"<buffer","5007376",c(76875.0317540308, 216683.949566199),"2522","2",NA,0.409167901250363
"gbif_data",NA,NA,NA,2022,2022-04-13,51.25542,3.32129,2,"Bekken van de Brugse Polders",15,1,NA,NA,NA,NA,NA,NA,NA,NA,NA,NA,NA,NA,NA,TRUE,"<buffer","5007376",c(76875.0317540308, 216683.949566199),"2522","2",NA,0.409167901250363
"gbif_data",NA,NA,NA,2022,2022-04-15,51.29771,3.35131,2,"Bekken van de Brugse Polders",7,1,NA,NA,NA,NA,NA,NA,NA,NA,NA,NA,NA,NA,NA,FALSE,"not linked",NA,c(79035.0551937063, 221359.452136973),NA,NA,NA,NA
"gbif_data",NA,NA,NA,2022,2022-04-19,50.95299,4.45508,8,"Dijle- en Zennebekken",26,1,NA,NA,NA,NA,NA,NA,NA,NA,NA,NA,NA,NA,NA,TRUE,"<buffer",NA,c(156065.846454265, 182527.103680018),NA,NA,"VBRVIL0060",0.747668560929188
"gbif_data",NA,NA,NA,2022,2022-04-23,50.95155,4.46054,8,"Dijle- en Zennebekken",5,1,NA,NA,NA,NA,NA,NA,NA,NA,NA,NA,NA,NA,NA,FALSE,"not linked",NA,c(156449.701283469, 182367.375893233),NA,NA,NA,NA
"gbif_data",NA,NA,NA,2022,2022-04-24,51.06926,4.38712,4,"Benedenscheldebekken",5,NA,NA,NA,1,NA,NA,NA,NA,NA,NA,NA,NA,NA,NA,TRUE,"<buffer",NA,c(151287.210155329, 195458.299255844),NA,NA,"ANTWIL0020",0
"gbif_data",NA,NA,NA,2022,2022-04-24,51.06922,4.38703,4,"Benedenscheldebekken",9,NA,NA,NA,1,NA,NA,NA,NA,NA,NA,NA,NA,NA,NA,TRUE,"<buffer",NA,c(151280.902977093, 195453.847702336),NA,NA,"ANTWIL0020",0
"gbif_data",NA,NA,NA,2022,2022-04-25,50.95311,4.45514,8,"Dijle- en Zennebekken",10,1,NA,NA,NA,NA,NA,NA,NA,NA,NA,NA,NA,NA,NA,TRUE,"<buffer","6032956",c(156070.046791575, 182540.457919765),"16702","9",NA,0.777313255353249
"gbif_data",NA,NA,NA,2022,2022-04-26,51.25542,3.32129,2,"Bekken van de Brugse Polders",15,1,NA,NA,NA,NA,NA,NA,NA,NA,NA,NA,NA,NA,NA,TRUE,"<buffer","5007376",c(76875.0317540308, 216683.949566199),"2522","2",NA,0.409167901250363
"gbif_data",NA,NA,NA,2022,2022-04-27,51.25542,3.32129,2,"Bekken van de Brugse Polders",15,1,NA,NA,NA,NA,NA,NA,NA,NA,NA,NA,NA,NA,NA,TRUE,"<buffer","5007376",c(76875.0317540308, 216683.949566199),"2522","2",NA,0.409167901250363
"gbif_data",NA,NA,NA,2022,2022-04-27,50.80327,3.75723,6,"Bovenscheldebekken",15,NA,NA,NA,1,NA,NA,NA,NA,NA,NA,NA,NA,NA,NA,TRUE,"<buffer",NA,c(106893.779948635, 166045.513125475),NA,NA,"OVLBRK0099",0
"gbif_data",NA,NA,NA,2022,2022-04-27,50.80327,3.75723,6,"Bovenscheldebekken",15,NA,NA,NA,1,NA,NA,NA,NA,NA,NA,NA,NA,NA,NA,TRUE,"<buffer",NA,c(106893.779948635, 166045.513125475),NA,NA,"OVLBRK0099",0
"gbif_data",NA,NA,NA,2022,2022-04-27,50.95301,4.455,8,"Dijle- en Zennebekken",5,1,NA,NA,NA,NA,NA,NA,NA,NA,NA,NA,NA,NA,NA,TRUE,"<buffer",NA,c(156060.222525689, 182529.321978028),NA,NA,"VBRVIL0060",0
"gbif_data",NA,NA,NA,2022,2022-05-01,51.18706,4.90304,10,"Netebekken",25,NA,NA,NA,1,NA,NA,NA,NA,NA,NA,NA,NA,NA,NA,TRUE,"GRB/2 + buffer","7025502",c(187354.53096622, 208698.217644254),"5","0",NA,24.7989855999602
"gbif_data",NA,NA,NA,2022,2022-05-02,51.25542,3.32129,2,"Bekken van de Brugse Polders",15,1,NA,NA,NA,NA,NA,NA,NA,NA,NA,NA,NA,NA,NA,TRUE,"<buffer","5007376",c(76875.0317540308, 216683.949566199),"2522","2",NA,0.409167901250363
"gbif_data",NA,NA,NA,2022,2022-05-03,51.25542,3.32129,2,"Bekken van de Brugse Polders",15,1,NA,NA,NA,NA,NA,NA,NA,NA,NA,NA,NA,NA,NA,TRUE,"<buffer","5007376",c(76875.0317540308, 216683.949566199),"2522","2",NA,0.409167901250363
"gbif_data",NA,NA,NA,2022,2022-05-04,51.25542,3.32129,2,"Bekken van de Brugse Polders",15,1,NA,NA,NA,NA,NA,NA,NA,NA,NA,NA,NA,NA,NA,TRUE,"<buffer","5007376",c(76875.0317540308, 216683.949566199),"2522","2",NA,0.409167901250363
"gbif_data",NA,NA,NA,2022,2022-05-05,51.25542,3.32129,2,"Bekken van de Brugse Polders",15,1,NA,NA,NA,NA,NA,NA,NA,NA,NA,NA,NA,NA,NA,TRUE,"<buffer","5007376",c(76875.0317540308, 216683.949566199),"2522","2",NA,0.409167901250363
"gbif_data",NA,NA,NA,2022,2022-05-08,51.14498,5.12885,10,"Netebekken",4,NA,NA,NA,1,NA,NA,NA,NA,NA,NA,NA,NA,NA,NA,TRUE,"<buffer",NA,c(203189.59913642, 204154.719375547),NA,NA,"ANTBAL0065",4.95625965553288
"gbif_data",NA,NA,NA,2022,2022-05-09,51.25542,3.32129,2,"Bekken van de Brugse Polders",15,1,NA,NA,NA,NA,NA,NA,NA,NA,NA,NA,NA,NA,NA,TRUE,"<buffer","5007376",c(76875.0317540308, 216683.949566199),"2522","2",NA,0.409167901250363
"gbif_data",NA,NA,NA,2022,2022-05-09,50.98837,4.50001,8,"Dijle- en Zennebekken",30,1,NA,NA,NA,NA,NA,NA,NA,NA,NA,NA,NA,NA,NA,TRUE,"<buffer",NA,c(159215.926815565, 186467.594807217),NA,NA,"VBRZEM0090",0
"gbif_data",NA,NA,NA,2022,2022-05-10,51.25542,3.32129,2,"Bekken van de Brugse Polders",15,1,NA,NA,NA,NA,NA,NA,NA,NA,NA,NA,NA,NA,NA,TRUE,"<buffer","5007376",c(76875.0317540308, 216683.949566199),"2522","2",NA,0.409167901250363
"gbif_data",NA,NA,NA,2022,2022-05-12,51.25542,3.32129,2,"Bekken van de Brugse Polders",15,1,NA,NA,NA,NA,NA,NA,NA,NA,NA,NA,NA,NA,NA,TRUE,"<buffer","5007376",c(76875.0317540308, 216683.949566199),"2522","2",NA,0.409167901250363
"gbif_data",NA,NA,NA,2022,2022-05-12,51.122333,3.979394,3,"Bekken van de Gentse Kanalen",NA,1,NA,NA,NA,NA,NA,NA,NA,NA,NA,NA,NA,NA,NA,TRUE,"GRB/2 + buffer","6030397",c(122739.750266063, 201433.690645901),"15074","0",NA,18.9058725620396
"gbif_data",NA,NA,NA,2022,2022-05-16,51.02648,4.09299,7,"Denderbekken",15,NA,NA,NA,1,NA,NA,NA,NA,NA,NA,NA,NA,NA,NA,TRUE,"<buffer",NA,c(130653.348559809, 190734.699040449),NA,NA,"OVLDND0178",0
"gbif_data",NA,NA,NA,2022,2022-05-16,51.02648,4.09299,7,"Denderbekken",15,NA,NA,NA,1,NA,NA,NA,NA,NA,NA,NA,NA,NA,NA,TRUE,"<buffer",NA,c(130653.348559809, 190734.699040449),NA,NA,"OVLDND0178",0
"gbif_data",NA,NA,NA,2022,2022-05-16,51.25542,3.32129,2,"Bekken van de Brugse Polders",15,1,NA,NA,NA,NA,NA,NA,NA,NA,NA,NA,NA,NA,NA,TRUE,"<buffer","5007376",c(76875.0317540308, 216683.949566199),"2522","2",NA,0.409167901250363
"gbif_data",NA,NA,NA,2022,2022-05-17,51.25542,3.32129,2,"Bekken van de Brugse Polders",15,1,NA,NA,NA,NA,NA,NA,NA,NA,NA,NA,NA,NA,NA,TRUE,"<buffer","5007376",c(76875.0317540308, 216683.949566199),"2522","2",NA,0.409167901250363
"gbif_data",NA,NA,NA,2022,2022-05-18,51.25542,3.32129,2,"Bekken van de Brugse Polders",15,1,NA,NA,NA,NA,NA,NA,NA,NA,NA,NA,NA,NA,NA,TRUE,"<buffer","5007376",c(76875.0317540308, 216683.949566199),"2522","2",NA,0.409167901250363
"gbif_data",NA,NA,NA,2022,2022-05-19,51.25542,3.32129,2,"Bekken van de Brugse Polders",15,1,NA,NA,NA,NA,NA,NA,NA,NA,NA,NA,NA,NA,NA,TRUE,"<buffer","5007376",c(76875.0317540308, 216683.949566199),"2522","2",NA,0.409167901250363
"gbif_data",NA,NA,NA,2022,2022-05-23,51.25542,3.32129,2,"Bekken van de Brugse Polders",15,1,NA,NA,NA,NA,NA,NA,NA,NA,NA,NA,NA,NA,NA,TRUE,"<buffer","5007376",c(76875.0317540308, 216683.949566199),"2522","2",NA,0.409167901250363
"gbif_data",NA,NA,NA,2022,2022-05-24,51.25542,3.32129,2,"Bekken van de Brugse Polders",15,1,NA,NA,NA,NA,NA,NA,NA,NA,NA,NA,NA,NA,NA,TRUE,"<buffer","5007376",c(76875.0317540308, 216683.949566199),"2522","2",NA,0.409167901250363
"gbif_data",NA,NA,NA,2022,2022-05-26,50.98445,5.3377,9,"Demerbekken",6,NA,NA,1,NA,NA,NA,NA,NA,NA,NA,NA,NA,NA,NA,TRUE,"<buffer",NA,c(218036.912728293, 186467.846247884),NA,NA,"LIMZNH0110",3.11418308867675
"gbif_data",NA,NA,NA,2022,2022-05-28,51.24976,3.00991,2,"Bekken van de Brugse Polders",7,1,NA,NA,NA,NA,NA,NA,NA,NA,NA,NA,NA,NA,NA,TRUE,"<buffer","6042448",c(55127.8663496571, 216406.371610769),"2489","2",NA,5.75732640217015
"gbif_data",NA,NA,NA,2022,2022-05-31,51.07751,4.96965,10,"Netebekken",25,1,NA,NA,NA,NA,NA,NA,NA,NA,NA,NA,NA,NA,NA,TRUE,"<buffer",NA,c(192110.235403669, 196546.716783807),NA,NA,"ANTLKD0325",0
"gbif_data",NA,NA,NA,2022,2022-06-02,51.26202,3.32074,2,"Bekken van de Brugse Polders",15,1,NA,NA,NA,NA,NA,NA,NA,NA,NA,NA,NA,NA,NA,TRUE,"<buffer","6034632",c(76846.9950061184, 217418.709791514),"2158","2",NA,0.0393809371085733
"gbif_data",NA,NA,NA,2022,2022-06-05,50.83911,3.31765,5,"Leiebekken",21,NA,NA,NA,1,NA,NA,NA,NA,NA,NA,NA,NA,NA,NA,TRUE,"<buffer",NA,c(75965.776182908, 170378.579097421),NA,NA,"WVLHAR0329",0
"gbif_data",NA,NA,NA,2022,2022-06-07,51.07524,4.96801,10,"Netebekken",25,1,NA,NA,NA,NA,NA,NA,NA,NA,NA,NA,NA,NA,NA,TRUE,"<buffer",NA,c(191997.348354044, 196293.260495878),NA,NA,"ANTLKD0087",0
"gbif_data",NA,NA,NA,2022,2022-06-07,51.16262,5.0551,10,"Netebekken",7,NA,NA,1,NA,NA,NA,NA,NA,NA,NA,NA,NA,NA,NA,FALSE,"not linked",NA,c(198010.738902554, 206066.80189392),NA,NA,NA,NA
"gbif_data",NA,NA,NA,2022,2022-06-09,51.34034,3.37178,2,"Bekken van de Brugse Polders",5,1,NA,NA,NA,NA,NA,NA,NA,NA,NA,NA,NA,NA,NA,TRUE,"<buffer",NA,c(80526.3457931275, 226082.647501497),NA,NA,"WVLKNO0464",0
"gbif_data",NA,NA,NA,2022,2022-06-14,51.07473,4.96954,10,"Netebekken",25,1,NA,NA,NA,NA,NA,NA,NA,NA,NA,NA,NA,NA,NA,TRUE,"<buffer",NA,c(192105.032098824, 196237.393019452),NA,NA,"ANTLKD0080",0
"gbif_data",NA,NA,NA,2022,2022-06-15,51.07474,4.96943,10,"Netebekken",25,1,NA,NA,NA,NA,NA,NA,NA,NA,NA,NA,NA,NA,NA,TRUE,"<buffer",NA,c(192097.314079568, 196238.443026716),NA,NA,"ANTLKD0080",0
"gbif_data",NA,NA,NA,2022,2022-06-17,51.29294,3.33236,2,"Bekken van de Brugse Polders",5,1,NA,NA,NA,NA,NA,NA,NA,NA,NA,NA,NA,NA,NA,TRUE,"<buffer",NA,c(77706.014957219, 220847.070445335),NA,NA,"WVLDAM0129",8.66192243973936
"gbif_data",NA,NA,NA,2022,2022-06-20,50.79281,3.91147,7,"Denderbekken",15,NA,NA,NA,1,NA,NA,NA,NA,NA,NA,NA,NA,NA,NA,TRUE,"<buffer",NA,c(117758.857671924, 164803.822349375),NA,NA,"OVLGER0176",0
"gbif_data",NA,NA,NA,2022,2022-06-20,50.79281,3.91147,7,"Denderbekken",15,NA,NA,NA,1,NA,NA,NA,NA,NA,NA,NA,NA,NA,NA,TRUE,"<buffer",NA,c(117758.857671924, 164803.822349375),NA,NA,"OVLGER0176",0
"gbif_data",NA,NA,NA,2022,2022-06-20,50.79281,3.91147,7,"Denderbekken",15,NA,NA,NA,1,NA,NA,NA,NA,NA,NA,NA,NA,NA,NA,TRUE,"<buffer",NA,c(117758.857671924, 164803.822349375),NA,NA,"OVLGER0176",0
"gbif_data",NA,NA,NA,2022,2022-06-22,51.07403,4.96923,10,"Netebekken",15,1,NA,NA,NA,NA,NA,NA,NA,NA,NA,NA,NA,NA,NA,TRUE,"<buffer",NA,c(192083.937200789, 196159.345563672),NA,NA,"ANTLKD0282",0
"gbif_data",NA,NA,NA,2022,2022-06-24,51.23113,3.24943,2,"Bekken van de Brugse Polders",25,1,NA,NA,NA,NA,NA,NA,NA,NA,NA,NA,NA,NA,NA,TRUE,"<buffer","6038245",c(71818.0590389019, 214055.006230323),"2139","2",NA,7.14767967578293
"gbif_data",NA,NA,NA,2022,2022-06-25,50.98623,5.33069,9,"Demerbekken",8,NA,NA,1,NA,NA,NA,NA,NA,NA,NA,NA,NA,NA,NA,TRUE,"<buffer",NA,c(217542.148844711, 186659.441709327),NA,NA,"LIMZNH0206",4.97448979194246
"gbif_data",NA,NA,NA,2022,2022-06-25,50.98603,5.33258,9,"Demerbekken",8,NA,NA,1,NA,NA,NA,NA,NA,NA,NA,NA,NA,NA,NA,TRUE,"<buffer",NA,c(217675.136423898, 186638.916654025),NA,NA,"LIMZNH0171",0
"gbif_data",NA,NA,NA,2022,2022-06-26,50.98467,5.3356,9,"Demerbekken",4,NA,NA,1,NA,NA,NA,NA,NA,NA,NA,NA,NA,NA,NA,TRUE,"<buffer",NA,c(217889.145497032, 186490.394617145),NA,NA,"LIMZNH0089",4.70680703260603
"gbif_data",NA,NA,NA,2022,2022-06-28,51.26733,3.29789,2,"Bekken van de Brugse Polders",25,1,NA,NA,NA,NA,NA,NA,NA,NA,NA,NA,NA,NA,NA,TRUE,"<buffer","6025215",c(75260.6599506207, 218032.16328667),"10","0",NA,9.73941826069185
"gbif_data",NA,NA,NA,2022,2022-07-03,51.35809,4.96061,10,"Netebekken",5,NA,NA,NA,1,NA,NA,NA,NA,NA,NA,NA,NA,NA,NA,TRUE,"<buffer",NA,c(191227.622605388, 227756.461195806),NA,NA,"ANTTUR0054",0
"gbif_data",NA,NA,NA,2022,2022-07-05,50.97819,5.73414,11,"Maasbekken",5,NA,NA,NA,1,NA,NA,NA,NA,NA,NA,NA,NA,NA,NA,TRUE,"<buffer",NA,c(245884.053407009, 186209.394569908),NA,NA,"LIMMSM0249",0
"gbif_data",NA,NA,NA,2022,2022-07-05,51.0146,4.08313,7,"Denderbekken",15,NA,NA,1,NA,NA,NA,NA,NA,NA,NA,NA,NA,NA,NA,TRUE,"<buffer","4521294",c(129956.539038019, 189415.707464486),"20467","99",NA,0.672313080457233
"gbif_data",NA,NA,NA,2022,2022-07-10,50.94834,5.72302,11,"Maasbekken",2,NA,NA,NA,1,NA,NA,NA,NA,NA,NA,NA,NA,NA,NA,TRUE,"<buffer",NA,c(245163.83228486, 182874.987909751),NA,NA,"LIMMSM0248",0
"gbif_data",NA,NA,NA,2022,2022-07-10,51.09483,4.19999,4,"Benedenscheldebekken",5,NA,NA,NA,1,NA,NA,NA,NA,NA,NA,NA,NA,NA,NA,TRUE,"<buffer",NA,c(138177.269875274, 198316.088778968),NA,NA,"ANTBRM0391",0
"gbif_data",NA,NA,NA,2022,2022-07-10,50.99683,4.51883,8,"Dijle- en Zennebekken",61,NA,NA,NA,1,NA,NA,NA,NA,NA,NA,NA,NA,NA,NA,TRUE,"<buffer","6029276",c(160535.433117209, 187411.246424585),"18","0",NA,7.49407556379093
"gbif_data",NA,NA,NA,2022,2022-07-12,50.72373,4.08977,7,"Denderbekken",30,NA,NA,NA,NA,NA,NA,1,NA,NA,NA,NA,NA,NA,NA,TRUE,"<buffer",NA,c(130301.220772778, 157057.334388285),NA,NA,"VBRPEP0009",0
"gbif_data",NA,NA,NA,2022,2022-07-12,51.07494,4.96947,10,"Netebekken",25,1,NA,NA,NA,NA,NA,NA,NA,NA,NA,NA,NA,NA,NA,TRUE,"<buffer",NA,c(192099.937142589, 196260.714737573),NA,NA,"ANTLKD0080",0
"gbif_data",NA,NA,NA,2022,2022-07-14,50.77872,4.31751,8,"Dijle- en Zennebekken",30,NA,NA,NA,1,NA,NA,NA,NA,NA,NA,NA,NA,NA,NA,TRUE,"<buffer",NA,c(146386.074444769, 163138.698556902),NA,NA,"VBRBSL0254",0
"gbif_data",NA,NA,NA,2022,2022-07-14,50.77872,4.31751,8,"Dijle- en Zennebekken",30,NA,NA,NA,1,NA,NA,NA,NA,NA,NA,NA,NA,NA,NA,TRUE,"<buffer",NA,c(146386.074444769, 163138.698556902),NA,NA,"VBRBSL0254",0
"gbif_data",NA,NA,NA,2022,2022-07-14,50.77872,4.31751,8,"Dijle- en Zennebekken",30,NA,NA,NA,1,NA,NA,NA,NA,NA,NA,NA,NA,NA,NA,TRUE,"<buffer",NA,c(146386.074444769, 163138.698556902),NA,NA,"VBRBSL0254",0
"gbif_data",NA,NA,NA,2022,2022-07-14,50.77872,4.31751,8,"Dijle- en Zennebekken",30,NA,NA,NA,1,NA,NA,NA,NA,NA,NA,NA,NA,NA,NA,TRUE,"<buffer",NA,c(146386.074444769, 163138.698556902),NA,NA,"VBRBSL0254",0
"gbif_data",NA,NA,NA,2022,2022-07-14,50.77872,4.31751,8,"Dijle- en Zennebekken",30,NA,NA,NA,1,NA,NA,NA,NA,NA,NA,NA,NA,NA,NA,TRUE,"<buffer",NA,c(146386.074444769, 163138.698556902),NA,NA,"VBRBSL0254",0
"gbif_data",NA,NA,NA,2022,2022-07-23,50.72264,4.08789,7,"Denderbekken",5,NA,NA,NA,NA,NA,NA,1,NA,NA,NA,NA,NA,NA,NA,TRUE,"<buffer",NA,c(130168.017295955, 156936.585932787),NA,NA,"VBRPEP0111",0.956284167466093
"gbif_data",NA,NA,NA,2022,2022-07-23,50.7227,4.0878,7,"Denderbekken",25,NA,NA,NA,NA,NA,NA,1,NA,NA,NA,NA,NA,NA,NA,TRUE,"<buffer",NA,c(130161.687481077, 156943.284098969),NA,NA,"VBRPEP0111",0
"gbif_data",NA,NA,NA,2022,2022-07-23,50.72263,4.08792,7,"Denderbekken",8,NA,NA,NA,NA,NA,NA,1,NA,NA,NA,NA,NA,NA,NA,TRUE,"<buffer",NA,c(130170.131434718, 156935.465576237),NA,NA,"VBRPEP0111",2.99239340047914
"gbif_data",NA,NA,NA,2022,2022-07-23,51.29038,3.20579,2,"Bekken van de Brugse Polders",7,1,NA,NA,NA,NA,NA,NA,NA,NA,NA,NA,NA,NA,NA,TRUE,"<buffer",NA,c(68873.3512261037, 220692.959292665),NA,NA,"WVLBRU0824",0
"gbif_data",NA,NA,NA,2022,2022-07-23,50.72269,4.08802,7,"Denderbekken",25,NA,NA,NA,NA,NA,NA,1,NA,NA,NA,NA,NA,NA,NA,TRUE,"<buffer",NA,c(130177.217727227, 156942.11312274),NA,NA,"VBRPEP0111",10.3608500388122
"gbif_data",NA,NA,NA,2022,2022-07-23,50.72255,4.08795,7,"Denderbekken",2,NA,NA,NA,NA,NA,NA,1,NA,NA,NA,NA,NA,NA,NA,TRUE,"<buffer",NA,c(130172.216199454, 156926.558674058),NA,NA,"VBRPEP0111",4.48851635015421
"gbif_data",NA,NA,NA,2022,2022-07-25,50.9299,4.3313,8,"Dijle- en Zennebekken",30,NA,NA,NA,NA,NA,NA,1,NA,NA,NA,NA,NA,NA,NA,TRUE,"<buffer",NA,c(147366.977469922, 179955.54072157),NA,NA,"VBRMEI0011",0
"gbif_data",NA,NA,NA,2022,2022-07-25,50.9299,4.3313,8,"Dijle- en Zennebekken",30,NA,NA,NA,NA,NA,NA,1,NA,NA,NA,NA,NA,NA,NA,TRUE,"<buffer",NA,c(147366.977469922, 179955.54072157),NA,NA,"VBRMEI0011",0
"gbif_data",NA,NA,NA,2022,2022-07-29,51.08086,4.16325,4,"Benedenscheldebekken",1,1,NA,NA,NA,NA,NA,NA,NA,NA,NA,NA,NA,NA,NA,TRUE,"<buffer","4204321",c(135599.204265325, 196768.406310509),"3640","2",NA,6.7571381441161
"gbif_data",NA,NA,NA,2022,2022-07-29,51.00229,4.08169,7,"Denderbekken",5,NA,NA,1,NA,NA,NA,NA,NA,NA,NA,NA,NA,NA,NA,TRUE,"<buffer","6019582",c(129850.207217281, 188046.665952005),"6156","2",NA,0.0352914636738323
"gbif_data",NA,NA,NA,2022,2022-08-01,50.99219,4.51434,8,"Dijle- en Zennebekken",30,1,NA,NA,NA,NA,NA,NA,NA,NA,NA,NA,NA,NA,NA,TRUE,"<buffer",NA,c(160221.248552458, 186894.436984187),NA,NA,"VBRZEM0059",0
"gbif_data",NA,NA,NA,2022,2022-08-01,50.98622,4.50322,8,"Dijle- en Zennebekken",30,NA,NA,NA,1,NA,NA,NA,NA,NA,NA,NA,NA,NA,NA,TRUE,"<buffer",NA,c(159441.747432291, 186228.822941704),NA,NA,"VBRZEM0073",0
"gbif_data",NA,NA,NA,2022,2022-08-01,50.99156,4.50772,8,"Dijle- en Zennebekken",30,1,NA,NA,NA,NA,NA,NA,NA,NA,NA,NA,NA,NA,NA,TRUE,"<buffer",NA,c(159756.605183027, 186823.457480908),NA,NA,"VBRZEM0068",0
"gbif_data",NA,NA,NA,2022,2022-08-01,50.99183,4.50842,8,"Dijle- en Zennebekken",30,1,NA,NA,NA,NA,NA,NA,NA,NA,NA,NA,NA,NA,NA,TRUE,"<buffer",NA,c(159805.694482402, 186853.586403237),NA,NA,"VBRZEM0068",0
"gbif_data",NA,NA,NA,2022,2022-08-01,50.9895,4.5168,8,"Dijle- en Zennebekken",30,1,NA,NA,NA,NA,NA,NA,NA,NA,NA,NA,NA,NA,NA,TRUE,"<buffer",NA,c(160394.559004479, 186595.530170663),NA,NA,"VBRZEM0059",0
"gbif_data",NA,NA,NA,2022,2022-08-01,50.99127,4.51412,8,"Dijle- en Zennebekken",30,1,NA,NA,NA,NA,NA,NA,NA,NA,NA,NA,NA,NA,NA,TRUE,"<buffer",NA,c(160206.004174963, 186792.06084336),NA,NA,"VBRZEM0059",0
"gbif_data",NA,NA,NA,2022,2022-08-01,50.99002,4.51247,8,"Dijle- en Zennebekken",30,1,NA,NA,NA,NA,NA,NA,NA,NA,NA,NA,NA,NA,NA,TRUE,"<buffer",NA,c(160090.429594141, 186652.777591228),NA,NA,"VBRZEM0057",0
"gbif_data",NA,NA,NA,2022,2022-08-01,50.98489,4.50612,8,"Dijle- en Zennebekken",30,1,NA,NA,NA,NA,NA,NA,NA,NA,NA,NA,NA,NA,NA,TRUE,"<buffer",NA,c(159645.650929089, 186081.241507827),NA,NA,"VBRZEM0090",3.86781227344377
"gbif_data",NA,NA,NA,2022,2022-08-01,50.98789,4.50908,8,"Dijle- en Zennebekken",30,1,NA,NA,NA,NA,NA,NA,NA,NA,NA,NA,NA,NA,NA,TRUE,"<buffer",NA,c(159852.864378124, 186415.367673135),NA,NA,"VBRZEM0068",0
"gbif_data",NA,NA,NA,2022,2022-08-01,50.9834,4.50907,8,"Dijle- en Zennebekken",30,1,NA,NA,NA,NA,NA,NA,NA,NA,NA,NA,NA,NA,NA,TRUE,"<buffer",NA,c(159853.110803488, 185915.875564465),NA,NA,"VBRZEM0090",0
"gbif_data",NA,NA,NA,2022,2022-08-01,50.98878,4.50348,8,"Dijle- en Zennebekken",30,1,NA,NA,NA,NA,NA,NA,NA,NA,NA,NA,NA,NA,NA,TRUE,"<buffer",NA,c(159459.484380434, 186513.644027688),NA,NA,"VBRZEM0068",4.46039951218321
"gbif_data",NA,NA,NA,2022,2022-08-01,50.98294,4.51168,8,"Dijle- en Zennebekken",30,1,NA,NA,NA,NA,NA,NA,NA,NA,NA,NA,NA,NA,NA,TRUE,"<buffer",NA,c(160036.486340349, 185865.054109924),NA,NA,"VBRZEM0090",0
"gbif_data",NA,NA,NA,2022,2022-08-01,50.9903,4.51302,8,"Dijle- en Zennebekken",30,1,NA,NA,NA,NA,NA,NA,NA,NA,NA,NA,NA,NA,NA,TRUE,"<buffer",NA,c(160128.984823014, 186684.001524155),NA,NA,"VBRZEM0095",0
"gbif_data",NA,NA,NA,2022,2022-08-01,50.9884,4.50357,8,"Dijle- en Zennebekken",30,1,NA,NA,NA,NA,NA,NA,NA,NA,NA,NA,NA,NA,NA,TRUE,"<buffer",NA,c(159465.880685819, 186471.382349241),NA,NA,"VBRZEM0090",0
"gbif_data",NA,NA,NA,2022,2022-08-01,50.98955,4.50291,8,"Dijle- en Zennebekken",30,1,NA,NA,NA,NA,NA,NA,NA,NA,NA,NA,NA,NA,NA,TRUE,"<buffer",NA,c(159419.30748705, 186599.230075152),NA,NA,"VBRZEM0068",0
"gbif_data",NA,NA,NA,2022,2022-08-01,50.98857,4.50018,8,"Dijle- en Zennebekken",30,1,NA,NA,NA,NA,NA,NA,NA,NA,NA,NA,NA,NA,NA,TRUE,"<buffer",NA,c(159227.823517674, 186489.86508959),NA,NA,"VBRZEM0090",0
"gbif_data",NA,NA,NA,2022,2022-08-01,50.98398,4.50692,8,"Dijle- en Zennebekken",30,1,NA,NA,NA,NA,NA,NA,NA,NA,NA,NA,NA,NA,NA,TRUE,"<buffer",NA,c(159702.015188558, 185980.113195388),NA,NA,"VBRZEM0090",0.123692371979654
"gbif_data",NA,NA,NA,2022,2022-08-02,50.98623,4.50334,8,"Dijle- en Zennebekken",25,NA,NA,NA,1,NA,NA,NA,NA,NA,NA,NA,NA,NA,NA,TRUE,"<buffer",NA,c(159450.171408414, 186229.950738194),NA,NA,"VBRZEM0053",0
"gbif_data",NA,NA,NA,2022,2022-08-02,50.99208,4.51422,8,"Dijle- en Zennebekken",5,1,NA,NA,NA,NA,NA,NA,NA,NA,NA,NA,NA,NA,NA,TRUE,"<buffer",NA,c(160212.847712886, 186882.183401894),NA,NA,"VBRZEM0059",0
"gbif_data",NA,NA,NA,2022,2022-08-02,50.98773,4.50889,8,"Dijle- en Zennebekken",3,1,NA,NA,NA,NA,NA,NA,NA,NA,NA,NA,NA,NA,NA,TRUE,"<buffer",NA,c(159839.557442983, 186397.543115249),NA,NA,"VBRZEM0068",1.38441094282006
"gbif_data",NA,NA,NA,2022,2022-08-04,51.23209,3.25329,2,"Bekken van de Brugse Polders",15,1,NA,NA,NA,NA,NA,NA,NA,NA,NA,NA,NA,NA,NA,FALSE,"not linked",NA,c(72089.2524248572, 214157.744347726),NA,NA,NA,NA
"gbif_data",NA,NA,NA,2022,2022-08-04,50.9873,4.51987,8,"Dijle- en Zennebekken",30,1,NA,NA,NA,NA,NA,NA,NA,NA,NA,NA,NA,NA,NA,FALSE,"not linked",NA,c(160610.609450101, 186351.226909903),NA,NA,NA,NA
"gbif_data",NA,NA,NA,2022,2022-08-06,51.28127,3.21705,2,"Bekken van de Brugse Polders",15,1,NA,NA,NA,NA,NA,NA,NA,NA,NA,NA,NA,NA,NA,TRUE,"<buffer","7013508",c(69643.0546506467, 219667.289022014),"32202","99",NA,4.88931609661704
"gbif_data",NA,NA,NA,2022,2022-08-06,51.07598,4.17584,4,"Benedenscheldebekken",5,1,NA,NA,NA,NA,NA,NA,NA,NA,NA,NA,NA,NA,NA,TRUE,"<buffer",NA,c(136480.040071706, 196223.155234062),NA,NA,"OVLHME0406",7.77569151868721
"gbif_data",NA,NA,NA,2022,2022-08-06,51.07592,4.17601,4,"Benedenscheldebekken",25,1,NA,NA,NA,NA,NA,NA,NA,NA,NA,NA,NA,NA,NA,FALSE,"not linked",NA,c(136491.936762101, 196216.449504825),NA,NA,NA,NA
"gbif_data",NA,NA,NA,2022,2022-08-07,51.08139,4.99208,10,"Netebekken",9,1,NA,NA,NA,NA,NA,NA,NA,NA,NA,NA,NA,NA,NA,TRUE,"<buffer",NA,c(193678.449510265, 196991.319943123),NA,NA,"ANTLKD0115",11.3487491241287
"gbif_data",NA,NA,NA,2022,2022-08-07,51.28122,3.21785,2,"Bekken van de Brugse Polders",2,1,NA,NA,NA,NA,NA,NA,NA,NA,NA,NA,NA,NA,NA,TRUE,"<buffer","7013508",c(69698.7815593963, 219660.861869012),"32202","99",NA,2.70024573757723
"gbif_data",NA,NA,NA,2022,2022-08-09,51.15529,5.45065,11,"Maasbekken",25,NA,NA,NA,1,NA,NA,NA,NA,NA,NA,NA,NA,NA,NA,TRUE,"<buffer",NA,c(225690.349601495, 205581.127864897),NA,NA,"LIMPEE0140",8.28011196674939
"gbif_data",NA,NA,NA,2022,2022-08-13,51.21288,3.24066,2,"Bekken van de Brugse Polders",4,1,NA,NA,NA,NA,NA,NA,NA,NA,NA,NA,NA,NA,NA,TRUE,"GRB/2 + buffer","6033328",c(71174.718533499, 212034.106394906),"12","0",NA,22.6336567800737
"gbif_data",NA,NA,NA,2022,2022-08-23,50.98054,4.48178,8,"Dijle- en Zennebekken",30,NA,NA,NA,1,NA,NA,NA,NA,NA,NA,NA,NA,NA,NA,TRUE,"<buffer",NA,c(157937.268939483, 185594.427496104),NA,NA,"VBRZEM0196",0
"gbif_data",NA,NA,NA,2022,2022-08-23,50.98054,4.48178,8,"Dijle- en Zennebekken",30,NA,NA,NA,1,NA,NA,NA,NA,NA,NA,NA,NA,NA,NA,TRUE,"<buffer",NA,c(157937.268939483, 185594.427496104),NA,NA,"VBRZEM0196",0
"gbif_data",NA,NA,NA,2022,2022-08-23,50.98054,4.48178,8,"Dijle- en Zennebekken",30,NA,NA,NA,1,NA,NA,NA,NA,NA,NA,NA,NA,NA,NA,TRUE,"<buffer",NA,c(157937.268939483, 185594.427496104),NA,NA,"VBRZEM0196",0
"gbif_data",NA,NA,NA,2022,2022-08-23,50.98054,4.48178,8,"Dijle- en Zennebekken",30,NA,NA,NA,1,NA,NA,NA,NA,NA,NA,NA,NA,NA,NA,TRUE,"<buffer",NA,c(157937.268939483, 185594.427496104),NA,NA,"VBRZEM0196",0
"gbif_data",NA,NA,NA,2022,2022-08-23,50.98054,4.48178,8,"Dijle- en Zennebekken",30,NA,NA,NA,1,NA,NA,NA,NA,NA,NA,NA,NA,NA,NA,TRUE,"<buffer",NA,c(157937.268939483, 185594.427496104),NA,NA,"VBRZEM0196",0
"gbif_data",NA,NA,NA,2022,2022-08-23,50.98054,4.48178,8,"Dijle- en Zennebekken",30,NA,NA,NA,1,NA,NA,NA,NA,NA,NA,NA,NA,NA,NA,TRUE,"<buffer",NA,c(157937.268939483, 185594.427496104),NA,NA,"VBRZEM0196",0
"gbif_data",NA,NA,NA,2022,2022-08-23,50.98054,4.48178,8,"Dijle- en Zennebekken",30,NA,NA,NA,1,NA,NA,NA,NA,NA,NA,NA,NA,NA,NA,TRUE,"<buffer",NA,c(157937.268939483, 185594.427496104),NA,NA,"VBRZEM0196",0
"gbif_data",NA,NA,NA,2022,2022-08-24,51.22954,3.19366,2,"Bekken van de Brugse Polders",25,1,NA,NA,NA,NA,NA,NA,NA,NA,NA,NA,NA,NA,NA,TRUE,"<buffer",NA,c(67920.1994676212, 213938.280930953),NA,NA,"WVLBRU1182",0
"gbif_data",NA,NA,NA,2022,2022-08-24,51.232,3.1984,2,"Bekken van de Brugse Polders",25,NA,NA,NA,1,NA,NA,NA,NA,NA,NA,NA,NA,NA,NA,TRUE,"<buffer",NA,c(68255.5689379402, 214206.708465187),NA,NA,"WVLBRU1182",0
"gbif_data",NA,NA,NA,2022,2022-08-24,51.23198,3.19844,2,"Bekken van de Brugse Polders",25,NA,NA,NA,1,NA,NA,NA,NA,NA,NA,NA,NA,NA,NA,TRUE,"<buffer",NA,c(68258.3274846812, 214204.43962888),NA,NA,"WVLBRU1182",0
"gbif_data",NA,NA,NA,2022,2022-08-24,51.2643,3.18202,2,"Bekken van de Brugse Polders",15,1,NA,NA,NA,NA,NA,NA,NA,NA,NA,NA,NA,NA,NA,TRUE,"<buffer","7029546",c(67168.9920649738, 217817.962821301),"2614","2",NA,2.23936660495372
"gbif_data",NA,NA,NA,2022,2022-08-24,51.23304,3.19659,2,"Bekken van de Brugse Polders",72,1,NA,NA,NA,NA,NA,NA,NA,NA,NA,NA,NA,NA,NA,TRUE,"<buffer",NA,c(68130.9841835885, 214324.392443333),NA,NA,"WVLBRU1182",11.7645648877322
"gbif_data",NA,NA,NA,2022,2022-08-24,51.22954,3.19366,2,"Bekken van de Brugse Polders",25,NA,NA,NA,1,NA,NA,NA,NA,NA,NA,NA,NA,NA,NA,TRUE,"<buffer",NA,c(67920.1994676212, 213938.280930953),NA,NA,"WVLBRU1182",0
"gbif_data",NA,NA,NA,2022,2022-08-24,51.22969,3.19432,2,"Bekken van de Brugse Polders",30,NA,NA,NA,1,NA,NA,NA,NA,NA,NA,NA,NA,NA,NA,TRUE,"<buffer",NA,c(67966.5599696869, 213954.238159244),NA,NA,"WVLBRU1182",0
"gbif_data",NA,NA,NA,2022,2022-08-24,51.2643,3.182,2,"Bekken van de Brugse Polders",25,1,NA,NA,NA,NA,NA,NA,NA,NA,NA,NA,NA,NA,NA,TRUE,"<buffer","7029546",c(67167.5962400259, 217817.985119223),"2614","2",NA,2.19362988844486
"gbif_data",NA,NA,NA,2022,2022-08-25,50.74248,4.28367,8,"Dijle- en Zennebekken",5,NA,NA,NA,NA,NA,NA,1,NA,NA,NA,NA,NA,NA,NA,TRUE,"<buffer",NA,c(143994.836925256, 159109.597153142),NA,NA,"VBRBSL0230",0
"gbif_data",NA,NA,NA,2022,2022-08-26,51.22193,5.16894,10,"Netebekken",56,NA,NA,NA,1,NA,NA,NA,NA,NA,NA,NA,NA,NA,NA,FALSE,"not linked",NA,c(205902.563246468, 212744.648143237),NA,NA,NA,NA
"gbif_data",NA,NA,NA,2022,2022-08-27,51.0041,5.68262,11,"Maasbekken",8,NA,NA,NA,1,NA,NA,NA,NA,NA,NA,NA,NA,NA,NA,TRUE,"<buffer",NA,c(242215.425544923, 189026.007108574),NA,NA,"LIMMSM0026",0
"gbif_data",NA,NA,NA,2022,2022-08-28,51.08853,5.70723,11,"Maasbekken",25,1,NA,NA,NA,NA,NA,NA,NA,NA,NA,NA,NA,NA,NA,TRUE,"<buffer","28730",c(243773.13400871, 198447.9813965),"10004","1",NA,1.63447513654006
"gbif_data",NA,NA,NA,2022,2022-08-28,51.20428,2.95245,1,"Ijzerbekken",15,NA,NA,NA,1,NA,NA,NA,NA,NA,NA,NA,NA,NA,NA,FALSE,"not linked",NA,c(51020.1369841188, 211422.348471012),NA,NA,NA,NA
"gbif_data",NA,NA,NA,2022,2022-08-31,50.92341,3.94302,4,"Benedenscheldebekken",5,1,NA,NA,NA,NA,NA,NA,NA,NA,NA,NA,NA,NA,NA,TRUE,"<buffer",NA,c(120066.464173811, 179318.467933697),NA,NA,"OVLERP0125",0
"gbif_data",NA,NA,NA,2022,2022-09-02,51.02273,4.45515,8,"Dijle- en Zennebekken",30,NA,NA,NA,1,NA,NA,NA,NA,NA,NA,NA,NA,NA,NA,TRUE,"<buffer",NA,c(156061.665557048, 190285.361602731),NA,NA,"ANTMEC0181",0
"gbif_data",NA,NA,NA,2022,2022-09-02,51.02273,4.45515,8,"Dijle- en Zennebekken",30,NA,NA,NA,1,NA,NA,NA,NA,NA,NA,NA,NA,NA,NA,TRUE,"<buffer",NA,c(156061.665557048, 190285.361602731),NA,NA,"ANTMEC0181",0
"gbif_data",NA,NA,NA,2022,2022-09-02,51.06471,4.44928,10,"Netebekken",30,NA,NA,NA,1,NA,NA,NA,NA,NA,NA,NA,NA,NA,NA,TRUE,"<buffer",NA,c(155644.705837209, 194955.061583984),NA,NA,"ANTMEC0180",0
"gbif_data",NA,NA,NA,2022,2022-09-03,51.26309,4.58789,4,"Benedenscheldebekken",8,NA,NA,NA,1,NA,NA,NA,NA,NA,NA,NA,NA,NA,NA,TRUE,"<buffer",NA,c(165295.794489379, 217044.894412314),NA,NA,"ANTSIL0092",5.58971791698255
"gbif_data",NA,NA,NA,2022,2022-09-09,51.0142,4.08161,7,"Denderbekken",15,NA,NA,1,NA,NA,NA,NA,NA,NA,NA,NA,NA,NA,NA,TRUE,"<buffer","4521294",c(129849.703247224, 189371.61964148),"20467","99",NA,0.223412068139854
"gbif_data",NA,NA,NA,2022,2022-09-10,51.2284,3.24615,2,"Bekken van de Brugse Polders",6,1,NA,NA,NA,NA,NA,NA,NA,NA,NA,NA,NA,NA,NA,FALSE,"not linked",NA,c(71584.3886022304, 213754.771130211),NA,NA,NA,NA
"gbif_data",NA,NA,NA,2022,2022-09-12,51.32869,4.4951,4,"Benedenscheldebekken",30,NA,NA,NA,1,NA,NA,NA,NA,NA,NA,NA,NA,NA,NA,TRUE,"<buffer",NA,c(158806.399762325, 224328.283056756),NA,NA,"ANTBRS0178",1.57441268424032
"gbif_data",NA,NA,NA,2022,2022-09-12,51.2312,5.03809,10,"Netebekken",16,NA,NA,NA,1,NA,NA,NA,NA,NA,NA,NA,NA,NA,NA,TRUE,"<buffer",NA,c(196752.047654893, 213685.393388849),NA,NA,"ANTRET0278",0
"gbif_data",NA,NA,NA,2022,2022-09-12,50.98451,4.51659,8,"Dijle- en Zennebekken",32,1,NA,NA,NA,NA,NA,NA,NA,NA,NA,NA,NA,NA,NA,FALSE,"not linked",NA,c(160380.924955674, 186040.387167256),NA,NA,NA,NA
"gbif_data",NA,NA,NA,2022,2022-09-21,50.99002,4.51397,8,"Dijle- en Zennebekken",15,1,NA,NA,NA,NA,NA,NA,NA,NA,NA,NA,NA,NA,NA,FALSE,"not linked",NA,c(160195.746063985, 186652.983480769),NA,NA,NA,NA
"gbif_data",NA,NA,NA,2022,2022-09-22,51.2547,3.24909,2,"Bekken van de Brugse Polders",4,1,NA,NA,NA,NA,NA,NA,NA,NA,NA,NA,NA,NA,NA,TRUE,"<buffer","6038251",c(71833.829165053, 216677.361561523),"2540","2",NA,4.97656483667985
"gbif_data",NA,NA,NA,2022,2022-09-23,51.23306,3.21343,2,"Bekken van de Brugse Polders",40,1,NA,NA,NA,NA,NA,NA,NA,NA,NA,NA,NA,NA,NA,TRUE,"<buffer","5012572",c(69307.0978180864, 214308.194121637),"32203","2",NA,5.02273896871438
"gbif_data",NA,NA,NA,2022,2022-09-25,51.28565,4.50591,4,"Benedenscheldebekken",7,NA,NA,NA,1,NA,NA,NA,NA,NA,NA,NA,NA,NA,NA,TRUE,"<buffer","6006765",c(159568.785611179, 219541.066495165),"3788","2",NA,3.09881611877954
"gbif_data",NA,NA,NA,2022,2022-10-09,50.98794,4.51427,8,"Dijle- en Zennebekken",60,1,NA,NA,NA,NA,NA,NA,NA,NA,NA,NA,NA,NA,NA,FALSE,"not linked",NA,c(160217.264988126, 186421.634762023),NA,NA,NA,NA
"gbif_data",NA,NA,NA,2022,2022-10-10,51.18087,4.65297,10,"Netebekken",3,NA,NA,1,NA,NA,NA,NA,NA,NA,NA,NA,NA,NA,NA,TRUE,"<buffer","6011675",c(169873.580026503, 207913.0374244),"8854","2",NA,2.66319876311201
"gbif_data",NA,NA,NA,2022,2022-10-10,51.30558,3.35575,2,"Bekken van de Brugse Polders",4,1,NA,NA,NA,NA,NA,NA,NA,NA,NA,NA,NA,NA,NA,TRUE,"<buffer",NA,c(79356.6538385194, 222230.742283666),NA,NA,"WVLKNO0164",0
"gbif_data",NA,NA,NA,2022,2022-10-14,51.3298,4.8757,10,"Netebekken",10,NA,NA,NA,1,NA,NA,NA,NA,NA,NA,NA,NA,NA,NA,FALSE,"not linked",NA,c(185334.505156991, 224565.160785434),NA,NA,NA,NA
"gbif_data",NA,NA,NA,2022,2022-10-16,51.19796,5.20595,10,"Netebekken",50,NA,NA,NA,1,NA,NA,NA,NA,NA,NA,NA,NA,NA,NA,FALSE,"not linked",NA,c(208518.151979145, 210106.587310288),NA,NA,NA,NA
"gbif_data",NA,NA,NA,2022,2022-10-18,51.29264,3.24895,2,"Bekken van de Brugse Polders",9,1,NA,NA,NA,NA,NA,NA,NA,NA,NA,NA,NA,NA,NA,FALSE,"not linked",NA,c(71887.6734298444, 220898.12057677),NA,NA,NA,NA
"gbif_data",NA,NA,NA,2022,2022-10-26,51.16687,3.89448,3,"Bekken van de Gentse Kanalen",25,NA,NA,NA,1,NA,NA,NA,NA,NA,NA,NA,NA,NA,NA,TRUE,"<buffer","6007922",c(116826.379596758, 206422.913821225),"8","0",NA,11.8627395231622
"gbif_data",NA,NA,NA,2022,2022-10-26,51.16683,3.88614,3,"Bekken van de Gentse Kanalen",25,1,NA,NA,NA,NA,NA,NA,NA,NA,NA,NA,NA,NA,NA,TRUE,"<buffer","6007922",c(116243.01197655, 206422.217186619),"8","0",NA,7.86557168260191
"gbif_data",NA,NA,NA,2022,2022-10-26,51.16683,3.89321,3,"Bekken van de Gentse Kanalen",25,1,NA,NA,NA,NA,NA,NA,NA,NA,NA,NA,NA,NA,NA,TRUE,"<buffer","6007922",c(116737.521350977, 206419.03114441),"8","0",NA,5.9712122483895
"gbif_data",NA,NA,NA,2022,2022-10-26,51.16664,3.88909,3,"Bekken van de Gentse Kanalen",25,1,NA,NA,NA,NA,NA,NA,NA,NA,NA,NA,NA,NA,NA,TRUE,"<buffer","6007922",c(116449.212596722, 206399.744558508),"8","0",NA,12.9337363696357
"gbif_data",NA,NA,NA,2022,2022-10-26,51.16703,3.8953,3,"Bekken van de Gentse Kanalen",25,1,NA,NA,NA,NA,NA,NA,NA,NA,NA,NA,NA,NA,NA,TRUE,"<buffer","6007922",c(116883.847601606, 206440.348340987),"8","0",NA,5.03663615910823
"gbif_data",NA,NA,NA,2022,2022-10-26,51.16673,3.88611,3,"Bekken van de Gentse Kanalen",25,NA,NA,NA,1,NA,NA,NA,NA,NA,NA,NA,NA,NA,NA,TRUE,"GRB/2 + buffer","6007922",c(116240.841424023, 206411.105804535),"8","0",NA,19.1755473958262
"gbif_data",NA,NA,NA,2022,2022-10-26,51.16668,3.89275,3,"Bekken van de Gentse Kanalen",25,NA,NA,NA,1,NA,NA,NA,NA,NA,NA,NA,NA,NA,NA,FALSE,"not linked",NA,c(116705.239933511, 206402.549495829),NA,NA,NA,NA
"gbif_data",NA,NA,NA,2022,2022-10-26,51.16658,3.88838,3,"Bekken van de Gentse Kanalen",25,1,NA,NA,NA,NA,NA,NA,NA,NA,NA,NA,NA,NA,NA,TRUE,"GRB/2 + buffer","6007922",c(116399.508504598, 206393.390142745),"8","0",NA,18.1307807314338
"gbif_data",NA,NA,NA,2022,2022-10-26,51.16652,3.88705,3,"Bekken van de Gentse Kanalen",25,1,NA,NA,NA,NA,NA,NA,NA,NA,NA,NA,NA,NA,NA,FALSE,"not linked",NA,c(116306.438264356, 206387.316955062),NA,NA,NA,NA
"gbif_data",NA,NA,NA,2022,2022-10-27,51.16673,3.89172,3,"Bekken van de Gentse Kanalen",25,1,NA,NA,NA,NA,NA,NA,NA,NA,NA,NA,NA,NA,NA,TRUE,"<buffer","6007922",c(116633.232279782, 206408.573678591),"8","0",NA,13.9861323050301
"gbif_data",NA,NA,NA,2022,2022-10-27,51.16673,3.89172,3,"Bekken van de Gentse Kanalen",25,1,NA,NA,NA,NA,NA,NA,NA,NA,NA,NA,NA,NA,NA,TRUE,"<buffer","6007922",c(116633.232279782, 206408.573678591),"8","0",NA,13.9861323050301
"gbif_data",NA,NA,NA,2022,2022-10-27,51.1669,3.88637,3,"Bekken van de Gentse Kanalen",25,1,NA,NA,NA,NA,NA,NA,NA,NA,NA,NA,NA,NA,NA,TRUE,"<buffer","6007922",c(116259.149784227, 206429.900299481),"8","0",NA,3.40344952021223
"gbif_data",NA,NA,NA,2022,2022-10-27,51.1669,3.88637,3,"Bekken van de Gentse Kanalen",25,1,NA,NA,NA,NA,NA,NA,NA,NA,NA,NA,NA,NA,NA,TRUE,"<buffer","6007922",c(116259.149784227, 206429.900299481),"8","0",NA,3.40344952021223
"gbif_data",NA,NA,NA,2022,2022-10-27,51.16672,3.89157,3,"Bekken van de Gentse Kanalen",25,1,NA,NA,NA,NA,NA,NA,NA,NA,NA,NA,NA,NA,NA,TRUE,"<buffer","6007922",c(116622.733403918, 206407.528496073),"8","0",NA,14.7707746426742
"gbif_data",NA,NA,NA,2022,2022-11-02,50.74321,4.2822,8,"Dijle- en Zennebekken",5,NA,NA,NA,NA,NA,NA,1,NA,NA,NA,NA,NA,NA,NA,TRUE,"<buffer",NA,c(143891.175402299, 159190.919589399),NA,NA,"VBRBSL0263",14.9702785970055
"gbif_data",NA,NA,NA,2022,2022-11-10,51.25406,3.28066,2,"Bekken van de Brugse Polders",5,1,NA,NA,NA,NA,NA,NA,NA,NA,NA,NA,NA,NA,NA,TRUE,"<buffer",NA,c(74036.5880906823, 216573.420166651),NA,NA,"WVLDAM0070",1.60433198808756
"gbif_data",NA,NA,NA,2022,2022-11-10,51.24181,3.50355,2,"Bekken van de Brugse Polders",5,1,NA,NA,NA,NA,NA,NA,NA,NA,NA,NA,NA,NA,NA,TRUE,"<buffer","6039073",c(89580.546497253, 215006.100200991),"2637","2",NA,3.27938322055704
"gbif_data",NA,NA,NA,2022,2022-11-10,51.24559,3.53073,2,"Bekken van de Brugse Polders",3,1,NA,NA,NA,NA,NA,NA,NA,NA,NA,NA,NA,NA,NA,TRUE,"<buffer","6039071",c(91483.2483244318, 215404.868453722),"2300","2",NA,4.70969501358673
"gbif_data",NA,NA,NA,2022,2022-11-15,51.29097,3.20613,2,"Bekken van de Brugse Polders",4,1,NA,NA,NA,NA,NA,NA,NA,NA,NA,NA,NA,NA,NA,TRUE,"<buffer","6031409",c(68898.0942463844, 220758.222148808),"2411","2",NA,5.30941725168694
"gbif_data",NA,NA,NA,2022,2022-12-06,50.74202,4.28547,8,"Dijle- en Zennebekken",2,NA,NA,NA,NA,NA,NA,1,NA,NA,NA,NA,NA,NA,NA,FALSE,"not linked",NA,c(144121.82747082, 159058.284979195),NA,NA,NA,NA
"gbif_data",NA,NA,NA,2022,2022-12-10,51.25447,5.41438,11,"Maasbekken",5,NA,NA,NA,1,NA,NA,NA,NA,NA,NA,NA,NA,NA,NA,TRUE,"<buffer",NA,c(222997.550471126, 216577.8279563),NA,NA,"LIMNEE0036",0
"gbif_data",NA,NA,NA,2022,2022-12-16,51.29812,3.36452,2,"Bekken van de Brugse Polders",7,NA,NA,NA,NA,NA,NA,1,NA,NA,NA,NA,NA,NA,NA,TRUE,"<buffer",NA,c(79956.9851420065, 221392.529183664),NA,NA,"WVLDAM0160",0
"gbif_data",NA,NA,NA,2023,2023-01-01,51.4295,4.52607,11,"Maasbekken",30,NA,NA,1,NA,NA,NA,NA,NA,NA,NA,NA,NA,NA,NA,FALSE,"not linked",NA,c(160941.249480793, 235548.725719179),NA,NA,NA,NA
"gbif_data",NA,NA,NA,2023,2023-01-06,51.09484,4.19989,4,"Benedenscheldebekken",5,NA,NA,NA,1,NA,NA,NA,NA,NA,NA,NA,NA,NA,NA,TRUE,"<buffer",NA,c(138170.267004864, 198317.217132175),NA,NA,"ANTBRM0391",0
"gbif_data",NA,NA,NA,2023,2023-01-15,51.28387,4.39153,4,"Benedenscheldebekken",15,NA,NA,NA,1,NA,NA,NA,NA,NA,NA,NA,NA,NA,NA,TRUE,"<buffer",NA,c(151588.770362159, 219334.359024538),NA,NA,"ANTANT0297",0
"gbif_data",NA,NA,NA,2023,2023-01-24,50.94013,4.44523,8,"Dijle- en Zennebekken",5,1,NA,NA,NA,NA,NA,NA,NA,NA,NA,NA,NA,NA,NA,TRUE,"<buffer","6032741",c(155375.207733016, 181095.741436177),"15901","99",NA,6.02501684247976
"gbif_data",NA,NA,NA,2023,2023-03-13,51.12074,4.1888,4,"Benedenscheldebekken",4,NA,NA,NA,1,NA,NA,NA,NA,NA,NA,NA,NA,NA,NA,TRUE,"<buffer",NA,c(137400.325818992, 201200.400301332),NA,NA,"OVLTEM0066",8.91320513304012
"gbif_data",NA,NA,NA,2023,2023-03-13,51.12074,4.1888,4,"Benedenscheldebekken",4,NA,NA,NA,1,NA,NA,NA,NA,NA,NA,NA,NA,NA,NA,TRUE,"<buffer",NA,c(137400.325818992, 201200.400301332),NA,NA,"OVLTEM0066",8.91320513304012
"gbif_data",NA,NA,NA,2023,2023-03-13,51.12074,4.1888,4,"Benedenscheldebekken",4,NA,NA,NA,1,NA,NA,NA,NA,NA,NA,NA,NA,NA,NA,TRUE,"<buffer",NA,c(137400.325818992, 201200.400301332),NA,NA,"OVLTEM0066",8.91320513304012
"gbif_data",NA,NA,NA,2023,2023-03-13,51.19619,4.43147,4,"Benedenscheldebekken",10,NA,1,NA,NA,NA,NA,NA,NA,NA,NA,NA,NA,NA,NA,TRUE,"<buffer",NA,c(154383.747896882, 209581.108215276),NA,NA,"ANTANT0029",0
"gbif_data",NA,NA,NA,2023,2023-03-18,51.09059,4.74098,10,"Netebekken",7,NA,NA,1,NA,NA,NA,NA,NA,NA,NA,NA,NA,NA,NA,TRUE,"<buffer",NA,c(176078.076932047, 197896.675760843),NA,NA,"ANTHEI0433",0
"gbif_data",NA,NA,NA,2023,2023-03-28,51.17828,4.85785,10,"Netebekken",46,NA,NA,NA,1,NA,NA,NA,NA,NA,NA,NA,NA,NA,NA,FALSE,"not linked",NA,c(184201.550167729, 207699.634696138),NA,NA,NA,NA
"gbif_data",NA,NA,NA,2023,2023-04-02,51.28434,4.39021,4,"Benedenscheldebekken",30,NA,NA,NA,1,NA,NA,NA,NA,NA,NA,NA,NA,NA,NA,TRUE,"<buffer",NA,c(151496.657260683, 219386.621752786),NA,NA,"ANTANT0297",0
"gbif_data",NA,NA,NA,2023,2023-04-03,51.30346,3.36209,2,"Bekken van de Brugse Polders",5,1,NA,NA,NA,NA,NA,NA,NA,NA,NA,NA,NA,NA,NA,TRUE,"<buffer","6006609",c(79795.5583635223, 221988.887198982),"10","0",NA,13.6324618484528
"gbif_data",NA,NA,NA,2023,2023-04-04,51.29812,3.25681,2,"Bekken van de Brugse Polders",17,1,NA,NA,NA,NA,NA,NA,NA,NA,NA,NA,NA,NA,NA,FALSE,"not linked",NA,c(72445.0313458368, 221499.511688909),NA,NA,NA,NA
"gbif_data",NA,NA,NA,2023,2023-04-05,50.88542,4.09641,7,"Denderbekken",5,NA,NA,NA,1,NA,NA,NA,NA,NA,NA,NA,NA,NA,NA,TRUE,"<buffer","32493",c(130835.872120447, 175041.793614731),"5956","1",NA,1.18246303970571
"gbif_data",NA,NA,NA,2023,2023-04-09,50.94744,5.72211,11,"Maasbekken",5,NA,NA,NA,1,NA,NA,NA,NA,NA,NA,NA,NA,NA,NA,TRUE,"<buffer",NA,c(245101.71965297, 182773.718408338),NA,NA,"LIMMSM0248",0
"gbif_data",NA,NA,NA,2023,2023-04-18,51.26341,5.13759,10,"Netebekken",5,NA,NA,NA,1,NA,NA,NA,NA,NA,NA,NA,NA,NA,NA,TRUE,"<buffer",NA,c(203664.633159024, 217336.123389508),NA,NA,"ANTDES0007",3.17198225634098
"gbif_data",NA,NA,NA,2023,2023-04-19,50.79859,3.92852,7,"Denderbekken",15,NA,NA,NA,1,NA,NA,NA,NA,NA,NA,NA,NA,NA,NA,TRUE,"<buffer","6032053",c(118964.778819898, 165439.519497514),"6338","2",NA,3.50090458080175
"gbif_data",NA,NA,NA,2023,2023-04-22,51.07503,4.96776,10,"Netebekken",4,1,NA,NA,NA,NA,NA,NA,NA,NA,NA,NA,NA,NA,NA,TRUE,"<buffer",NA,c(191980.016751598, 196269.757496415),NA,NA,"ANTLKD0092",0
"gbif_data",NA,NA,NA,2023,2023-04-25,51.15201,3.99507,3,"Bekken van de Gentse Kanalen",30,1,NA,NA,NA,NA,NA,NA,NA,NA,NA,NA,NA,NA,NA,TRUE,"<buffer","5040546",c(123853.842522474, 204729.620072571),"19310","99",NA,11.5186601695171
"gbif_data",NA,NA,NA,2023,2023-05-03,51.18489,2.81823,1,"Ijzerbekken",5,NA,1,NA,NA,NA,NA,NA,NA,NA,NA,NA,NA,NA,NA,TRUE,"<buffer",NA,c(41596.3384280247, 209452.920785006),NA,NA,"WVLMID0124",3.019660368951
"gbif_data",NA,NA,NA,2023,2023-05-08,51.07285,5.01495,10,"Netebekken",20,1,NA,NA,NA,NA,NA,NA,NA,NA,NA,NA,NA,NA,NA,TRUE,"<buffer",NA,c(195289.265278171, 196055.006608408),NA,NA,"LIMTES0001",0.576764262291305
"gbif_data",NA,NA,NA,2023,2023-05-10,51.25863,3.19552,2,"Bekken van de Brugse Polders",10,1,NA,NA,NA,NA,NA,NA,NA,NA,NA,NA,NA,NA,NA,TRUE,"<buffer",NA,c(68101.2140758668, 217172.252023979),NA,NA,"WVLBRU0494",0
"gbif_data",NA,NA,NA,2023,2023-05-11,51.2077,3.03101,2,"Bekken van de Brugse Polders",8,1,NA,NA,NA,NA,NA,NA,NA,NA,NA,NA,NA,NA,NA,TRUE,"<buffer","6002283",c(56516.609442741, 211701.008146063),"14262","99",NA,6.2460169061112
"gbif_data",NA,NA,NA,2023,2023-05-11,51.24143,4.16819,4,"Benedenscheldebekken",5,NA,NA,1,NA,NA,NA,NA,NA,NA,NA,NA,NA,NA,NA,TRUE,"<buffer","7074058",c(135993.458841409, 214631.158469046),"47902","2",NA,0.0804091136430798
"gbif_data",NA,NA,NA,2023,2023-05-14,51.20486,3.18162,2,"Bekken van de Brugse Polders",5,1,NA,NA,NA,NA,NA,NA,NA,NA,NA,NA,NA,NA,NA,TRUE,"<buffer",NA,c(67035.4132034483, 211206.239931477),NA,NA,"WVLBRU0215",0.345058735960336
"gbif_data",NA,NA,NA,2023,2023-05-14,51.25921,3.19705,2,"Bekken van de Brugse Polders",6,1,NA,NA,NA,NA,NA,NA,NA,NA,NA,NA,NA,NA,NA,TRUE,"<buffer",NA,c(68209.025635076, 217235.087212534),NA,NA,"WVLBRU0832",0
"gbif_data",NA,NA,NA,2023,2023-05-17,51.18512,2.81805,1,"Ijzerbekken",5,NA,1,NA,NA,NA,NA,NA,NA,NA,NA,NA,NA,NA,NA,TRUE,"<buffer",NA,c(41584.2898434346, 209478.766114401),NA,NA,"WVLMID0124",0
"gbif_data",NA,NA,NA,2023,2023-05-18,51.28395,4.39064,4,"Benedenscheldebekken",60,NA,NA,NA,1,NA,NA,NA,NA,NA,NA,NA,NA,NA,NA,TRUE,"<buffer",NA,c(151526.671612996, 219343.24036592),NA,NA,"ANTANT0297",0
"gbif_data",NA,NA,NA,2023,2023-05-24,51.19959,5.21664,10,"Netebekken",30,NA,NA,NA,1,NA,NA,NA,NA,NA,NA,NA,NA,NA,NA,TRUE,"<buffer","7029052",c(209263.257737124, 210296.404723124),"43243","9",NA,0.670425682745578
"gbif_data",NA,NA,NA,2023,2023-05-29,50.95403,4.47772,8,"Dijle- en Zennebekken",4,1,NA,NA,NA,NA,NA,NA,NA,NA,NA,NA,NA,NA,NA,TRUE,"<buffer","6037059",c(157656.509847747, 182644.904449822),"6847","2",NA,4.34808488727155
"gbif_data",NA,NA,NA,2023,2023-05-31,51.2197,3.17611,2,"Bekken van de Brugse Polders",4,1,NA,NA,NA,NA,NA,NA,NA,NA,NA,NA,NA,NA,NA,TRUE,"<buffer","6038462",c(66676.8753344199, 212863.208074687),"2123","2",NA,6.82775328928239
"gbif_data",NA,NA,NA,2023,2023-06-07,51.08859,4.38274,4,"Benedenscheldebekken",12,NA,NA,NA,1,NA,NA,NA,NA,NA,NA,NA,NA,NA,NA,FALSE,"not linked",NA,c(150979.780334663, 197608.669329471),NA,NA,NA,NA
"gbif_data",NA,NA,NA,2023,2023-06-09,50.98661,4.50409,8,"Dijle- en Zennebekken",30,1,NA,NA,NA,NA,NA,NA,NA,NA,NA,NA,NA,NA,NA,TRUE,"<buffer",NA,c(159502.756470303, 186272.32012701),NA,NA,"VBRZEM0053",6.82047121113996
"gbif_data",NA,NA,NA,2023,2023-06-12,51.27063,4.51986,4,"Benedenscheldebekken",5,NA,NA,NA,1,NA,NA,NA,NA,NA,NA,NA,NA,NA,NA,FALSE,"not linked",NA,c(160545.466158606, 217871.884727718),NA,NA,NA,NA
"gbif_data",NA,NA,NA,2023,2023-06-14,51.17994,4.0558,3,"Bekken van de Gentse Kanalen",30,1,NA,NA,NA,NA,NA,NA,NA,NA,NA,NA,NA,NA,NA,TRUE,"<buffer","6030202",c(128116.045864418, 207817.262943497),"871","2",NA,3.39919993398729
"gbif_data",NA,NA,NA,2023,2023-06-16,50.99677,4.3834,8,"Dijle- en Zennebekken",100,NA,NA,NA,1,NA,NA,NA,NA,NA,NA,NA,NA,NA,NA,TRUE,"<buffer",NA,c(151028.132426533, 187393.937319105),NA,NA,"VBRZEM0143",3.37936952004469
"gbif_data",NA,NA,NA,2023,2023-06-17,50.99105,4.3918,8,"Dijle- en Zennebekken",8,NA,NA,NA,1,NA,NA,NA,NA,NA,NA,NA,NA,NA,NA,TRUE,"<buffer",NA,c(151618.024244622, 186757.767371554),NA,NA,"VBRZEM0192",0
"gbif_data",NA,NA,NA,2023,2023-06-17,50.99081,4.39335,8,"Dijle- en Zennebekken",8,NA,NA,NA,1,NA,NA,NA,NA,NA,NA,NA,NA,NA,NA,FALSE,"not linked",NA,c(151726.85816537, 186731.104369191),NA,NA,NA,NA
"gbif_data",NA,NA,NA,2023,2023-06-17,50.99087,4.39335,8,"Dijle- en Zennebekken",4,NA,NA,NA,1,NA,NA,NA,NA,NA,NA,NA,NA,NA,NA,FALSE,"not linked",NA,c(151726.855892078, 186737.779101568),NA,NA,NA,NA
"gbif_data",NA,NA,NA,2023,2023-06-17,50.99076,4.39332,8,"Dijle- en Zennebekken",9,NA,NA,NA,1,NA,NA,NA,NA,NA,NA,NA,NA,NA,NA,FALSE,"not linked",NA,c(151724.753759768, 186725.541375365),NA,NA,NA,NA
"gbif_data",NA,NA,NA,2023,2023-06-21,51.19618,4.43147,4,"Benedenscheldebekken",5,NA,1,NA,NA,NA,NA,NA,NA,NA,NA,NA,NA,NA,NA,TRUE,"<buffer",NA,c(154383.748846994, 209579.995679584),NA,NA,"ANTANT0029",0
"gbif_data",NA,NA,NA,2023,2023-06-21,51.18539,2.81802,1,"Ijzerbekken",5,NA,1,NA,NA,NA,NA,NA,NA,NA,NA,NA,NA,NA,NA,TRUE,"<buffer",NA,c(41582.8197566563, 209508.84169751),NA,NA,"WVLMID0124",0
"gbif_data",NA,NA,NA,2023,2023-06-21,51.18518,2.81795,1,"Ijzerbekken",5,NA,1,NA,NA,NA,NA,NA,NA,NA,NA,NA,NA,NA,NA,TRUE,"<buffer",NA,c(41577.4388320666, 209485.585797357),NA,NA,"WVLMID0124",0
"gbif_data",NA,NA,NA,2023,2023-06-21,51.09995,4.0109,4,"Benedenscheldebekken",4,1,NA,NA,NA,NA,NA,NA,NA,NA,NA,NA,NA,NA,NA,FALSE,"not linked",NA,c(124933.570245654, 198932.530415557),NA,NA,NA,NA
"gbif_data",NA,NA,NA,2023,2023-06-21,51.09995,4.0109,4,"Benedenscheldebekken",4,1,NA,NA,NA,NA,NA,NA,NA,NA,NA,NA,NA,NA,NA,FALSE,"not linked",NA,c(124933.570245654, 198932.530415557),NA,NA,NA,NA
"gbif_data",NA,NA,NA,2023,2023-06-23,51.09859,4.01168,4,"Benedenscheldebekken",30,1,NA,NA,NA,NA,NA,NA,NA,NA,NA,NA,NA,NA,NA,TRUE,"<buffer","6007964",c(124987.479634609, 198780.970155712),"3102","0",NA,1.22830761743223
"gbif_data",NA,NA,NA,2023,2023-06-23,50.98443,4.09682,7,"Denderbekken",15,NA,NA,1,NA,NA,NA,NA,NA,NA,NA,NA,NA,NA,NA,FALSE,"not linked",NA,c(130904.957758419, 186055.844459958),NA,NA,NA,NA
"gbif_data",NA,NA,NA,2023,2023-06-24,51.30134,4.53694,4,"Benedenscheldebekken",4,NA,NA,NA,1,NA,NA,NA,NA,NA,NA,NA,NA,NA,NA,TRUE,"<buffer",NA,c(161729.716943188, 221291.170614221),NA,NA,"ANTBRS0068",6.49136067306064
"gbif_data",NA,NA,NA,2023,2023-06-24,51.30146,4.53689,4,"Benedenscheldebekken",15,NA,NA,NA,1,NA,NA,NA,NA,NA,NA,NA,NA,NA,NA,TRUE,"<buffer",NA,c(161726.199361783, 221304.513645327),NA,NA,"ANTBRS0068",0
"gbif_data",NA,NA,NA,2023,2023-06-24,51.30131,4.53693,4,"Benedenscheldebekken",4,NA,NA,NA,1,NA,NA,NA,NA,NA,NA,NA,NA,NA,NA,TRUE,"<buffer",NA,c(161729.027089513, 221287.831287681),NA,NA,"ANTBRS0068",9.85757562006758
"gbif_data",NA,NA,NA,2023,2023-06-24,50.9156,3.26244,5,"Leiebekken",8,NA,NA,NA,1,NA,NA,NA,NA,NA,NA,NA,NA,NA,NA,TRUE,"GRB/2 + buffer","6031670",c(72204.0428681735, 178942.971475573),"23","0",NA,21.6776626745639
"gbif_data",NA,NA,NA,2023,2023-06-27,51.22801,5.1949,10,"Netebekken",25,NA,NA,NA,1,NA,NA,NA,NA,NA,NA,NA,NA,NA,NA,TRUE,"<buffer",NA,c(207708.582350536, 213440.914666134),NA,NA,"ANTMOL0164",0
"gbif_data",NA,NA,NA,2023,2023-06-29,50.84385,3.61388,6,"Bovenscheldebekken",5,NA,NA,NA,1,NA,NA,NA,NA,NA,NA,NA,NA,NA,NA,TRUE,"<buffer","6005385",c(96835.1885524414, 170652.281758865),"5501","9",NA,7.93090500535178
"gbif_data",NA,NA,NA,2023,2023-06-30,51.1682,3.9922,3,"Bekken van de Gentse Kanalen",100,1,NA,NA,NA,NA,NA,NA,NA,NA,NA,NA,NA,NA,NA,TRUE,"<buffer","6034083",c(123662.153182212, 206531.780840361),"8","0",NA,1.20698269860278
"gbif_data",NA,NA,NA,2023,2023-07-02,51.23129,3.24921,2,"Bekken van de Brugse Polders",5,1,NA,NA,NA,NA,NA,NA,NA,NA,NA,NA,NA,NA,NA,TRUE,"<buffer","6038245",c(71802.9620340963, 214073.036551079),"2139","2",NA,0.400449494111737
"gbif_data",NA,NA,NA,2023,2023-07-02,51.20172,3.10522,2,"Bekken van de Brugse Polders",8,1,NA,NA,NA,NA,NA,NA,NA,NA,NA,NA,NA,NA,NA,TRUE,"<buffer","6003418",c(61690.6626286413, 210945.014700718),"2460","2",NA,3.50093528985007
"gbif_data",NA,NA,NA,2023,2023-07-03,51.04638,3.12819,1,"Ijzerbekken",5,NA,NA,1,NA,NA,NA,NA,NA,NA,NA,NA,NA,NA,NA,TRUE,"<buffer",NA,c(63007.3381044829, 193638.695296536),NA,NA,"WVLLIC0293",0
"gbif_data",NA,NA,NA,2023,2023-07-03,50.9812,4.50881,8,"Dijle- en Zennebekken",30,1,NA,NA,NA,NA,NA,NA,NA,NA,NA,NA,NA,NA,NA,FALSE,"not linked",NA,c(159835.317287124, 185671.101828894),NA,NA,NA,NA
"gbif_data",NA,NA,NA,2023,2023-07-04,51.28386,4.38981,4,"Benedenscheldebekken",25,NA,NA,NA,1,NA,NA,NA,NA,NA,NA,NA,NA,NA,NA,TRUE,"<buffer",NA,c(151468.764853539, 219333.209903426),NA,NA,"ANTANT0297",8.7543979728217
"gbif_data",NA,NA,NA,2023,2023-07-07,51.07445,4.96854,10,"Netebekken",5,1,NA,NA,NA,NA,NA,NA,NA,NA,NA,NA,NA,NA,NA,TRUE,"<buffer",NA,c(192035.202100624, 196205.677167618),NA,NA,"ANTLKD0318",0
"gbif_data",NA,NA,NA,2023,2023-07-07,51.07445,4.96854,10,"Netebekken",5,1,NA,NA,NA,NA,NA,NA,NA,NA,NA,NA,NA,NA,NA,TRUE,"<buffer",NA,c(192035.202100624, 196205.677167618),NA,NA,"ANTLKD0318",0
"gbif_data",NA,NA,NA,2023,2023-07-07,51.22868,5.19683,10,"Netebekken",15,NA,NA,NA,1,NA,NA,NA,NA,NA,NA,NA,NA,NA,NA,TRUE,"<buffer",NA,c(207842.561255119, 213516.953905706),NA,NA,"ANTMOL0164",0
"gbif_data",NA,NA,NA,2023,2023-07-08,51.2595,3.5479,3,"Bekken van de Gentse Kanalen",25,1,NA,NA,NA,NA,NA,NA,NA,NA,NA,NA,NA,NA,NA,TRUE,"<buffer",NA,c(92699.2172575903, 216938.964359378),NA,NA,"OVLSTL0299",11.2642913645063
"gbif_data",NA,NA,NA,2023,2023-07-08,51.10333,4.0179,4,"Benedenscheldebekken",7,1,NA,NA,NA,NA,NA,NA,NA,NA,NA,NA,NA,NA,NA,TRUE,"<buffer",NA,c(125425.662806297, 199306.214860898),NA,NA,"OVLLOK0348",0
"gbif_data",NA,NA,NA,2023,2023-07-08,51.15502,5.57203,11,"Maasbekken",5,NA,NA,NA,1,NA,NA,NA,NA,NA,NA,NA,NA,NA,NA,TRUE,"<buffer","6031267",c(234181.999057312, 205681.845895223),"9505","2",NA,2.24519053303106
"gbif_data",NA,NA,NA,2023,2023-07-08,51.15501,5.57205,11,"Maasbekken",5,NA,NA,NA,1,NA,NA,NA,NA,NA,NA,NA,NA,NA,NA,TRUE,"<buffer","6031268",c(234183.41619025, 205680.756210703),"9505","2",NA,1.08289679037819
"gbif_data",NA,NA,NA,2023,2023-07-08,51.29303,3.24859,2,"Bekken van de Brugse Polders",4,1,NA,NA,NA,NA,NA,NA,NA,NA,NA,NA,NA,NA,NA,FALSE,"not linked",NA,c(71863.2176764239, 220941.884764304),NA,NA,NA,NA
"gbif_data",NA,NA,NA,2023,2023-07-08,51.25938,3.54726,3,"Bekken van de Gentse Kanalen",3,1,NA,NA,NA,NA,NA,NA,NA,NA,NA,NA,NA,NA,NA,FALSE,"not linked",NA,c(92654.3957031297, 216926.108076567),NA,NA,NA,NA
"gbif_data",NA,NA,NA,2023,2023-07-09,51.29268,3.24887,2,"Bekken van de Brugse Polders",30,1,NA,NA,NA,NA,NA,NA,NA,NA,NA,NA,NA,NA,NA,FALSE,"not linked",NA,c(71882.1605253343, 220902.654496424),NA,NA,NA,NA
"gbif_data",NA,NA,NA,2023,2023-07-10,51.280893,3.225413,2,"Bekken van de Brugse Polders",62,1,NA,NA,NA,NA,NA,NA,NA,NA,NA,NA,NA,NA,NA,FALSE,"not linked",NA,c(70225.8656298686, 219616.337684062),NA,NA,NA,NA
"gbif_data",NA,NA,NA,2023,2023-07-14,51.02264,4.24612,4,"Benedenscheldebekken",20,NA,1,NA,NA,NA,NA,NA,NA,NA,NA,NA,NA,NA,NA,FALSE,"not linked",NA,c(141395.669406478, 190278.791322647),NA,NA,NA,NA
"gbif_data",NA,NA,NA,2023,2023-07-15,51.07967,3.99768,4,"Benedenscheldebekken",5,NA,NA,NA,1,NA,NA,NA,NA,NA,NA,NA,NA,NA,NA,TRUE,"<buffer",NA,c(123996.313899559, 196680.960385002),NA,NA,"OVLLOK0343",0
"gbif_data",NA,NA,NA,2023,2023-07-17,51.24723,3.26586,2,"Bekken van de Brugse Polders",4,1,NA,NA,NA,NA,NA,NA,NA,NA,NA,NA,NA,NA,NA,TRUE,"<buffer","6025935",c(72992.1517704561, 215828.859991733),"2265","99",NA,3.96640645018977
"gbif_data",NA,NA,NA,2023,2023-07-18,51.17262,4.11029,3,"Bekken van de Gentse Kanalen",10,1,NA,NA,NA,NA,NA,NA,NA,NA,NA,NA,NA,NA,NA,FALSE,"not linked",NA,c(131923.488777421, 206988.271885342),NA,NA,NA,NA
"gbif_data",NA,NA,NA,2023,2023-07-20,51.26051,4.19912,4,"Benedenscheldebekken",5,NA,NA,1,NA,NA,NA,NA,NA,NA,NA,NA,NA,NA,NA,TRUE,"<buffer",NA,c(138158.260716386, 216748.553207097),NA,NA,"OVLBVN0050",0
"gbif_data",NA,NA,NA,2023,2023-07-22,51.06745,4.18275,4,"Benedenscheldebekken",5,1,NA,NA,NA,NA,NA,NA,NA,NA,NA,NA,NA,NA,NA,TRUE,"<buffer",NA,c(136961.939055085, 195272.976952153),NA,NA,"OVLHME0488",0
"gbif_data",NA,NA,NA,2023,2023-07-25,51.23746,3.53413,2,"Bekken van de Brugse Polders",5,1,NA,NA,NA,NA,NA,NA,NA,NA,NA,NA,NA,NA,NA,TRUE,"<buffer","6039075",c(91710.4907131155, 214497.745861764),"2300","2",NA,0.434671667895171
"gbif_data",NA,NA,NA,2023,2023-07-27,51.12074,4.18888,4,"Benedenscheldebekken",5,NA,NA,NA,1,NA,NA,NA,NA,NA,NA,NA,NA,NA,NA,TRUE,"<buffer",NA,c(137405.92702344, 201200.386781784),NA,NA,"OVLTEM0066",13.8093543780672
"gbif_data",NA,NA,NA,2023,2023-07-27,51.0791,5.06229,10,"Netebekken",12,1,NA,NA,NA,NA,NA,NA,NA,NA,NA,NA,NA,NA,NA,FALSE,"not linked",NA,c(198600.548580403, 196780.244173578),NA,NA,NA,NA
"gbif_data",NA,NA,NA,2023,2023-07-28,51.22049,3.1888,2,"Bekken van de Brugse Polders",4,1,NA,NA,NA,NA,NA,NA,NA,NA,NA,NA,NA,NA,NA,FALSE,"not linked",NA,c(67564.7700945806, 212936.93187565),NA,NA,NA,NA
"gbif_data",NA,NA,NA,2023,2023-07-29,51.1729,4.1127,3,"Bekken van de Gentse Kanalen",3,1,NA,NA,NA,NA,NA,NA,NA,NA,NA,NA,NA,NA,NA,TRUE,"<buffer","7011007",c(132092.144341539, 207018.840039448),"555","2",NA,14.2597324949829
"gbif_data",NA,NA,NA,2023,2023-07-29,51.17276,4.11264,3,"Bekken van de Gentse Kanalen",3,1,NA,NA,NA,NA,NA,NA,NA,NA,NA,NA,NA,NA,NA,TRUE,"<buffer","7011007",c(132087.894562113, 207003.279198255),"555","2",NA,1.21750254948971
"gbif_data",NA,NA,NA,2023,2023-07-29,51.07303,5.03226,10,"Netebekken",5,1,NA,NA,NA,NA,NA,NA,NA,NA,NA,NA,NA,NA,NA,TRUE,"<buffer",NA,c(196502.245155275, 196085.741447712),NA,NA,"LIMTES0022",0
"gbif_data",NA,NA,NA,2023,2023-07-29,51.17432,4.11124,3,"Bekken van de Gentse Kanalen",43,1,NA,NA,NA,NA,NA,NA,NA,NA,NA,NA,NA,NA,NA,FALSE,"not linked",NA,c(131990.583182829, 207177.170019971),NA,NA,NA,NA
"gbif_data",NA,NA,NA,2023,2023-07-31,51.33844,3.28766,2,"Bekken van de Brugse Polders",60,1,NA,NA,NA,NA,NA,NA,NA,NA,NA,NA,NA,NA,NA,FALSE,"not linked",NA,c(74661.8390912629, 225953.247558063),NA,NA,NA,NA
"gbif_data",NA,NA,NA,2023,2023-08-01,51.25099,3.59108,3,"Bekken van de Gentse Kanalen",15,1,NA,NA,NA,NA,NA,NA,NA,NA,NA,NA,NA,NA,NA,FALSE,"not linked",NA,c(95703.4169740331, 215959.808404174),NA,NA,NA,NA
"gbif_data",NA,NA,NA,2023,2023-08-01,51.20255,3.10921,2,"Bekken van de Brugse Polders",7,1,NA,NA,NA,NA,NA,NA,NA,NA,NA,NA,NA,NA,NA,FALSE,"not linked",NA,c(61971.0646111354, 211032.606831548),NA,NA,NA,NA
"gbif_data",NA,NA,NA,2023,2023-08-01,50.89253,4.72287,8,"Dijle- en Zennebekken",10,NA,1,NA,NA,NA,NA,NA,NA,NA,NA,NA,NA,NA,NA,FALSE,"not linked",NA,c(174914.582697831, 175857.399952363),NA,NA,NA,NA
"gbif_data",NA,NA,NA,2023,2023-08-02,50.89235,4.72312,8,"Dijle- en Zennebekken",25,NA,1,NA,NA,NA,NA,NA,NA,NA,NA,NA,NA,NA,NA,FALSE,"not linked",NA,c(174932.267539497, 175837.460665022),NA,NA,NA,NA
"gbif_data",NA,NA,NA,2023,2023-08-03,51.20507,4.68555,10,"Netebekken",5,NA,NA,1,NA,NA,NA,NA,NA,NA,NA,NA,NA,NA,NA,TRUE,"<buffer","6011687",c(172140.21122166, 210614.588256852),"8505","1",NA,0.0499904311846704
"gbif_data",NA,NA,NA,2023,2023-08-03,51.20472,4.68504,10,"Netebekken",5,NA,NA,1,NA,NA,NA,NA,NA,NA,NA,NA,NA,NA,NA,TRUE,"<buffer","6011687",c(172104.734433062, 210575.497432406),"8505","1",NA,0.208169820517479
"gbif_data",NA,NA,NA,2023,2023-08-03,51.21563,4.03899,3,"Bekken van de Gentse Kanalen",17,NA,NA,1,NA,NA,NA,NA,NA,NA,NA,NA,NA,NA,NA,TRUE,"<buffer","5040489",c(126958.188445404, 211792.943985795),"19283","99",NA,9.40195894522826
"gbif_data",NA,NA,NA,2023,2023-08-03,51.07535,4.96864,10,"Netebekken",60,1,NA,NA,NA,NA,NA,NA,NA,NA,NA,NA,NA,NA,NA,TRUE,"<buffer",NA,c(192041.400496481, 196305.854386372),NA,NA,"ANTLKD0082",13.631478093535
"gbif_data",NA,NA,NA,2023,2023-08-03,51.21296,4.02945,3,"Bekken van de Gentse Kanalen",15,NA,NA,1,NA,NA,NA,NA,NA,NA,NA,NA,NA,NA,NA,FALSE,"not linked",NA,c(126290.251345595, 211498.894871543),NA,NA,NA,NA
"gbif_data",NA,NA,NA,2023,2023-08-03,51.26793,4.80128,10,"Netebekken",5,1,NA,NA,NA,NA,NA,NA,NA,NA,NA,NA,NA,NA,NA,FALSE,"not linked",NA,c(180187.547193927, 217648.869368772),NA,NA,NA,NA
"gbif_data",NA,NA,NA,2023,2023-08-03,50.93766,5.66337,11,"Maasbekken",30,NA,NA,1,NA,NA,NA,NA,NA,NA,NA,NA,NA,NA,NA,FALSE,"not linked",NA,c(240993.406477139, 181612.278509538),NA,NA,NA,NA
"gbif_data",NA,NA,NA,2023,2023-08-04,51.25718,4.19991,4,"Benedenscheldebekken",5,NA,NA,1,NA,NA,NA,NA,NA,NA,NA,NA,NA,NA,NA,TRUE,"<buffer",NA,c(138212.568200686, 216377.945321661),NA,NA,"OVLBVN0046",0
"gbif_data",NA,NA,NA,2023,2023-08-04,51.17544,4.08577,3,"Bekken van de Gentse Kanalen",5,1,NA,NA,NA,NA,NA,NA,NA,NA,NA,NA,NA,NA,NA,TRUE,"<buffer","6030233",c(130209.824710004, 207308.238544353),"555","2",NA,1.2718768656749
"gbif_data",NA,NA,NA,2023,2023-08-04,51.16211,4.36514,4,"Benedenscheldebekken",5,NA,1,NA,NA,NA,NA,NA,NA,NA,NA,NA,NA,NA,NA,TRUE,"<buffer",NA,c(149746.985568264, 205787.721118021),NA,NA,"ANTANT0055",12.4762378297192
"gbif_data",NA,NA,NA,2023,2023-08-04,50.98377,4.49512,8,"Dijle- en Zennebekken",4,1,NA,NA,NA,NA,NA,NA,NA,NA,NA,NA,NA,NA,NA,FALSE,"not linked",NA,c(158873.458567608, 185955.267988077),NA,NA,NA,NA
"gbif_data",NA,NA,NA,2023,2023-08-04,51.07257,5.0144,10,"Netebekken",5,1,NA,NA,NA,NA,NA,NA,NA,NA,NA,NA,NA,NA,NA,FALSE,"not linked",NA,c(195250.990025215, 196023.52249463),NA,NA,NA,NA
"gbif_data",NA,NA,NA,2023,2023-08-05,51.196,4.43142,4,"Benedenscheldebekken",5,NA,1,NA,NA,NA,NA,NA,NA,NA,NA,NA,NA,NA,NA,TRUE,"<buffer",NA,c(154380.270825366, 209559.967054224),NA,NA,"ANTANT0029",0
"gbif_data",NA,NA,NA,2023,2023-08-05,51.21783,3.0018,2,"Bekken van de Brugse Polders",30,1,NA,NA,NA,NA,NA,NA,NA,NA,NA,NA,NA,NA,NA,TRUE,"<buffer","6002196",c(54496.3442443929, 212864.981376904),"14243","99",NA,2.63951281017496
"gbif_data",NA,NA,NA,2023,2023-08-05,51.11081,4.25126,4,"Benedenscheldebekken",6,1,NA,NA,NA,NA,NA,NA,NA,NA,NA,NA,NA,NA,NA,TRUE,"<buffer","7023495",c(141771.732379654, 200086.967987691),"55501","99",NA,8.00110307543397
"gbif_data",NA,NA,NA,2023,2023-08-05,51.11087,4.25132,4,"Benedenscheldebekken",6,1,NA,NA,NA,NA,NA,NA,NA,NA,NA,NA,NA,NA,NA,TRUE,"<buffer","7023495",c(141775.944677306, 200093.636376477),"55501","99",NA,0.985253860682977
"gbif_data",NA,NA,NA,2023,2023-08-05,51.26943,3.58377,3,"Bekken van de Gentse Kanalen",60,1,NA,NA,NA,NA,NA,NA,NA,NA,NA,NA,NA,NA,NA,FALSE,"not linked",NA,c(95214.7297039895, 218016.627894811),NA,NA,NA,NA
"gbif_data",NA,NA,NA,2023,2023-08-05,51.26753,3.58412,3,"Bekken van de Gentse Kanalen",30,1,NA,NA,NA,NA,NA,NA,NA,NA,NA,NA,NA,NA,NA,FALSE,"not linked",NA,c(95236.9239435133, 217804.993838422),NA,NA,NA,NA
"gbif_data",NA,NA,NA,2023,2023-08-06,51.32836,4.49517,4,"Benedenscheldebekken",17,NA,NA,NA,1,NA,NA,NA,NA,NA,NA,NA,NA,NA,NA,TRUE,"<buffer",NA,c(158811.34186708, 224291.575803004),NA,NA,"ANTBRS0178",11.5104584098994
"gbif_data",NA,NA,NA,2023,2023-08-06,50.89124,4.72056,8,"Dijle- en Zennebekken",6,NA,1,NA,NA,NA,NA,NA,NA,NA,NA,NA,NA,NA,NA,TRUE,"<buffer",NA,c(174752.740718552, 175713.125073987),NA,NA,"VBRLEU0131",1.63959702390907
"gbif_data",NA,NA,NA,2023,2023-08-06,51.23107,3.23557,2,"Bekken van de Brugse Polders",5,1,NA,NA,NA,NA,NA,NA,NA,NA,NA,NA,NA,NA,NA,TRUE,"<buffer","6040696",c(70849.9494972348, 214063.006573466),"18547","2",NA,1.91233057542152
"gbif_data",NA,NA,NA,2023,2023-08-06,51.29348,3.24804,2,"Bekken van de Brugse Polders",5,1,NA,NA,NA,NA,NA,NA,NA,NA,NA,NA,NA,NA,NA,FALSE,"not linked",NA,c(71825.6108041131, 220992.52368594),NA,NA,NA,NA
"gbif_data",NA,NA,NA,2023,2023-08-08,51.32887,4.49534,4,"Benedenscheldebekken",15,NA,NA,NA,1,NA,NA,NA,NA,NA,NA,NA,NA,NA,NA,FALSE,"not linked",NA,c(158823.094290911, 224348.338401933),NA,NA,NA,NA
"gbif_data",NA,NA,NA,2023,2023-08-09,51.19613,4.43195,4,"Benedenscheldebekken",7,NA,1,NA,NA,NA,NA,NA,NA,NA,NA,NA,NA,NA,NA,TRUE,"<buffer",NA,c(154417.306690954, 209574.461764199),NA,NA,"ANTANT0029",10.4124041556477
"gbif_data",NA,NA,NA,2023,2023-08-09,51.26408,3.5799,3,"Bekken van de Gentse Kanalen",5,1,NA,NA,NA,NA,NA,NA,NA,NA,NA,NA,NA,NA,NA,TRUE,"<buffer","6041768",c(94938.3299985658, 217424.297967816),"18698","99",NA,11.6195658467263
"gbif_data",NA,NA,NA,2023,2023-08-09,51.07323,4.96868,10,"Netebekken",7,1,NA,NA,NA,NA,NA,NA,NA,NA,NA,NA,NA,NA,NA,TRUE,"<buffer","7029234",c(192046.111478297, 196070.037626352),"43510","9",NA,4.40522589182472
"gbif_data",NA,NA,NA,2023,2023-08-09,50.98801,4.50729,8,"Dijle- en Zennebekken",30,1,NA,NA,NA,NA,NA,NA,NA,NA,NA,NA,NA,NA,NA,TRUE,"<buffer",NA,c(159727.155964075, 186428.479919584),NA,NA,"VBRZEM0068",0
"gbif_data",NA,NA,NA,2023,2023-08-10,51.20671,3.15754,2,"Bekken van de Brugse Polders",4,1,NA,NA,NA,NA,NA,NA,NA,NA,NA,NA,NA,NA,NA,TRUE,"<buffer","6022739",c(65356.0554737306, 211439.195156004),"17582","2",NA,11.597693103993
"gbif_data",NA,NA,NA,2023,2023-08-10,50.94778,5.72252,11,"Maasbekken",5,NA,NA,NA,1,NA,NA,NA,NA,NA,NA,NA,NA,NA,NA,TRUE,"<buffer",NA,c(245129.837668374, 182812.060569486),NA,NA,"LIMMSM0248",0
"gbif_data",NA,NA,NA,2023,2023-08-11,51.13364,3.97607,3,"Bekken van de Gentse Kanalen",3,1,NA,NA,NA,NA,NA,NA,NA,NA,NA,NA,NA,NA,NA,TRUE,"<buffer","6019454",c(122513.671448078, 202692.808917082),"757","1",NA,3.04806171536403
"gbif_data",NA,NA,NA,2023,2023-08-12,51.14466,4.09039,3,"Bekken van de Gentse Kanalen",7,1,NA,NA,NA,NA,NA,NA,NA,NA,NA,NA,NA,NA,NA,TRUE,"<buffer",NA,c(130520.108732106, 203882.705077715),NA,NA,"OVLSIN0039",7.80892784808431
"gbif_data",NA,NA,NA,2023,2023-08-13,51.07281,4.17505,4,"Benedenscheldebekken",5,1,NA,NA,NA,NA,NA,NA,NA,NA,NA,NA,NA,NA,NA,TRUE,"<buffer",NA,c(136423.75852143, 195870.641823846),NA,NA,"OVLHME0409",1.25297708613568
"gbif_data",NA,NA,NA,2023,2023-08-15,51.07699,4.96885,10,"Netebekken",30,1,NA,NA,NA,NA,NA,NA,NA,NA,NA,NA,NA,NA,NA,TRUE,"<buffer",NA,c(192054.64128241, 196488.415390369),NA,NA,"ANTLKD0369",0
"gbif_data",NA,NA,NA,2023,2023-08-16,51.13389,3.97618,3,"Bekken van de Gentse Kanalen",5,1,NA,NA,NA,NA,NA,NA,NA,NA,NA,NA,NA,NA,NA,TRUE,"GRB/2 + buffer","5041765",c(122521.517680499, 202720.580638367),"26","1",NA,16.8073317895928
"gbif_data",NA,NA,NA,2023,2023-08-16,51.13604,3.9773,3,"Bekken van de Gentse Kanalen",4,1,NA,NA,NA,NA,NA,NA,NA,NA,NA,NA,NA,NA,NA,TRUE,"GRB/2 + buffer","6007933",c(122601.170378034, 202959.353929213),"8","0",NA,15.9342639693921
"gbif_data",NA,NA,NA,2023,2023-08-17,51.17842,4.07372,3,"Bekken van de Gentse Kanalen",30,1,NA,NA,NA,NA,NA,NA,NA,NA,NA,NA,NA,NA,NA,TRUE,"GRB/2 + buffer","6030234",c(129368.449001431, 207643.041373755),"555","2",NA,16.2547386519864
"gbif_data",NA,NA,NA,2023,2023-08-19,51.07494,4.96855,10,"Netebekken",60,1,NA,NA,NA,NA,NA,NA,NA,NA,NA,NA,NA,NA,NA,TRUE,"<buffer",NA,c(192035.462078768, 196260.192901963),NA,NA,"ANTLKD0092",1.99874266178301
"gbif_data",NA,NA,NA,2023,2023-08-20,51.23092,3.19805,2,"Bekken van de Brugse Polders",31,1,NA,NA,NA,NA,NA,NA,NA,NA,NA,NA,NA,NA,NA,FALSE,"not linked",NA,c(68229.2317251527, 214086.952992694),NA,NA,NA,NA
"gbif_data",NA,NA,NA,2023,2023-08-21,50.83435,3.27187,5,"Leiebekken",5,NA,NA,NA,1,NA,NA,NA,NA,NA,NA,NA,NA,NA,NA,TRUE,"<buffer","6031440",c(72733.6813247921, 169895.74240206),"22","0",NA,8.00805447037065
"gbif_data",NA,NA,NA,2023,2023-08-22,50.98784,5.31501,9,"Demerbekken",56,NA,NA,NA,1,NA,NA,NA,NA,NA,NA,NA,NA,NA,NA,TRUE,"<buffer",NA,c(216438.956362236, 186824.375096297),NA,NA,"LIMZNH0401",0
"gbif_data",NA,NA,NA,2023,2023-08-25,51.08931,4.49811,10,"Netebekken",71,NA,NA,1,NA,NA,NA,NA,NA,NA,NA,NA,NA,NA,NA,TRUE,"<buffer",NA,c(159062.853444504, 197696.64647798),NA,NA,"ANTDUF0187",7.48400858149326
"gbif_data",NA,NA,NA,2023,2023-08-25,51.07681,4.96876,10,"Netebekken",5,1,NA,NA,NA,NA,NA,NA,NA,NA,NA,NA,NA,NA,NA,TRUE,"<buffer",NA,c(192048.496215369, 196468.340239918),NA,NA,"ANTLKD0074",0.885252588408758
"gbif_data",NA,NA,NA,2023,2023-08-26,50.9335,4.47706,8,"Dijle- en Zennebekken",5,1,NA,NA,NA,NA,NA,NA,NA,NA,NA,NA,NA,NA,NA,TRUE,"<buffer","6036895",c(157613.487549538, 180361.001327276),"6824","3",NA,1.80978657894865
"gbif_data",NA,NA,NA,2023,2023-08-26,50.89106,4.72084,8,"Dijle- en Zennebekken",4,NA,1,NA,NA,NA,NA,NA,NA,NA,NA,NA,NA,NA,NA,TRUE,"<buffer",NA,c(174772.536180509, 175693.195274379),NA,NA,"VBRLEU0131",8.58004370611603
"gbif_data",NA,NA,NA,2023,2023-08-27,50.84152,3.3255,5,"Leiebekken",10,NA,NA,NA,1,NA,NA,NA,NA,NA,NA,NA,NA,NA,NA,TRUE,"<buffer",NA,c(76522.4173763083, 170638.849698338),NA,NA,"WVLHAR0329",0
"gbif_data",NA,NA,NA,2023,2023-08-27,51.09317,4.50551,10,"Netebekken",60,1,NA,NA,NA,NA,NA,NA,NA,NA,NA,NA,NA,NA,NA,FALSE,"not linked",NA,c(159580.519094518, 198127.001986957),NA,NA,NA,NA
"gbif_data",NA,NA,NA,2023,2023-08-28,51.07519,4.96872,10,"Netebekken",60,1,NA,NA,NA,NA,NA,NA,NA,NA,NA,NA,NA,NA,NA,FALSE,"not linked",NA,c(192047.150965046, 196288.100529436),NA,NA,NA,NA
"gbif_data",NA,NA,NA,2023,2023-09-01,51.07488,4.9687,10,"Netebekken",60,1,NA,NA,NA,NA,NA,NA,NA,NA,NA,NA,NA,NA,NA,TRUE,"<buffer",NA,c(192046.028312401, 196253.603226933),NA,NA,"ANTLKD0080",10.8042088510358
"gbif_data",NA,NA,NA,2023,2023-09-02,51.2415,4.60338,4,"Benedenscheldebekken",30,NA,NA,NA,1,NA,NA,NA,NA,NA,NA,NA,NA,NA,NA,TRUE,"<buffer","6042142",c(166384.634592294, 214646.20192761),"17603","1",NA,4.95300909016899
"gbif_data",NA,NA,NA,2023,2023-09-02,51.13152,5.82112,11,"Maasbekken",26,NA,NA,NA,1,NA,NA,NA,NA,NA,NA,NA,NA,NA,NA,TRUE,"<buffer",NA,c(251657.670780823, 203379.732480136),NA,NA,"LIMKIN0224",0
"gbif_data",NA,NA,NA,2023,2023-09-02,50.95903,4.50943,8,"Dijle- en Zennebekken",6,1,NA,NA,NA,NA,NA,NA,NA,NA,NA,NA,NA,NA,NA,TRUE,"<buffer","6013872",c(159883.551902548, 183204.891481314),"16706","99",NA,2.56799062889724
"gbif_data",NA,NA,NA,2023,2023-09-02,51.22398,3.15504,2,"Bekken van de Brugse Polders",6,1,NA,NA,NA,NA,NA,NA,NA,NA,NA,NA,NA,NA,NA,TRUE,"<buffer","6036169",c(65212.7497926362, 213363.153822447),"637","99",NA,5.68953739018233
"gbif_data",NA,NA,NA,2023,2023-09-02,51.24147,4.60344,4,"Benedenscheldebekken",4,NA,NA,NA,1,NA,NA,NA,NA,NA,NA,NA,NA,NA,NA,TRUE,"<buffer","7065887",c(166388.835211322, 214642.877557877),"3762","2",NA,1.13476429332545
"gbif_data",NA,NA,NA,2023,2023-09-02,51.07508,4.96806,10,"Netebekken",15,1,NA,NA,NA,NA,NA,NA,NA,NA,NA,NA,NA,NA,NA,TRUE,"<buffer",NA,c(192000.996243497, 196275.489601088),NA,NA,"ANTLKD0087",6.16989819850541
"gbif_data",NA,NA,NA,2023,2023-09-02,51.234119,3.247138,2,"Bekken van de Brugse Polders",4,1,NA,NA,NA,NA,NA,NA,NA,NA,NA,NA,NA,NA,NA,FALSE,"not linked",NA,c(71663.0013221295, 214389.924347429),NA,NA,NA,NA
"gbif_data",NA,NA,NA,2023,2023-09-02,51.24603,3.0426,2,"Bekken van de Brugse Polders",4,1,NA,NA,NA,NA,NA,NA,NA,NA,NA,NA,NA,NA,NA,FALSE,"not linked",NA,c(57402.5653261653, 215950.208885236),NA,NA,NA,NA
"gbif_data",NA,NA,NA,2023,2023-09-02,51.21695,3.20076,2,"Bekken van de Brugse Polders",5,1,NA,NA,NA,NA,NA,NA,NA,NA,NA,NA,NA,NA,NA,FALSE,"not linked",NA,c(68394.0694233128, 212529.936358483),NA,NA,NA,NA
"gbif_data",NA,NA,NA,2023,2023-09-02,51.21693,3.20072,2,"Bekken van de Brugse Polders",4,1,NA,NA,NA,NA,NA,NA,NA,NA,NA,NA,NA,NA,NA,FALSE,"not linked",NA,c(68391.2399446359, 212527.755479929),NA,NA,NA,NA
"gbif_data",NA,NA,NA,2023,2023-09-02,51.10139,4.05483,4,"Benedenscheldebekken",15,1,NA,NA,NA,NA,NA,NA,NA,NA,NA,NA,NA,NA,NA,FALSE,"not linked",NA,c(128011.35333857, 199078.837403439),NA,NA,NA,NA
"gbif_data",NA,NA,NA,2023,2023-09-03,51.1518,3.94808,3,"Bekken van de Gentse Kanalen",11,1,NA,NA,NA,NA,NA,NA,NA,NA,NA,NA,NA,NA,NA,TRUE,"<buffer","6042844",c(120565.941900964, 204723.813580255),"518","2",NA,6.22568596555436
"gbif_data",NA,NA,NA,2023,2023-09-03,51.21524,3.16769,2,"Bekken van de Brugse Polders",5,1,NA,NA,NA,NA,NA,NA,NA,NA,NA,NA,NA,NA,NA,TRUE,"<buffer","6002088",c(66080.6504498842, 212376.554290199),"2460","2",NA,12.3205147721763
"gbif_data",NA,NA,NA,2023,2023-09-04,50.91583,4.06434,7,"Denderbekken",5,NA,NA,NA,1,NA,NA,NA,NA,NA,NA,NA,NA,NA,NA,TRUE,"<buffer","6032029",c(128593.030479446, 178433.391918309),"6250","2",NA,12.2994564103065
"gbif_data",NA,NA,NA,2023,2023-09-04,50.98899,4.51734,8,"Dijle- en Zennebekken",5,1,NA,NA,NA,NA,NA,NA,NA,NA,NA,NA,NA,NA,NA,TRUE,"<buffer",NA,c(160432.587413357, 186538.871172096),NA,NA,"VBRZEM0059",0
"gbif_data",NA,NA,NA,2023,2023-09-04,51.10602,4.01276,4,"Benedenscheldebekken",8,1,NA,NA,NA,NA,NA,NA,NA,NA,NA,NA,NA,NA,NA,TRUE,"<buffer",NA,c(125067.086350875, 199607.183709597),NA,NA,"OVLLOK0348",12.0788414870623
"gbif_data",NA,NA,NA,2023,2023-09-05,51.14575,3.88531,3,"Bekken van de Gentse Kanalen",5,1,NA,NA,NA,NA,NA,NA,NA,NA,NA,NA,NA,NA,NA,TRUE,"<buffer","6019431",c(116169.710625839, 204077.453300532),"26","1",NA,0.303314246723139
"gbif_data",NA,NA,NA,2023,2023-09-05,50.98339,5.31683,9,"Demerbekken",7,NA,NA,NA,1,NA,NA,NA,NA,NA,NA,NA,NA,NA,NA,FALSE,"not linked",NA,c(216573.061485448, 186331.004870853),NA,NA,NA,NA
"gbif_data",NA,NA,NA,2023,2023-09-06,50.98354,5.23156,9,"Demerbekken",15,NA,NA,NA,1,NA,NA,NA,NA,NA,NA,NA,NA,NA,NA,TRUE,"<buffer",NA,c(210585.564439252, 186274.620502484),NA,NA,"LIMLUM0293",0
"gbif_data",NA,NA,NA,2023,2023-09-10,51.22172,5.11895,10,"Netebekken",12,NA,NA,NA,1,NA,NA,NA,NA,NA,NA,NA,NA,NA,NA,TRUE,"<buffer",NA,c(202410.506302906, 212684.792048736),NA,NA,"ANTMOL0035",1.65920860375802
"gbif_data",NA,NA,NA,2023,2023-09-10,51.02187,5.75195,11,"Maasbekken",25,NA,NA,NA,1,NA,NA,NA,NA,NA,NA,NA,NA,NA,NA,TRUE,"<buffer",NA,c(247044.054615286, 191090.931739748),NA,NA,"LIMDST0154",5.45036256735776
"gbif_data",NA,NA,NA,2023,2023-09-10,51.23407,3.24721,2,"Bekken van de Brugse Polders",3,1,NA,NA,NA,NA,NA,NA,NA,NA,NA,NA,NA,NA,NA,FALSE,"not linked",NA,c(71667.9473272265, 214384.397549978),NA,NA,NA,NA
"gbif_data",NA,NA,NA,2023,2023-09-15,50.9691,4.71325,9,"Demerbekken",24,1,NA,NA,NA,NA,NA,NA,NA,NA,NA,NA,NA,NA,NA,TRUE,"<buffer","6033141",c(174198.155435081, 184372.030228125),"7151","0",NA,1.53660116909869
"gbif_data",NA,NA,NA,2023,2023-09-16,51.14358,3.96433,3,"Bekken van de Gentse Kanalen",16,1,NA,NA,NA,NA,NA,NA,NA,NA,NA,NA,NA,NA,NA,FALSE,"not linked",NA,c(121697.943784302, 203803.03262547),NA,NA,NA,NA
"gbif_data",NA,NA,NA,2023,2023-09-16,50.89482,4.71852,8,"Dijle- en Zennebekken",5,NA,1,NA,NA,NA,NA,NA,NA,NA,NA,NA,NA,NA,NA,FALSE,"not linked",NA,c(174607.330080567, 176110.688341443),NA,NA,NA,NA
"gbif_data",NA,NA,NA,2023,2023-09-17,51.14894,5.01543,10,"Netebekken",24,NA,NA,NA,1,NA,NA,NA,NA,NA,NA,NA,NA,NA,NA,TRUE,"<buffer",NA,c(195249.103539144, 204519.998264455),NA,NA,"ANTGEE0771",2.60481711635775
"gbif_data",NA,NA,NA,2023,2023-09-19,51.11424,5.1366,10,"Netebekken",7,NA,NA,NA,1,NA,NA,NA,NA,NA,NA,NA,NA,NA,NA,TRUE,"<buffer",NA,c(203767.303732851, 200740.636563785),NA,NA,"LIMHAM0043",2.08522888127303
"gbif_data",NA,NA,NA,2023,2023-09-20,51.15492,5.57185,11,"Maasbekken",6,NA,NA,NA,1,NA,NA,NA,NA,NA,NA,NA,NA,NA,NA,TRUE,"<buffer","6031267",c(234169.587566374, 205670.517992044),"9505","2",NA,6.57112459199813
"gbif_data",NA,NA,NA,2023,2023-09-20,51.15494,5.57187,11,"Maasbekken",8,NA,NA,NA,1,NA,NA,NA,NA,NA,NA,NA,NA,NA,NA,TRUE,"<buffer","6031267",c(234170.950591587, 205672.765422176),"9505","2",NA,4.72659482319582
"gbif_data",NA,NA,NA,2023,2023-09-20,50.98841,4.50017,8,"Dijle- en Zennebekken",15,1,NA,NA,NA,NA,NA,NA,NA,NA,NA,NA,NA,NA,NA,TRUE,"<buffer",NA,c(159227.153054441, 186472.064594338),NA,NA,"VBRZEM0090",0
"gbif_data",NA,NA,NA,2023,2023-09-20,50.90326,3.6863,6,"Bovenscheldebekken",5,NA,NA,NA,1,NA,NA,NA,NA,NA,NA,NA,NA,NA,NA,TRUE,"GRB/2 + buffer","6005362",c(101996.17797056, 177211.54676986),"1","0",NA,24.7689367503159
"gbif_data",NA,NA,NA,2023,2023-09-21,51.24688,3.21283,2,"Bekken van de Brugse Polders",12,1,NA,NA,NA,NA,NA,NA,NA,NA,NA,NA,NA,NA,NA,TRUE,"<buffer","6036139",c(69289.1154212719, 215846.210887569),"2411","99",NA,6.30015827692688
"gbif_data",NA,NA,NA,2023,2023-09-23,51.32835,5.0405,10,"Netebekken",5,NA,NA,NA,1,NA,NA,NA,NA,NA,NA,NA,NA,NA,NA,TRUE,"<buffer","1000356",c(196822.494001267, 224495.121020546),"9013","2",NA,1.57518821074641
"gbif_data",NA,NA,NA,2023,2023-09-23,51.32836,5.04066,10,"Netebekken",5,NA,NA,NA,1,NA,NA,NA,NA,NA,NA,NA,NA,NA,NA,TRUE,"<buffer","1000356",c(196833.636136498, 224496.334582907),"9013","2",NA,1.46524343256518
"gbif_data",NA,NA,NA,2023,2023-09-23,51.32835,5.04063,10,"Netebekken",5,NA,NA,NA,1,NA,NA,NA,NA,NA,NA,NA,NA,NA,NA,TRUE,"<buffer","1000356",c(196831.555174725, 224495.203091227),"9013","2",NA,1.73661084432815
"gbif_data",NA,NA,NA,2023,2023-09-23,50.97249,4.49948,8,"Dijle- en Zennebekken",8,1,NA,NA,NA,NA,NA,NA,NA,NA,NA,NA,NA,NA,NA,FALSE,"not linked",NA,c(159181.840347397, 184700.958163482),NA,NA,NA,NA
"gbif_data",NA,NA,NA,2023,2023-09-24,51.25885,3.57973,3,"Bekken van de Gentse Kanalen",60,1,NA,NA,NA,NA,NA,NA,NA,NA,NA,NA,NA,NA,NA,FALSE,"not linked",NA,c(94920.2869821206, 216842.58541767),NA,NA,NA,NA
"gbif_data",NA,NA,NA,2023,2023-09-27,51.07281,4.17516,4,"Benedenscheldebekken",7,1,NA,NA,NA,NA,NA,NA,NA,NA,NA,NA,NA,NA,NA,TRUE,"<buffer",NA,c(136431.46807331, 195870.621789235),NA,NA,"OVLHME0409",8.77988281698899
"gbif_data",NA,NA,NA,2023,2023-09-29,51.2331,3.21321,2,"Bekken van de Brugse Polders",17,1,NA,NA,NA,NA,NA,NA,NA,NA,NA,NA,NA,NA,NA,FALSE,"not linked",NA,c(69291.8025569355, 214312.882754193),NA,NA,NA,NA
"gbif_data",NA,NA,NA,2023,2023-09-30,51.29914,3.35246,2,"Bekken van de Brugse Polders",14,1,NA,NA,NA,NA,NA,NA,NA,NA,NA,NA,NA,NA,NA,TRUE,"GRB/2 + buffer","6006609",c(79117.4363448552, 221517.438689715),"10","0",NA,24.112321004399
"gbif_data",NA,NA,NA,2023,2023-10-02,50.95905,5.13384,9,"Demerbekken",8,NA,NA,NA,1,NA,NA,NA,NA,NA,NA,NA,NA,NA,NA,TRUE,"<buffer",NA,c(203752.095556186, 183475.095170768),NA,NA,"LIMHDS0278",0
"gbif_data",NA,NA,NA,2023,2023-10-03,50.92405,3.94307,4,"Benedenscheldebekken",1,1,NA,NA,NA,NA,NA,NA,NA,NA,NA,NA,NA,NA,NA,FALSE,"not linked",NA,c(120070.387160189, 179389.642303564),NA,NA,NA,NA
"gbif_data",NA,NA,NA,2023,2023-10-04,50.97764,5.49375,9,"Demerbekken",5,NA,1,NA,NA,NA,NA,NA,NA,NA,NA,NA,NA,NA,NA,TRUE,"<buffer","7075582",c(229005.052463051, 185864.958211879),"8038","2",NA,9.01851885929161
"gbif_data",NA,NA,NA,2023,2023-10-07,51.22838,3.10361,2,"Bekken van de Brugse Polders",20,1,NA,NA,NA,NA,NA,NA,NA,NA,NA,NA,NA,NA,NA,FALSE,"not linked",NA,c(61628.6567418773, 213912.542142505),NA,NA,NA,NA
"gbif_data",NA,NA,NA,2023,2023-10-15,51.24329,3.28699,2,"Bekken van de Brugse Polders",4,1,NA,NA,NA,NA,NA,NA,NA,NA,NA,NA,NA,NA,NA,FALSE,"not linked",NA,c(74461.0280769925, 215368.868312303),NA,NA,NA,NA
"gbif_data",NA,NA,NA,2023,2023-10-17,51.15356,3.99895,3,"Bekken van de Gentse Kanalen",4,1,NA,NA,NA,NA,NA,NA,NA,NA,NA,NA,NA,NA,NA,TRUE,"<buffer","6007985",c(124126.173757138, 204900.701583172),"922","2",NA,7.77772935491773
"gbif_data",NA,NA,NA,2023,2023-10-23,51.18517,2.81778,1,"Ijzerbekken",5,NA,1,NA,NA,NA,NA,NA,NA,NA,NA,NA,NA,NA,NA,TRUE,"<buffer",NA,c(41565.5320170626, 209484.721645306),NA,NA,"WVLMID0124",1.52792362521202
"gbif_data",NA,NA,NA,2023,2023-10-24,50.80798,3.96408,7,"Denderbekken",30,1,NA,NA,NA,NA,NA,NA,NA,NA,NA,NA,NA,NA,NA,TRUE,"<buffer","4521009",c(121477.326946289, 166469.802653391),"6241","2",NA,3.14699964427852
"gbif_data",NA,NA,NA,2023,2023-10-25,51.201887,4.984638,10,"Netebekken",5,NA,NA,NA,1,NA,NA,NA,NA,NA,NA,NA,NA,NA,NA,TRUE,"GRB/2 + buffer","7025502",c(193045.658910422, 210391.955727288),"5","0",NA,22.1966387125571
"gbif_data",NA,NA,NA,2023,2023-10-26,51.15408,4.05144,3,"Bekken van de Gentse Kanalen",5,NA,NA,NA,1,NA,NA,NA,NA,NA,NA,NA,NA,NA,NA,TRUE,"<buffer","6030438",c(127798.900969195, 204941.593833047),"922","2",NA,1.64296751536778
"gbif_data",NA,NA,NA,2023,2023-10-27,51.18553,2.81751,1,"Ijzerbekken",5,NA,1,NA,NA,NA,NA,NA,NA,NA,NA,NA,NA,NA,NA,TRUE,"<buffer",NA,c(41547.4943811327, 209525.158195172),NA,NA,"WVLMID0124",0
"gbif_data",NA,NA,NA,2023,2023-11-01,51.07505,4.17904,4,"Benedenscheldebekken",15,1,NA,NA,NA,NA,NA,NA,NA,NA,NA,NA,NA,NA,NA,TRUE,"<buffer","5040282",c(136704.039386219, 196119.118550655),"19191","9",NA,6.35879945393683
"gbif_data",NA,NA,NA,2023,2023-11-02,51.21854,3.31575,2,"Bekken van de Brugse Polders",13,NA,NA,NA,1,NA,NA,NA,NA,NA,NA,NA,NA,NA,NA,FALSE,"not linked",NA,c(76430.1558543719, 212586.730219459),NA,NA,NA,NA
"gbif_data",NA,NA,NA,2023,2023-11-03,51.28093,3.22202,2,"Bekken van de Brugse Polders",5,1,NA,NA,NA,NA,NA,NA,NA,NA,NA,NA,NA,NA,NA,TRUE,"<buffer","7013508",c(69989.2097218159, 219624.102247105),"32202","99",NA,6.55098741889566
"gbif_data",NA,NA,NA,2023,2023-11-05,50.83894,3.31974,5,"Leiebekken",5,NA,NA,NA,1,NA,NA,NA,NA,NA,NA,NA,NA,NA,NA,TRUE,"<buffer",NA,c(76112.7082387038, 170357.589654172),NA,NA,"WVLHAR0329",11.6901990248686
"gbif_data",NA,NA,NA,2023,2023-11-06,51.20204,4.60917,10,"Netebekken",30,NA,NA,NA,1,NA,NA,NA,NA,NA,NA,NA,NA,NA,NA,TRUE,"<buffer",NA,c(166803.228906415, 210257.411069287),NA,NA,"ANTRAN0198",0
"gbif_data",NA,NA,NA,2023,2023-11-09,50.729763,4.517356,8,"Dijle- en Zennebekken",NA,NA,NA,NA,1,NA,NA,NA,NA,NA,NA,NA,NA,NA,NA,TRUE,"<buffer",NA,c(160491.691021433, 157702.200275354),NA,NA,"VBROVR0088",0
"gbif_data",NA,NA,NA,2023,2023-11-16,51.29795,3.36462,2,"Bekken van de Brugse Polders",7,1,NA,NA,NA,NA,NA,NA,NA,NA,NA,NA,NA,NA,NA,TRUE,"<buffer",NA,c(79963.7038579965, 221373.522767074),NA,NA,"WVLDAM0160",5.83197456820782
"gbif_data",NA,NA,NA,2023,2023-11-16,51.29811,3.36484,2,"Bekken van de Brugse Polders",4,1,NA,NA,NA,NA,NA,NA,NA,NA,NA,NA,NA,NA,NA,TRUE,"<buffer",NA,c(79979.28790538, 221391.115100386),NA,NA,"WVLDAM0160",0.59184857881393
"gbif_data",NA,NA,NA,2023,2023-11-17,51.07506,4.96929,10,"Netebekken",60,1,NA,NA,NA,NA,NA,NA,NA,NA,NA,NA,NA,NA,NA,TRUE,"<buffer",NA,c(192087.214361567, 196273.961980831),NA,NA,"ANTLKD0080",0
"gbif_data",NA,NA,NA,2023,2023-11-29,50.89334,4.72535,8,"Dijle- en Zennebekken",10,NA,NA,NA,1,NA,NA,NA,NA,NA,NA,NA,NA,NA,NA,TRUE,"<buffer",NA,c(175088.632910673, 175948.341782703),NA,NA,"VBRLEU0066",0
"gbif_data",NA,NA,NA,2023,2023-12-11,51.24074,4.17365,4,"Benedenscheldebekken",25,NA,NA,NA,1,NA,NA,NA,NA,NA,NA,NA,NA,NA,NA,TRUE,"<buffer","7074059",c(136374.55247458, 214553.380054173),"47902","2",NA,7.16237490905868
"gbif_data",NA,NA,NA,2023,2023-12-15,51.24133,4.16858,4,"Benedenscheldebekken",25,NA,NA,NA,1,NA,NA,NA,NA,NA,NA,NA,NA,NA,NA,TRUE,"<buffer","7074058",c(136020.664280338, 214619.959711878),"47902","2",NA,5.80190054290171
"gbif_data",NA,NA,NA,2023,2023-12-15,51.24133,4.16858,4,"Benedenscheldebekken",25,NA,NA,NA,1,NA,NA,NA,NA,NA,NA,NA,NA,NA,NA,TRUE,"<buffer","7074058",c(136020.664280338, 214619.959711878),"47902","2",NA,5.80190054290171
"gbif_data",NA,NA,NA,2023,2023-12-15,51.24417,4.18111,4,"Benedenscheldebekken",25,NA,NA,1,NA,NA,NA,NA,NA,NA,NA,NA,NA,NA,NA,TRUE,"<buffer","7037808",c(136896.484087841, 214933.647772211),"47902","2",NA,4.16973102237663
"gbif_data",NA,NA,NA,2023,2023-12-18,51.24422,4.18113,4,"Benedenscheldebekken",25,NA,NA,NA,1,NA,NA,NA,NA,NA,NA,NA,NA,NA,NA,TRUE,"<buffer","7037808",c(136897.894694117, 214939.207023419),"47902","2",NA,2.29703923312948
"gbif_data",NA,NA,NA,2023,2023-12-27,51.24439,4.18129,4,"Benedenscheldebekken",4,NA,NA,1,NA,NA,NA,NA,NA,NA,NA,NA,NA,NA,NA,TRUE,"<buffer","7037808",c(136909.115071939, 214958.092317801),"47902","2",NA,1.30855408646359
"gbif_data",NA,NA,NA,2024,2024-02-07,51.24464,4.1816,4,"Benedenscheldebekken",7,NA,NA,1,NA,NA,NA,NA,NA,NA,NA,NA,NA,NA,NA,TRUE,"<buffer","7037808",c(136930.832146294, 214985.851753411),"47902","2",NA,2.82235630838143
"gbif_data",NA,NA,NA,2024,2024-02-07,51.24075,4.17169,4,"Benedenscheldebekken",7,NA,NA,NA,1,NA,NA,NA,NA,NA,NA,NA,NA,NA,NA,TRUE,"<buffer","7074059",c(136237.678388217, 214554.852789483),"47902","2",NA,3.95275553021263
"gbif_data",NA,NA,NA,2024,2024-02-07,51.24106,4.17058,4,"Benedenscheldebekken",4,NA,NA,1,NA,NA,NA,NA,NA,NA,NA,NA,NA,NA,NA,TRUE,"<buffer","7074059",c(136160.253043134, 214589.547473122),"47902","2",NA,1.11060403194466
"gbif_data",NA,NA,NA,2024,2024-02-15,51.24078,4.17111,4,"Benedenscheldebekken",7,NA,NA,1,NA,NA,NA,NA,NA,NA,NA,NA,NA,NA,NA,TRUE,"<buffer","7074059",c(136197.182824856, 214558.297721907),"47902","2",NA,7.0796550950372
"gbif_data",NA,NA,NA,2024,2024-02-15,51.24125,4.16976,4,"Benedenscheldebekken",4,NA,NA,1,NA,NA,NA,NA,NA,NA,NA,NA,NA,NA,NA,TRUE,"<buffer","7074059",c(136103.045015185, 214610.838571119),"47902","2",NA,0.968665759528199
"gbif_data",NA,NA,NA,2024,2024-02-15,51.24555,4.18326,4,"Benedenscheldebekken",7,NA,NA,NA,1,NA,NA,NA,NA,NA,NA,NA,NA,NA,NA,TRUE,"<buffer","7037808",c(137047.00092189, 215086.804371462),"47902","2",NA,8.30694370787236
"gbif_data",NA,NA,NA,2024,2024-02-15,51.24317,4.18015,4,"Benedenscheldebekken",15,NA,NA,1,NA,NA,NA,NA,NA,NA,NA,NA,NA,NA,NA,TRUE,"<buffer","7074061",c(136829.165639168, 214822.561669301),"47902","2",NA,0.900207944274483
"gbif_data",NA,NA,NA,2024,2024-02-22,51.24077,4.17219,4,"Benedenscheldebekken",7,NA,NA,1,NA,NA,NA,NA,NA,NA,NA,NA,NA,NA,NA,TRUE,"<buffer","7074059",c(136272.601858782, 214556.985665804),"47902","2",NA,4.57553062860706
"gbif_data",NA,NA,NA,2024,2024-02-22,51.2421,4.17632,4,"Benedenscheldebekken",7,NA,NA,NA,1,NA,NA,NA,NA,NA,NA,NA,NA,NA,NA,TRUE,"<buffer","7074059",c(136561.40324144, 214704.202288385),"47902","2",NA,3.00625563519977
"gbif_data",NA,NA,NA,2024,2024-02-22,51.24336,4.18049,4,"Benedenscheldebekken",7,NA,NA,1,NA,NA,NA,NA,NA,NA,NA,NA,NA,NA,NA,TRUE,"<buffer","7074061",c(136852.96178036, 214843.640145486),"47902","2",NA,3.2841602831551
"gbif_data",NA,NA,NA,2024,2024-02-22,51.24285,4.17885,4,"Benedenscheldebekken",7,NA,NA,1,NA,NA,NA,NA,NA,NA,NA,NA,NA,NA,NA,TRUE,"<buffer","7074061",c(136738.293845949, 214787.190512337),"47902","2",NA,3.21014322550722
"gbif_data",NA,NA,NA,2024,2024-02-22,51.24137,4.16863,4,"Benedenscheldebekken",7,NA,NA,1,NA,NA,NA,NA,NA,NA,NA,NA,NA,NA,NA,TRUE,"<buffer","7074058",c(136024.167949151, 214624.400539345),"47902","2",NA,0.781374107174162
"gbif_data",NA,NA,NA,2024,2024-02-28,51.20368,3.90498,3,"Bekken van de Gentse Kanalen",4,NA,NA,NA,NA,NA,NA,1,NA,NA,NA,NA,NA,NA,NA,TRUE,"<buffer","4201146",c(117586.339677644, 210513.430002358),"3031","2",NA,0.617142227377841
"gbif_data",NA,NA,NA,2024,2024-02-29,50.95837,4.47521,8,"Dijle- en Zennebekken",30,1,NA,NA,NA,NA,NA,NA,NA,NA,NA,NA,NA,NA,NA,TRUE,"<buffer",NA,c(157479.448096962, 183127.44684934),NA,NA,"VBRVIL0066",0
"gbif_data",NA,NA,NA,2024,2024-03-01,51.24123,4.17003,4,"Benedenscheldebekken",7,NA,NA,NA,1,NA,NA,NA,NA,NA,NA,NA,NA,NA,NA,TRUE,"<buffer","7074059",c(136121.894381699, 214608.563146386),"47902","2",NA,0.0193296554678451
"gbif_data",NA,NA,NA,2024,2024-03-01,51.24085,4.17108,4,"Benedenscheldebekken",7,NA,NA,NA,1,NA,NA,NA,NA,NA,NA,NA,NA,NA,NA,TRUE,"<buffer","7074059",c(136195.108430271, 214566.091140411),"47902","2",NA,1.4818350016486
"gbif_data",NA,NA,NA,2024,2024-03-02,51.19603,4.43138,4,"Benedenscheldebekken",15,NA,1,NA,NA,NA,NA,NA,NA,NA,NA,NA,NA,NA,NA,TRUE,"<buffer",NA,c(154377.471880157, 209563.30227583),NA,NA,"ANTANT0029",0
"gbif_data",NA,NA,NA,2024,2024-03-07,51.24078,4.1717,4,"Benedenscheldebekken",4,NA,NA,NA,1,NA,NA,NA,NA,NA,NA,NA,NA,NA,NA,TRUE,"<buffer","7074059",c(136238.385566672, 214558.188597387),"47902","2",NA,0.710031296764546
"gbif_data",NA,NA,NA,2024,2024-03-07,51.24142,4.16814,4,"Benedenscheldebekken",4,NA,NA,1,NA,NA,NA,NA,NA,NA,NA,NA,NA,NA,NA,TRUE,"<buffer","7074058",c(135989.964137243, 214630.05531739),"47902","2",NA,1.66031610544018
"gbif_data",NA,NA,NA,2024,2024-03-07,51.24476,4.18172,4,"Benedenscheldebekken",4,NA,NA,1,NA,NA,NA,NA,NA,NA,NA,NA,NA,NA,NA,TRUE,"<buffer","7037808",c(136939.245178116, 214999.181362332),"47902","2",NA,1.57311608549554
"gbif_data",NA,NA,NA,2024,2024-03-09,51.17273,4.11273,3,"Bekken van de Gentse Kanalen",3,1,NA,NA,NA,NA,NA,NA,NA,NA,NA,NA,NA,NA,NA,TRUE,"<buffer","7011007",c(132094.177406518, 206999.919991419),"555","2",NA,4.1515433671691
"gbif_data",NA,NA,NA,2024,2024-03-10,51.08984,4.50234,10,"Netebekken",12,NA,NA,NA,1,NA,NA,NA,NA,NA,NA,NA,NA,NA,NA,TRUE,"<buffer",NA,c(159359.110097851, 197756.135997077),NA,NA,"ANTDUF0025",1.09643636391482
"gbif_data",NA,NA,NA,2024,2024-03-14,51.24093,4.17084,4,"Benedenscheldebekken",7,NA,NA,1,NA,NA,NA,NA,NA,NA,NA,NA,NA,NA,NA,TRUE,"<buffer","7074059",c(136178.371658628, 214575.036043248),"47902","2",NA,3.22628813728673
"gbif_data",NA,NA,NA,2024,2024-03-14,51.24125,4.16976,4,"Benedenscheldebekken",4,NA,NA,NA,1,NA,NA,NA,NA,NA,NA,NA,NA,NA,NA,TRUE,"<buffer","7074059",c(136103.045015185, 214610.838571119),"47902","2",NA,0.968665759528199
"gbif_data",NA,NA,NA,2024,2024-03-14,51.24124,4.17002,4,"Benedenscheldebekken",4,NA,NA,NA,1,NA,NA,NA,NA,NA,NA,NA,NA,NA,NA,TRUE,"<buffer","7074059",c(136121.19900424, 214609.677560638),"47902","2",NA,0.894645468616834
"gbif_data",NA,NA,NA,2024,2024-03-14,51.24125,4.16976,4,"Benedenscheldebekken",4,NA,NA,NA,1,NA,NA,NA,NA,NA,NA,NA,NA,NA,NA,TRUE,"<buffer","7074059",c(136103.045015185, 214610.838571119),"47902","2",NA,0.968665759528199
"gbif_data",NA,NA,NA,2024,2024-03-16,51.11029,3.97629,3,"Bekken van de Gentse Kanalen",11,1,NA,NA,NA,NA,NA,NA,NA,NA,NA,NA,NA,NA,NA,TRUE,"<buffer","6030500",c(122515.364298676, 200095.064051133),"15074","0",NA,7.45838016550066
"gbif_data",NA,NA,NA,2024,2024-03-16,51.1928,4.66279,10,"Netebekken",5,NA,NA,1,NA,NA,NA,NA,NA,NA,NA,NA,NA,NA,NA,TRUE,"<buffer","7030442",c(170554.971641533, 209242.95801805),"40686","9",NA,14.0299363608603
"gbif_data",NA,NA,NA,2024,2024-03-19,51.03406,3.67408,5,"Leiebekken",8,NA,NA,NA,1,NA,NA,NA,NA,NA,NA,NA,NA,NA,NA,TRUE,"<buffer","6019332",c(101272.641793191, 191769.691069357),"4337","2",NA,8.98796542915276
"gbif_data",NA,NA,NA,2024,2024-03-19,51.03418,3.67409,5,"Leiebekken",7,NA,NA,NA,1,NA,NA,NA,NA,NA,NA,NA,NA,NA,NA,FALSE,"not linked",NA,c(101273.467980627, 191783.033584562),NA,NA,NA,NA
"gbif_data",NA,NA,NA,2024,2024-03-27,51.24079,4.17314,4,"Benedenscheldebekken",4,NA,NA,1,NA,NA,NA,NA,NA,NA,NA,NA,NA,NA,NA,TRUE,"<buffer","7074059",c(136338.95111498, 214559.036185887),"47902","2",NA,1.38819139245522
"gbif_data",NA,NA,NA,2024,2024-03-27,51.24076,4.17172,4,"Benedenscheldebekken",4,NA,NA,1,NA,NA,NA,NA,NA,NA,NA,NA,NA,NA,NA,TRUE,"<buffer","7074059",c(136239.776386105, 214555.959800817),"47902","2",NA,3.07296894690856
"gbif_data",NA,NA,NA,2024,2024-03-27,51.24098,4.17071,4,"Benedenscheldebekken",7,NA,NA,1,NA,NA,NA,NA,NA,NA,NA,NA,NA,NA,NA,TRUE,"<buffer","7074059",c(136169.307902726, 214580.622922716),"47902","2",NA,3.56312002890359
"gbif_data",NA,NA,NA,2024,2024-03-27,51.24419,4.18109,4,"Benedenscheldebekken",4,NA,NA,1,NA,NA,NA,NA,NA,NA,NA,NA,NA,NA,NA,TRUE,"<buffer","7037808",c(136895.093088755, 214935.876395645),"47902","2",NA,1.78365369128867
"gbif_data",NA,NA,NA,2024,2024-03-27,51.24548,4.18294,4,"Benedenscheldebekken",7,NA,NA,NA,1,NA,NA,NA,NA,NA,NA,NA,NA,NA,NA,TRUE,"<buffer","7037808",c(137024.636533953, 215079.072153258),"47902","2",NA,1.79351834727332
"gbif_data",NA,NA,NA,2024,2024-03-27,51.24446,4.18132,4,"Benedenscheldebekken",7,NA,NA,NA,1,NA,NA,NA,NA,NA,NA,NA,NA,NA,NA,TRUE,"<buffer","7037808",c(136911.229551123, 214965.874923887),"47902","2",NA,1.19631395443388
"gbif_data",NA,NA,NA,2024,2024-03-27,51.24446,4.18132,4,"Benedenscheldebekken",7,NA,NA,NA,1,NA,NA,NA,NA,NA,NA,NA,NA,NA,NA,TRUE,"<buffer","7037808",c(136911.229551123, 214965.874923887),"47902","2",NA,1.19631395443388
"gbif_data",NA,NA,NA,2024,2024-03-27,51.03427,3.67402,5,"Leiebekken",3,NA,NA,NA,1,NA,NA,NA,NA,NA,NA,NA,NA,NA,NA,FALSE,"not linked",NA,c(101268.651633442, 191793.09128101),NA,NA,NA,NA
"gbif_data",NA,NA,NA,2024,2024-03-27,51.03422,3.67398,5,"Leiebekken",9,NA,NA,NA,1,NA,NA,NA,NA,NA,NA,NA,NA,NA,NA,FALSE,"not linked",NA,c(101265.79396916, 191787.555394446),NA,NA,NA,NA
"gbif_data",NA,NA,NA,2024,2024-03-27,51.03419,3.67399,5,"Leiebekken",7,NA,NA,NA,1,NA,NA,NA,NA,NA,NA,NA,NA,NA,NA,FALSE,"not linked",NA,c(101266.464191175, 191784.211569847),NA,NA,NA,NA
"gbif_data",NA,NA,NA,2024,2024-03-27,51.03423,3.67396,5,"Leiebekken",10,NA,NA,NA,1,NA,NA,NA,NA,NA,NA,NA,NA,NA,NA,FALSE,"not linked",NA,c(101264.401531916, 191788.680930907),NA,NA,NA,NA
"gbif_data",NA,NA,NA,2024,2024-03-29,50.98615,5.32261,9,"Demerbekken",5,NA,NA,NA,1,NA,NA,NA,NA,NA,NA,NA,NA,NA,NA,TRUE,"<buffer",NA,c(216974.958799971, 186643.218500809),NA,NA,"LIMZNH0010",0
"gbif_data",NA,NA,NA,2024,2024-04-10,51.24278,4.17754,4,"Benedenscheldebekken",7,NA,NA,1,NA,NA,NA,NA,NA,NA,NA,NA,NA,NA,NA,TRUE,"<buffer","7066957",c(136646.793850818, 214779.636560472),"65271","99",NA,0.284523932975474
"gbif_data",NA,NA,NA,2024,2024-04-10,51.24316,4.18014,4,"Benedenscheldebekken",7,NA,NA,1,NA,NA,NA,NA,NA,NA,NA,NA,NA,NA,NA,TRUE,"<buffer","7074061",c(136828.46450752, 214821.450883603),"47902","2",NA,1.42689431171644
"gbif_data",NA,NA,NA,2024,2024-04-10,51.24074,4.17306,4,"Benedenscheldebekken",7,NA,NA,1,NA,NA,NA,NA,NA,NA,NA,NA,NA,NA,NA,TRUE,"<buffer","7074059",c(136333.349694542, 214553.488096717),"47902","2",NA,4.65485547005994
"gbif_data",NA,NA,NA,2024,2024-04-10,51.24122,4.17,4,"Benedenscheldebekken",4,NA,NA,1,NA,NA,NA,NA,NA,NA,NA,NA,NA,NA,NA,TRUE,"<buffer","7074059",c(136119.796379742, 214607.456182538),"47902","2",NA,1.59929546259064
"gbif_data",NA,NA,NA,2024,2024-04-10,51.24275,4.17745,4,"Benedenscheldebekken",7,NA,NA,1,NA,NA,NA,NA,NA,NA,NA,NA,NA,NA,NA,TRUE,"<buffer","7074059",c(136640.500387186, 214776.315032308),"47902","2",NA,2.9566042765609
"gbif_data",NA,NA,NA,2024,2024-04-10,51.24314,4.18016,4,"Benedenscheldebekken",4,NA,NA,NA,1,NA,NA,NA,NA,NA,NA,NA,NA,NA,NA,TRUE,"<buffer","7074061",c(136829.85550896, 214819.222243208),"47902","2",NA,4.05219028040686
"gbif_data",NA,NA,NA,2024,2024-04-10,51.24141,4.16806,4,"Benedenscheldebekken",4,NA,NA,1,NA,NA,NA,NA,NA,NA,NA,NA,NA,NA,NA,TRUE,"<buffer","7074058",c(135984.374405487, 214628.957810676),"47902","2",NA,3.78951507957043
"gbif_data",NA,NA,NA,2024,2024-04-10,51.24314,4.18016,4,"Benedenscheldebekken",4,NA,NA,NA,1,NA,NA,NA,NA,NA,NA,NA,NA,NA,NA,TRUE,"<buffer","7074061",c(136829.85550896, 214819.222243208),"47902","2",NA,4.05219028040686
"gbif_data",NA,NA,NA,2024,2024-04-10,51.24281,4.17768,4,"Benedenscheldebekken",7,NA,NA,1,NA,NA,NA,NA,NA,NA,NA,NA,NA,NA,NA,TRUE,"<buffer","7074387",c(136656.578912845, 214782.949142772),"47902","2",NA,3.92113212572714
"gbif_data",NA,NA,NA,2024,2024-04-10,51.24078,4.17227,4,"Benedenscheldebekken",7,NA,NA,1,NA,NA,NA,NA,NA,NA,NA,NA,NA,NA,NA,TRUE,"<buffer","7074059",c(136278.191606202, 214558.083482938),"47902","2",NA,3.38314352323946
"gbif_data",NA,NA,NA,2024,2024-04-13,50.83977,3.322,5,"Leiebekken",15,NA,NA,NA,1,NA,NA,NA,NA,NA,NA,NA,NA,NA,NA,TRUE,"<buffer",NA,c(76273.1817535189, 170447.665099449),NA,NA,"WVLHAR0329",0
"gbif_data",NA,NA,NA,2024,2024-04-15,50.953,4.45503,8,"Dijle- en Zennebekken",3,1,NA,NA,NA,NA,NA,NA,NA,NA,NA,NA,NA,NA,NA,TRUE,"<buffer",NA,c(156062.331824084, 182528.212005207),NA,NA,"VBRVIL0060",0
"gbif_data",NA,NA,NA,2024,2024-04-17,51.11658,3.98056,3,"Bekken van de Gentse Kanalen",14,1,NA,NA,NA,NA,NA,NA,NA,NA,NA,NA,NA,NA,NA,FALSE,"not linked",NA,c(122818.044057335, 200793.249005855),NA,NA,NA,NA
"gbif_data",NA,NA,NA,2024,2024-04-25,51.24294,4.17924,4,"Benedenscheldebekken",7,NA,NA,NA,1,NA,NA,NA,NA,NA,NA,NA,NA,NA,NA,TRUE,"<buffer","7074061",c(136765.55381688, 214797.134160022),"47902","2",NA,2.12124296522587
"gbif_data",NA,NA,NA,2024,2024-05-01,51.22118,5.1696,10,"Netebekken",5,NA,NA,NA,1,NA,NA,NA,NA,NA,NA,NA,NA,NA,NA,TRUE,"<buffer",NA,c(205949.571296044, 212661.709509519),NA,NA,"ANTMOL0030",11.06948485876
"gbif_data",NA,NA,NA,2024,2024-05-02,51.12273,3.56696,3,"Bekken van de Gentse Kanalen",4,1,NA,NA,NA,NA,NA,NA,NA,NA,NA,NA,NA,NA,NA,FALSE,"not linked",NA,c(93865.5026825752, 201709.195580981),NA,NA,NA,NA
"gbif_data",NA,NA,NA,2024,2024-05-02,50.98393,4.51535,8,"Dijle- en Zennebekken",3,1,NA,NA,NA,NA,NA,NA,NA,NA,NA,NA,NA,NA,NA,FALSE,"not linked",NA,c(160293.981099603, 185975.691566771),NA,NA,NA,NA
"gbif_data",NA,NA,NA,2024,2024-05-04,50.959143,5.46534,9,"Demerbekken",NA,NA,NA,NA,1,NA,NA,NA,NA,NA,NA,NA,NA,NA,NA,TRUE,"<buffer","8859",c(227040.458289785, 183777.622758452),"8086","9",NA,5.17167682666622
"gbif_data",NA,NA,NA,2024,2024-05-08,51.12064,4.55486,10,"Netebekken",4,NA,NA,NA,1,NA,NA,NA,NA,NA,NA,NA,NA,NA,NA,FALSE,"not linked",NA,c(163030.114220458, 201190.576719816),NA,NA,NA,NA
"gbif_data",NA,NA,NA,2024,2024-05-09,51.19653,4.46278,4,"Benedenscheldebekken",9,NA,1,NA,NA,NA,NA,NA,NA,NA,NA,NA,NA,NA,NA,TRUE,"<buffer",NA,c(156572.336700134, 209621.264970429),NA,NA,"ANTANT0178",9.15735681614902
"gbif_data",NA,NA,NA,2024,2024-05-11,50.96701,5.16348,9,"Demerbekken",4,NA,NA,NA,1,NA,NA,NA,NA,NA,NA,NA,NA,NA,NA,TRUE,"<buffer",NA,c(205824.927528489, 184382.443141161),NA,NA,"LIMHDS0278",0
"gbif_data",NA,NA,NA,2024,2024-05-15,51.13871,5.07588,10,"Netebekken",21,NA,NA,NA,1,NA,NA,NA,NA,NA,NA,NA,NA,NA,NA,TRUE,"<buffer","7027787",c(199489.645043641, 203420.547764122),"8501","1",NA,3.7114041394058
"gbif_data",NA,NA,NA,2024,2024-05-15,50.96478,5.16323,9,"Demerbekken",5,NA,NA,NA,1,NA,NA,NA,NA,NA,NA,NA,NA,NA,NA,TRUE,"<buffer",NA,c(205810.023755916, 184134.193651324),NA,NA,"LIMHDS0278",12.1713030737435
"gbif_data",NA,NA,NA,2024,2024-05-15,51.13837,5.07606,10,"Netebekken",11,NA,NA,NA,1,NA,NA,NA,NA,NA,NA,NA,NA,NA,NA,TRUE,"<buffer",NA,c(199502.603038395, 203382.844178665),NA,NA,"ANTMEE0095",3.95411586726058
"gbif_data",NA,NA,NA,2024,2024-05-16,50.79331,3.91535,7,"Denderbekken",6,1,NA,NA,NA,NA,NA,NA,NA,NA,NA,NA,NA,NA,NA,TRUE,"<buffer",NA,c(118032.757129896, 164857.765809083),NA,NA,"OVLGER0176",4.24557324724788
"gbif_data",NA,NA,NA,2024,2024-05-18,51.14784,3.90701,3,"Bekken van de Gentse Kanalen",3,1,NA,NA,NA,NA,NA,NA,NA,NA,NA,NA,NA,NA,NA,TRUE,"GRB/2 + buffer","6019429",c(117689.641635018, 204300.313781122),"26","1",NA,15.3857572277444
"gbif_data",NA,NA,NA,2024,2024-05-26,51.36893,4.49382,11,"Maasbekken",5,NA,1,NA,NA,NA,NA,NA,NA,NA,NA,NA,NA,NA,NA,TRUE,"<buffer",NA,c(158709.596082741, 228805.248840316),NA,NA,"ANTKAL0126",13.1018583206485
"gbif_data",NA,NA,NA,2024,2024-05-28,50.96883,4.49489,8,"Dijle- en Zennebekken",4,1,NA,NA,NA,NA,NA,NA,NA,NA,NA,NA,NA,NA,NA,TRUE,"<buffer","6032253",c(158860.146730509, 184293.242035462),"6906","2",NA,5.81001362634804
"gbif_data",NA,NA,NA,2024,2024-05-30,51.17186,4.1915,4,"Benedenscheldebekken",15,NA,NA,NA,1,NA,NA,NA,NA,NA,NA,NA,NA,NA,NA,TRUE,"<buffer",NA,c(137602.889735637, 206887.108944623),NA,NA,"OVLSIN0209",0
"gbif_data",NA,NA,NA,2024,2024-05-30,51.17186,4.1915,4,"Benedenscheldebekken",15,NA,NA,NA,1,NA,NA,NA,NA,NA,NA,NA,NA,NA,NA,TRUE,"<buffer",NA,c(137602.889735637, 206887.108944623),NA,NA,"OVLSIN0209",0
"gbif_data",NA,NA,NA,2024,2024-05-30,51.17186,4.1915,4,"Benedenscheldebekken",15,NA,NA,NA,1,NA,NA,NA,NA,NA,NA,NA,NA,NA,NA,TRUE,"<buffer",NA,c(137602.889735637, 206887.108944623),NA,NA,"OVLSIN0209",0
"gbif_data",NA,NA,NA,2024,2024-05-30,51.17186,4.1915,4,"Benedenscheldebekken",15,NA,NA,NA,1,NA,NA,NA,NA,NA,NA,NA,NA,NA,NA,TRUE,"<buffer",NA,c(137602.889735637, 206887.108944623),NA,NA,"OVLSIN0209",0
"gbif_data",NA,NA,NA,2024,2024-05-30,51.17186,4.1915,4,"Benedenscheldebekken",15,NA,NA,NA,1,NA,NA,NA,NA,NA,NA,NA,NA,NA,NA,TRUE,"<buffer",NA,c(137602.889735637, 206887.108944623),NA,NA,"OVLSIN0209",0
"gbif_data",NA,NA,NA,2024,2024-05-30,51.17186,4.1915,4,"Benedenscheldebekken",15,NA,NA,NA,1,NA,NA,NA,NA,NA,NA,NA,NA,NA,NA,TRUE,"<buffer",NA,c(137602.889735637, 206887.108944623),NA,NA,"OVLSIN0209",0
"gbif_data",NA,NA,NA,2024,2024-06-02,51.29221,3.33878,2,"Bekken van de Brugse Polders",3,1,NA,NA,NA,NA,NA,NA,NA,NA,NA,NA,NA,NA,NA,TRUE,"<buffer","6005811",c(78152.6873241399, 220759.632845876),"10","0",NA,6.90546044429372
"gbif_data",NA,NA,NA,2024,2024-06-02,50.8932,5.66935,11,"Maasbekken",15,NA,NA,NA,1,NA,NA,NA,NA,NA,NA,NA,NA,NA,NA,TRUE,"<buffer","6031525",c(241500.347556508, 176674.525037201),"68","0",NA,14.6333815128642
"gbif_data",NA,NA,NA,2024,2024-06-02,50.8284,3.30419,5,"Leiebekken",5,NA,NA,NA,1,NA,NA,NA,NA,NA,NA,NA,NA,NA,NA,TRUE,"GRB/2 + buffer","6031436",c(75000.7180914302, 169200.815121884),"22","0",NA,16.292819555724
"gbif_data",NA,NA,NA,2024,2024-06-03,51.22135,5.55463,11,"Maasbekken",30,NA,NA,NA,1,NA,NA,NA,NA,NA,NA,NA,NA,NA,NA,TRUE,"<buffer","7074989",c(232846.86343591, 213040.738360266),"9768","2",NA,1.37027204631401
"gbif_data",NA,NA,NA,2024,2024-06-04,51.22135,5.55463,11,"Maasbekken",30,NA,NA,NA,1,NA,NA,NA,NA,NA,NA,NA,NA,NA,NA,TRUE,"<buffer","7074989",c(232846.86343591, 213040.738360266),"9768","2",NA,1.37027204631401
"gbif_data",NA,NA,NA,2024,2024-06-04,51.22135,5.55463,11,"Maasbekken",30,NA,NA,NA,1,NA,NA,NA,NA,NA,NA,NA,NA,NA,NA,TRUE,"<buffer","7074989",c(232846.86343591, 213040.738360266),"9768","2",NA,1.37027204631401
"gbif_data",NA,NA,NA,2024,2024-06-04,51.22135,5.55463,11,"Maasbekken",30,NA,NA,NA,1,NA,NA,NA,NA,NA,NA,NA,NA,NA,NA,TRUE,"<buffer","7074989",c(232846.86343591, 213040.738360266),"9768","2",NA,1.37027204631401
"gbif_data",NA,NA,NA,2024,2024-06-05,51.20063,5.63938,11,"Maasbekken",30,NA,NA,NA,1,NA,NA,NA,NA,NA,NA,NA,NA,NA,NA,FALSE,"not linked",NA,c(238806.537619211, 210833.882932164),NA,NA,NA,NA
"gbif_data",NA,NA,NA,2024,2024-06-05,50.97656,3.70603,6,"Bovenscheldebekken",5,NA,NA,NA,1,NA,NA,NA,NA,NA,NA,NA,NA,NA,NA,FALSE,"not linked",NA,c(103456.653013953, 185352.832673598),NA,NA,NA,NA
"gbif_data",NA,NA,NA,2024,2024-06-05,50.97656,3.70606,6,"Bovenscheldebekken",5,NA,NA,NA,1,NA,NA,NA,NA,NA,NA,NA,NA,NA,NA,FALSE,"not linked",NA,c(103458.759868438, 185352.81388869),NA,NA,NA,NA
"gbif_data",NA,NA,NA,2024,2024-06-06,51.24561,4.18613,4,"Benedenscheldebekken",7,NA,NA,1,NA,NA,NA,NA,NA,NA,NA,NA,NA,NA,NA,TRUE,"<buffer","7074093",c(137247.42375388, 215092.984795478),"47902","2",NA,3.5721929265029
"gbif_data",NA,NA,NA,2024,2024-06-06,51.24563,4.1861,4,"Benedenscheldebekken",4,NA,NA,1,NA,NA,NA,NA,NA,NA,NA,NA,NA,NA,NA,TRUE,"<buffer","7074093",c(137245.334368039, 215095.215037172),"47902","2",NA,1.21648474351792
"gbif_data",NA,NA,NA,2024,2024-06-06,51.24569,4.18659,4,"Benedenscheldebekken",4,NA,NA,NA,1,NA,NA,NA,NA,NA,NA,NA,NA,NA,NA,TRUE,"<buffer","7074093",c(137279.566365327, 215101.806628197),"47902","2",NA,2.34631697803463
"gbif_data",NA,NA,NA,2024,2024-06-06,51.24591,4.1875,4,"Benedenscheldebekken",4,NA,NA,1,NA,NA,NA,NA,NA,NA,NA,NA,NA,NA,NA,TRUE,"<buffer","7074093",c(137343.169215344, 215126.127916955),"47902","2",NA,2.38362765419678
"gbif_data",NA,NA,NA,2024,2024-06-06,51.24589,4.18747,4,"Benedenscheldebekken",4,NA,NA,1,NA,NA,NA,NA,NA,NA,NA,NA,NA,NA,NA,TRUE,"<buffer","7074093",c(137341.068978393, 215123.907902464),"47902","2",NA,3.38691136821555
"gbif_data",NA,NA,NA,2024,2024-06-06,51.24732,4.18959,4,"Benedenscheldebekken",4,NA,NA,1,NA,NA,NA,NA,NA,NA,NA,NA,NA,NA,NA,TRUE,"<buffer","7074060",c(137489.485758933, 215282.645322994),"47902","2",NA,3.38827313851338
"gbif_data",NA,NA,NA,2024,2024-06-06,51.24728,4.18957,4,"Benedenscheldebekken",4,NA,NA,1,NA,NA,NA,NA,NA,NA,NA,NA,NA,NA,NA,TRUE,"<buffer","7074060",c(137488.078553351, 215278.198459134),"47902","2",NA,3.50915044798886
"gbif_data",NA,NA,NA,2024,2024-06-06,51.24646,4.18879,4,"Benedenscheldebekken",4,NA,NA,1,NA,NA,NA,NA,NA,NA,NA,NA,NA,NA,NA,TRUE,"<buffer","7074094",c(137433.394436669, 215187.100161991),"47902","2",NA,3.6975214353988
"gbif_data",NA,NA,NA,2024,2024-06-06,51.24562,4.18614,4,"Benedenscheldebekken",4,NA,NA,1,NA,NA,NA,NA,NA,NA,NA,NA,NA,NA,NA,TRUE,"<buffer","7074093",c(137248.124759209, 215094.095638916),"47902","2",NA,2.5909876864855
"gbif_data",NA,NA,NA,2024,2024-06-06,51.2467,4.18912,4,"Benedenscheldebekken",4,NA,NA,1,NA,NA,NA,NA,NA,NA,NA,NA,NA,NA,NA,TRUE,"<buffer","7074094",c(137456.50159067, 215213.745895864),"47902","2",NA,3.47329860774203
"gbif_data",NA,NA,NA,2024,2024-06-06,51.24675,4.18927,4,"Benedenscheldebekken",4,NA,NA,1,NA,NA,NA,NA,NA,NA,NA,NA,NA,NA,NA,TRUE,"<buffer","7074094",c(137466.988934297, 215219.28343981),"47902","2",NA,8.37861519470733
"gbif_data",NA,NA,NA,2024,2024-06-06,51.2467,4.18912,4,"Benedenscheldebekken",4,NA,NA,1,NA,NA,NA,NA,NA,NA,NA,NA,NA,NA,NA,TRUE,"<buffer","7074094",c(137456.50159067, 215213.745895864),"47902","2",NA,3.47329860774203
"gbif_data",NA,NA,NA,2024,2024-06-06,51.24619,4.18827,4,"Benedenscheldebekken",4,NA,NA,1,NA,NA,NA,NA,NA,NA,NA,NA,NA,NA,NA,TRUE,"<buffer","7074094",c(137397.011825385, 215157.148977083),"47902","2",NA,3.32835094755532
"gbif_data",NA,NA,NA,2024,2024-06-06,51.2462,4.18832,4,"Benedenscheldebekken",4,NA,NA,1,NA,NA,NA,NA,NA,NA,NA,NA,NA,NA,NA,TRUE,"<buffer","7074094",c(137400.505873006, 215158.253079123),"47902","2",NA,4.46322539890636
"gbif_data",NA,NA,NA,2024,2024-06-06,51.24689,4.18933,4,"Benedenscheldebekken",4,NA,NA,1,NA,NA,NA,NA,NA,NA,NA,NA,NA,NA,NA,TRUE,"<buffer","7074094",c(137471.216001383, 215234.849122686),"47902","2",NA,2.98857831356729
"gbif_data",NA,NA,NA,2024,2024-06-06,51.24569,4.18662,4,"Benedenscheldebekken",4,NA,NA,1,NA,NA,NA,NA,NA,NA,NA,NA,NA,NA,NA,TRUE,"<buffer","7074093",c(137281.661200383, 215101.80150891),"47902","2",NA,2.951714954003
"gbif_data",NA,NA,NA,2024,2024-06-07,51.04183,3.68755,3,"Bekken van de Gentse Kanalen",7,NA,NA,NA,1,NA,NA,NA,NA,NA,NA,NA,NA,NA,NA,TRUE,"<buffer",NA,c(102225.378139508, 192625.300873349),NA,NA,"OVLGNT0817",0
"gbif_data",NA,NA,NA,2024,2024-06-12,51.05334,3.73453,3,"Bekken van de Gentse Kanalen",15,NA,NA,NA,1,NA,NA,NA,NA,NA,NA,NA,NA,NA,NA,TRUE,"<buffer","6006010",c(105531.045230787, 193876.559879342),"843","0",NA,2.79288130163802
"gbif_data",NA,NA,NA,2024,2024-06-13,51.24734,4.18959,4,"Benedenscheldebekken",4,NA,NA,1,NA,NA,NA,NA,NA,NA,NA,NA,NA,NA,NA,TRUE,"<buffer","7074060",c(137489.491107128, 215284.870433345),"47902","2",NA,2.66725270835785
"gbif_data",NA,NA,NA,2024,2024-06-13,51.24561,4.18609,4,"Benedenscheldebekken",4,NA,NA,1,NA,NA,NA,NA,NA,NA,NA,NA,NA,NA,NA,TRUE,"<buffer","7074093",c(137244.630635722, 215092.991639826),"47902","2",NA,3.39188030869869
"gbif_data",NA,NA,NA,2024,2024-06-13,51.24709,4.18949,4,"Benedenscheldebekken",4,NA,NA,1,NA,NA,NA,NA,NA,NA,NA,NA,NA,NA,NA,TRUE,"<buffer","7074060",c(137482.44168027, 215257.073342999),"47902","2",NA,5.0741618536187
"gbif_data",NA,NA,NA,2024,2024-06-13,51.24597,4.18769,4,"Benedenscheldebekken",4,NA,NA,1,NA,NA,NA,NA,NA,NA,NA,NA,NA,NA,NA,TRUE,"<buffer","7074093",c(137356.452657224, 215132.770998788),"47902","2",NA,2.60475469282294
"gbif_data",NA,NA,NA,2024,2024-06-13,51.24588,4.1875,4,"Benedenscheldebekken",4,NA,NA,1,NA,NA,NA,NA,NA,NA,NA,NA,NA,NA,NA,TRUE,"<buffer","7074093",c(137343.161099108, 215122.79025357),"47902","2",NA,5.34250602555724
"gbif_data",NA,NA,NA,2024,2024-06-13,51.24617,4.18826,4,"Benedenscheldebekken",4,NA,NA,1,NA,NA,NA,NA,NA,NA,NA,NA,NA,NA,NA,TRUE,"<buffer","7074094",c(137396.308166437, 215154.925558651),"47902","2",NA,4.75538397153015
"gbif_data",NA,NA,NA,2024,2024-06-13,51.24569,4.18662,4,"Benedenscheldebekken",4,NA,NA,1,NA,NA,NA,NA,NA,NA,NA,NA,NA,NA,NA,TRUE,"<buffer","7074093",c(137281.661200383, 215101.80150891),"47902","2",NA,2.951714954003
"gbif_data",NA,NA,NA,2024,2024-06-13,51.24646,4.1888,4,"Benedenscheldebekken",4,NA,NA,1,NA,NA,NA,NA,NA,NA,NA,NA,NA,NA,NA,TRUE,"<buffer","7074094",c(137434.092703533, 215187.098476186),"47902","2",NA,4.20166591048078
"gbif_data",NA,NA,NA,2024,2024-06-13,51.24695,4.18943,4,"Benedenscheldebekken",4,NA,NA,1,NA,NA,NA,NA,NA,NA,NA,NA,NA,NA,NA,TRUE,"<buffer","7066952",c(137478.214664703, 215241.507649726),"65266","99",NA,1.9492944646082
"gbif_data",NA,NA,NA,2024,2024-06-13,51.24602,4.18789,4,"Benedenscheldebekken",4,NA,NA,1,NA,NA,NA,NA,NA,NA,NA,NA,NA,NA,NA,TRUE,"<buffer","7074093",c(137370.431638744, 215138.299865903),"47902","2",NA,4.69723970527851
"gbif_data",NA,NA,NA,2024,2024-06-13,51.24581,4.18713,4,"Benedenscheldebekken",4,NA,NA,NA,1,NA,NA,NA,NA,NA,NA,NA,NA,NA,NA,TRUE,"<buffer","7074093",c(137317.305928122, 215115.065263146),"47902","2",NA,2.10134612665627
"gbif_data",NA,NA,NA,2024,2024-06-13,51.2456,4.1861,4,"Benedenscheldebekken",4,NA,NA,1,NA,NA,NA,NA,NA,NA,NA,NA,NA,NA,NA,TRUE,"<buffer","7074093",c(137245.326188873, 215091.877374317),"47902","2",NA,4.54719552719476
"gbif_data",NA,NA,NA,2024,2024-06-13,51.24684,4.18926,4,"Benedenscheldebekken",4,NA,NA,1,NA,NA,NA,NA,NA,NA,NA,NA,NA,NA,NA,TRUE,"<buffer","7074094",c(137466.314783142, 215229.298115517),"47902","2",NA,1.91904398856377
"gbif_data",NA,NA,NA,2024,2024-06-13,51.24699,4.18939,4,"Benedenscheldebekken",4,NA,NA,1,NA,NA,NA,NA,NA,NA,NA,NA,NA,NA,NA,TRUE,"<buffer","7066952",c(137475.432334931, 215245.964589775),"65266","99",NA,0.987351746166363
"gbif_data",NA,NA,NA,2024,2024-06-13,51.24647,4.18882,4,"Benedenscheldebekken",4,NA,NA,1,NA,NA,NA,NA,NA,NA,NA,NA,NA,NA,NA,TRUE,"<buffer","7074094",c(137435.491922898, 215188.20765962),"47902","2",NA,4.44017381241122
"gbif_data",NA,NA,NA,2024,2024-06-13,51.24696,4.18947,4,"Benedenscheldebekken",4,NA,NA,1,NA,NA,NA,NA,NA,NA,NA,NA,NA,NA,NA,TRUE,"<buffer","7066952",c(137481.010378749, 215242.613486219),"65266","99",NA,0.199648294988916
"gbif_data",NA,NA,NA,2024,2024-06-13,51.24638,4.18867,4,"Benedenscheldebekken",4,NA,NA,1,NA,NA,NA,NA,NA,NA,NA,NA,NA,NA,NA,TRUE,"<buffer","7074094",c(137424.993731255, 215178.219961092),"47902","2",NA,4.0855628990741
"gbif_data",NA,NA,NA,2024,2024-06-13,51.24626,4.18852,4,"Benedenscheldebekken",4,NA,NA,NA,1,NA,NA,NA,NA,NA,NA,NA,NA,NA,NA,TRUE,"<buffer","7074094",c(137414.487428821, 215164.89462018),"47902","2",NA,7.97138694891239
"gbif_data",NA,NA,NA,2024,2024-06-13,51.24604,4.18792,4,"Benedenscheldebekken",4,NA,NA,1,NA,NA,NA,NA,NA,NA,NA,NA,NA,NA,NA,TRUE,"<buffer","7074093",c(137372.531857294, 215140.519892401),"47902","2",NA,3.85944446740712
"gbif_data",NA,NA,NA,2024,2024-06-13,51.24681,4.1893,4,"Benedenscheldebekken",4,NA,NA,1,NA,NA,NA,NA,NA,NA,NA,NA,NA,NA,NA,TRUE,"<buffer","7074094",c(137469.099792543, 215225.953725774),"47902","2",NA,6.14176593036336
"gbif_data",NA,NA,NA,2024,2024-06-13,51.24582,4.18721,4,"Benedenscheldebekken",4,NA,NA,1,NA,NA,NA,NA,NA,NA,NA,NA,NA,NA,NA,TRUE,"<buffer","7074093",c(137322.894850415, 215116.164208674),"47902","2",NA,3.20668797567003
"gbif_data",NA,NA,NA,2024,2024-06-18,51.24583,4.18717,4,"Benedenscheldebekken",7,NA,NA,1,NA,NA,NA,NA,NA,NA,NA,NA,NA,NA,NA,TRUE,"<buffer","7074093",c(137320.104455101, 215117.283566783),"47902","2",NA,1.11169479648356
"gbif_data",NA,NA,NA,2024,2024-06-18,51.24567,4.1866,4,"Benedenscheldebekken",7,NA,NA,1,NA,NA,NA,NA,NA,NA,NA,NA,NA,NA,NA,TRUE,"<buffer","7074093",c(137280.259205884, 215099.579813006),"47902","2",NA,4.6782875619126
"gbif_data",NA,NA,NA,2024,2024-06-18,51.24617,4.18827,4,"Benedenscheldebekken",4,NA,NA,1,NA,NA,NA,NA,NA,NA,NA,NA,NA,NA,NA,TRUE,"<buffer","7074094",c(137397.006437636, 215154.923867853),"47902","2",NA,5.15439695509202
"gbif_data",NA,NA,NA,2024,2024-06-18,51.24559,4.18597,4,"Benedenscheldebekken",4,NA,NA,1,NA,NA,NA,NA,NA,NA,NA,NA,NA,NA,NA,TRUE,"<buffer","7074093",c(137236.2458246, 215090.787073345),"47902","2",NA,5.07140704110275
"gbif_data",NA,NA,NA,2024,2024-06-18,51.24645,4.18881,4,"Benedenscheldebekken",4,NA,NA,1,NA,NA,NA,NA,NA,NA,NA,NA,NA,NA,NA,TRUE,"<buffer","7074094",c(137434.788284615, 215185.984235716),"47902","2",NA,5.47559106478638
"gbif_data",NA,NA,NA,2024,2024-06-18,51.24583,4.18729,4,"Benedenscheldebekken",7,NA,NA,1,NA,NA,NA,NA,NA,NA,NA,NA,NA,NA,NA,TRUE,"<buffer","7074093",c(137328.483770326, 215117.263160233),"47902","2",NA,4.3120233404512
"gbif_data",NA,NA,NA,2024,2024-06-18,51.24645,4.18879,4,"Benedenscheldebekken",4,NA,NA,1,NA,NA,NA,NA,NA,NA,NA,NA,NA,NA,NA,TRUE,"<buffer","7074094",c(137433.391750585, 215185.987607234),"47902","2",NA,4.46730196195925
"gbif_data",NA,NA,NA,2024,2024-06-18,51.24595,4.18765,4,"Benedenscheldebekken",7,NA,NA,NA,1,NA,NA,NA,NA,NA,NA,NA,NA,NA,NA,TRUE,"<buffer","7074093",c(137353.654154171, 215130.55267541),"47902","2",NA,3.28494829593228
"gbif_data",NA,NA,NA,2024,2024-06-18,51.24574,4.18695,4,"Benedenscheldebekken",7,NA,NA,1,NA,NA,NA,NA,NA,NA,NA,NA,NA,NA,NA,TRUE,"<buffer","7074093",c(137304.7179544, 215107.308024433),"47902","2",NA,4.49832020414717
"gbif_data",NA,NA,NA,2024,2024-06-18,51.2473,4.18958,4,"Benedenscheldebekken",4,NA,NA,1,NA,NA,NA,NA,NA,NA,NA,NA,NA,NA,NA,TRUE,"<buffer","7074060",c(137488.782156441, 215280.421891006),"47902","2",NA,3.4487120954132
"gbif_data",NA,NA,NA,2024,2024-06-18,51.24588,4.18753,4,"Benedenscheldebekken",7,NA,NA,1,NA,NA,NA,NA,NA,NA,NA,NA,NA,NA,NA,TRUE,"<buffer","7074093",c(137345.255925686, 215122.78515998),"47902","2",NA,6.31180735308654
"gbif_data",NA,NA,NA,2024,2024-06-18,51.24702,4.18946,4,"Benedenscheldebekken",4,NA,NA,1,NA,NA,NA,NA,NA,NA,NA,NA,NA,NA,NA,TRUE,"<buffer","7074060",c(137480.328175632, 215249.290495821),"47902","2",NA,5.61596584290196
"gbif_data",NA,NA,NA,2024,2024-06-18,51.18614,3.55545,3,"Bekken van de Gentse Kanalen",29,1,NA,NA,NA,NA,NA,NA,NA,NA,NA,NA,NA,NA,NA,FALSE,"not linked",NA,c(93136.9116676789, 208772.009386083),NA,NA,NA,NA
"gbif_data",NA,NA,NA,2024,2024-06-19,51.18011,4.6384,10,"Netebekken",5,NA,NA,1,NA,NA,NA,NA,NA,NA,NA,NA,NA,NA,NA,TRUE,"<buffer","6011658",c(168855.08527143, 207824.676433884),"8505","1",NA,0.889666168952119
"gbif_data",NA,NA,NA,2024,2024-06-20,51.2629,4.19667,4,"Benedenscheldebekken",5,NA,NA,1,NA,NA,NA,NA,NA,NA,NA,NA,NA,NA,NA,TRUE,"<buffer",NA,c(137987.850620612, 217014.847429369),NA,NA,"OVLBVN0050",7.88998677941503
"gbif_data",NA,NA,NA,2024,2024-06-20,50.7901,4.59293,8,"Dijle- en Zennebekken",4,NA,NA,NA,NA,NA,NA,1,NA,NA,NA,NA,NA,NA,NA,TRUE,"<buffer","6017627",c(165806.949410519, 164427.391944742),"6556","1",NA,5.50162228135579
"gbif_data",NA,NA,NA,2024,2024-06-21,51.04654,3.12897,1,"Ijzerbekken",32,NA,NA,1,NA,NA,NA,NA,NA,NA,NA,NA,NA,NA,NA,TRUE,"<buffer",NA,c(63062.3263023945, 193655.579386217),NA,NA,"WVLLIC0299",0
"gbif_data",NA,NA,NA,2024,2024-06-21,51.21194,4.46565,4,"Benedenscheldebekken",5,NA,NA,NA,1,NA,NA,NA,NA,NA,NA,NA,NA,NA,NA,TRUE,"<buffer",NA,c(156770.70109946, 211335.946748068),NA,NA,"ANTANT0477",0.270167402426133
"gbif_data",NA,NA,NA,2024,2024-06-22,50.98586,5.33187,9,"Demerbekken",4,NA,NA,1,NA,NA,NA,NA,NA,NA,NA,NA,NA,NA,NA,TRUE,"<buffer",NA,c(217625.531960255, 186619.359189792),NA,NA,"LIMZNH0206",1.12048942638228
"gbif_data",NA,NA,NA,2024,2024-06-23,51.07484,4.96867,10,"Netebekken",30,1,NA,NA,NA,NA,NA,NA,NA,NA,NA,NA,NA,NA,NA,TRUE,"<buffer",NA,c(192043.961856449, 196249.136418188),NA,NA,"ANTLKD0078",12.7701564567836
"gbif_data",NA,NA,NA,2024,2024-06-23,50.90153,4.70696,8,"Dijle- en Zennebekken",5,NA,NA,NA,1,NA,NA,NA,NA,NA,NA,NA,NA,NA,NA,TRUE,"<buffer","6033222",c(173790.64270124, 176853.341652968),"18","0",NA,14.3787868184834
"gbif_data",NA,NA,NA,2024,2024-06-23,51.22462,5.20749,10,"Netebekken",3,NA,NA,NA,1,NA,NA,NA,NA,NA,NA,NA,NA,NA,NA,FALSE,"not linked",NA,c(208592.259399836, 213073.652412437),NA,NA,NA,NA
"gbif_data",NA,NA,NA,2024,2024-06-23,51.22463,5.20744,10,"Netebekken",3,NA,NA,NA,1,NA,NA,NA,NA,NA,NA,NA,NA,NA,NA,TRUE,"GRB/2 + buffer","7025465",c(208588.754065351, 213074.725402882),"41324","9",NA,15.215130749475
"gbif_data",NA,NA,NA,2024,2024-06-23,51.14737,4.05662,3,"Bekken van de Gentse Kanalen",10,1,NA,NA,NA,NA,NA,NA,NA,NA,NA,NA,NA,NA,NA,FALSE,"not linked",NA,c(128158.1869191, 204193.568752999),NA,NA,NA,NA
"gbif_data",NA,NA,NA,2024,2024-06-24,51.26764,3.10656,2,"Bekken van de Brugse Polders",5,1,NA,NA,NA,NA,NA,NA,NA,NA,NA,NA,NA,NA,NA,FALSE,"not linked",NA,c(61908.9011518557, 218276.311860559),NA,NA,NA,NA
"gbif_data",NA,NA,NA,2024,2024-06-25,51.24669,4.1892,4,"Benedenscheldebekken",4,NA,NA,1,NA,NA,NA,NA,NA,NA,NA,NA,NA,NA,NA,TRUE,"<buffer","7074094",c(137462.085016946, 215212.619882069),"47902","2",NA,8.57377130596315
"gbif_data",NA,NA,NA,2024,2024-06-25,51.24576,4.18697,4,"Benedenscheldebekken",4,NA,NA,1,NA,NA,NA,NA,NA,NA,NA,NA,NA,NA,NA,TRUE,"<buffer","7074093",c(137306.119936328, 215109.52972701),"47902","2",NA,2.9752856172014
"gbif_data",NA,NA,NA,2024,2024-06-25,51.24673,4.18918,4,"Benedenscheldebekken",4,NA,NA,1,NA,NA,NA,NA,NA,NA,NA,NA,NA,NA,NA,TRUE,"<buffer","7074094",c(137460.699211052, 215217.073465775),"47902","2",NA,4.74761897543222
"gbif_data",NA,NA,NA,2024,2024-06-25,51.2467,4.18913,4,"Benedenscheldebekken",4,NA,NA,1,NA,NA,NA,NA,NA,NA,NA,NA,NA,NA,NA,TRUE,"<buffer","7074094",c(137457.199853946, 215213.744213169),"47902","2",NA,4.02582338991427
"gbif_data",NA,NA,NA,2024,2024-06-25,51.2462,4.18829,4,"Benedenscheldebekken",4,NA,NA,1,NA,NA,NA,NA,NA,NA,NA,NA,NA,NA,NA,TRUE,"<buffer","7074094",c(137398.411060758, 215158.25815039),"47902","2",NA,3.21335316305915
"gbif_data",NA,NA,NA,2024,2024-06-25,51.24611,4.18808,4,"Benedenscheldebekken",4,NA,NA,1,NA,NA,NA,NA,NA,NA,NA,NA,NA,NA,NA,TRUE,"<buffer","7074094",c(137383.723104582, 215148.280681588),"47902","2",NA,3.05126521220746
"gbif_data",NA,NA,NA,2024,2024-06-25,51.24562,4.18584,4,"Benedenscheldebekken",4,NA,NA,NA,1,NA,NA,NA,NA,NA,NA,NA,NA,NA,NA,TRUE,"<buffer","7074093",c(137227.176377608, 215094.147005358),"47902","2",NA,1.15465575591339
"gbif_data",NA,NA,NA,2024,2024-06-25,51.24671,4.18918,4,"Benedenscheldebekken",4,NA,NA,1,NA,NA,NA,NA,NA,NA,NA,NA,NA,NA,NA,TRUE,"<buffer","7074094",c(137460.693850571, 215214.848355995),"47902","2",NA,6.10817061981304
"gbif_data",NA,NA,NA,2024,2024-06-25,51.2462,4.18833,4,"Benedenscheldebekken",4,NA,NA,1,NA,NA,NA,NA,NA,NA,NA,NA,NA,NA,NA,TRUE,"<buffer","7074094",c(137401.204143756, 215158.251388888),"47902","2",NA,4.89931018599828
"gbif_data",NA,NA,NA,2024,2024-06-25,51.24611,4.18808,4,"Benedenscheldebekken",4,NA,NA,1,NA,NA,NA,NA,NA,NA,NA,NA,NA,NA,NA,TRUE,"<buffer","7074094",c(137383.723104582, 215148.280681588),"47902","2",NA,3.05126521220746
"gbif_data",NA,NA,NA,2024,2024-06-25,51.24577,4.18699,4,"Benedenscheldebekken",4,NA,NA,1,NA,NA,NA,NA,NA,NA,NA,NA,NA,NA,NA,TRUE,"<buffer","7074093",c(137307.519204006, 215110.638875598),"47902","2",NA,2.48046453084975
"gbif_data",NA,NA,NA,2024,2024-06-25,51.2467,4.18916,4,"Benedenscheldebekken",4,NA,NA,1,NA,NA,NA,NA,NA,NA,NA,NA,NA,NA,NA,TRUE,"<buffer","7074094",c(137459.294643776, 215213.739165653),"47902","2",NA,5.68339739054669
"gbif_data",NA,NA,NA,2024,2024-06-25,51.24561,4.18611,4,"Benedenscheldebekken",4,NA,NA,1,NA,NA,NA,NA,NA,NA,NA,NA,NA,NA,NA,TRUE,"<buffer","7074093",c(137246.0271948, 215092.988217464),"47902","2",NA,3.48203680533401
"gbif_data",NA,NA,NA,2024,2024-06-25,51.24696,4.18946,4,"Benedenscheldebekken",4,NA,NA,1,NA,NA,NA,NA,NA,NA,NA,NA,NA,NA,NA,TRUE,"<buffer","7066952",c(137480.312119361, 215242.615165704),"65266","99",NA,0.0833081833116681
"gbif_data",NA,NA,NA,2024,2024-06-25,51.24669,4.18917,4,"Benedenscheldebekken",4,NA,NA,1,NA,NA,NA,NA,NA,NA,NA,NA,NA,NA,NA,TRUE,"<buffer","7074094",c(137459.990226663, 215212.624928458),"47902","2",NA,6.91619763940578
"gbif_data",NA,NA,NA,2024,2024-06-25,51.24611,4.18808,4,"Benedenscheldebekken",4,NA,NA,1,NA,NA,NA,NA,NA,NA,NA,NA,NA,NA,NA,TRUE,"<buffer","7074094",c(137383.723104582, 215148.280681588),"47902","2",NA,3.05126521220746
"gbif_data",NA,NA,NA,2024,2024-06-25,51.24589,4.18745,4,"Benedenscheldebekken",4,NA,NA,1,NA,NA,NA,NA,NA,NA,NA,NA,NA,NA,NA,TRUE,"<buffer","7074093",c(137339.672427643, 215123.911299228),"47902","2",NA,2.74070970230533
"gbif_data",NA,NA,NA,2024,2024-06-25,51.24726,4.1896,4,"Benedenscheldebekken",4,NA,NA,1,NA,NA,NA,NA,NA,NA,NA,NA,NA,NA,NA,TRUE,"<buffer","7074060",c(137490.167969244, 215275.968313793),"47902","2",NA,6.21191639947321
"gbif_data",NA,NA,NA,2024,2024-06-25,51.24612,4.18808,4,"Benedenscheldebekken",4,NA,NA,1,NA,NA,NA,NA,NA,NA,NA,NA,NA,NA,NA,TRUE,"<buffer","7074094",c(137383.725801304, 215149.393236168),"47902","2",NA,2.13824385827291
"gbif_data",NA,NA,NA,2024,2024-06-25,51.24598,4.18775,4,"Benedenscheldebekken",4,NA,NA,1,NA,NA,NA,NA,NA,NA,NA,NA,NA,NA,NA,TRUE,"<buffer","7074093",c(137360.645003984, 215133.873377698),"47902","2",NA,3.55704879706877
"gbif_data",NA,NA,NA,2024,2024-06-25,51.24575,4.18688,4,"Benedenscheldebekken",4,NA,NA,1,NA,NA,NA,NA,NA,NA,NA,NA,NA,NA,NA,TRUE,"<buffer","7074093",c(137299.832725832, 215108.432503384),"47902","2",NA,1.80794258993988
"gbif_data",NA,NA,NA,2024,2024-06-25,51.24669,4.18917,4,"Benedenscheldebekken",4,NA,NA,1,NA,NA,NA,NA,NA,NA,NA,NA,NA,NA,NA,TRUE,"<buffer","7074094",c(137459.990226663, 215212.624928458),"47902","2",NA,6.91619763940578
"gbif_data",NA,NA,NA,2024,2024-06-25,51.24619,4.18828,4,"Benedenscheldebekken",4,NA,NA,1,NA,NA,NA,NA,NA,NA,NA,NA,NA,NA,NA,TRUE,"<buffer","7074094",c(137397.710096284, 215157.147286379),"47902","2",NA,3.72736368389199
"gbif_data",NA,NA,NA,2024,2024-06-25,51.2461,4.18809,4,"Benedenscheldebekken",4,NA,NA,1,NA,NA,NA,NA,NA,NA,NA,NA,NA,NA,NA,TRUE,"<buffer","7074094",c(137384.418680103, 215147.166434514),"47902","2",NA,4.36330153868827
"gbif_data",NA,NA,NA,2024,2024-06-25,51.24594,4.18769,4,"Benedenscheldebekken",4,NA,NA,1,NA,NA,NA,NA,NA,NA,NA,NA,NA,NA,NA,TRUE,"<buffer","7074093",c(137356.444549529, 215129.433335304),"47902","2",NA,5.56363708519148
"gbif_data",NA,NA,NA,2024,2024-06-25,51.3264,4.93242,10,"Netebekken",7,NA,NA,NA,1,NA,NA,NA,NA,NA,NA,NA,NA,NA,NA,FALSE,"not linked",NA,c(189290.7757797, 224215.428259108),NA,NA,NA,NA
"gbif_data",NA,NA,NA,2024,2024-06-26,51.09384,5.11225,10,"Netebekken",11,1,NA,NA,NA,NA,NA,NA,NA,NA,NA,NA,NA,NA,NA,FALSE,"not linked",NA,c(202085.029082479, 198453.885352945),NA,NA,NA,NA
"gbif_data",NA,NA,NA,2024,2024-06-26,51.19872,2.92804,1,"Ijzerbekken",15,1,NA,NA,NA,NA,NA,NA,NA,NA,NA,NA,NA,NA,NA,FALSE,"not linked",NA,c(49302.4398290693, 210836.69721881),NA,NA,NA,NA
"gbif_data",NA,NA,NA,2024,2024-06-27,51.20286,3.09947,2,"Bekken van de Brugse Polders",30,1,NA,NA,NA,NA,NA,NA,NA,NA,NA,NA,NA,NA,NA,FALSE,"not linked",NA,c(61290.9977618119, 211078.675986567),NA,NA,NA,NA
"gbif_data",NA,NA,NA,2024,2024-06-28,51.08218,4.23529,4,"Benedenscheldebekken",10,NA,NA,NA,1,NA,NA,NA,NA,NA,NA,NA,NA,NA,NA,TRUE,"<buffer",NA,c(140647.657401278, 196903.778996309),NA,NA,"ANTBRM0183",12.1312977720848
"gbif_data",NA,NA,NA,2024,2024-06-29,50.82806,3.33155,5,"Leiebekken",8,NA,NA,NA,1,NA,NA,NA,NA,NA,NA,NA,NA,NA,NA,FALSE,"not linked",NA,c(76927.5980387244, 169135.734627683),NA,NA,NA,NA
"gbif_data",NA,NA,NA,2024,2024-06-30,50.98173,5.33448,9,"Demerbekken",6,NA,NA,1,NA,NA,NA,NA,NA,NA,NA,NA,NA,NA,NA,TRUE,"<buffer",NA,c(217814.763465298, 186162.337010616),NA,NA,"LIMZNH0233",3.36485632653426
"gbif_data",NA,NA,NA,2024,2024-07-01,51.15469,4.05282,3,"Bekken van de Gentse Kanalen",4,1,NA,NA,NA,NA,NA,NA,NA,NA,NA,NA,NA,NA,NA,TRUE,"<buffer","6030459",c(127895.740334387, 205009.046034833),"922","2",NA,13.4733080215899
"gbif_data",NA,NA,NA,2024,2024-07-01,51.26916,3.71132,3,"Bekken van de Gentse Kanalen",30,1,NA,NA,NA,NA,NA,NA,NA,NA,NA,NA,NA,NA,NA,TRUE,"<buffer","6019846",c(104116.073174896, 217900.208744899),"2801","0",NA,0.137715193307204
"gbif_data",NA,NA,NA,2024,2024-07-01,51.14608,3.76252,3,"Bekken van de Gentse Kanalen",30,1,NA,NA,NA,NA,NA,NA,NA,NA,NA,NA,NA,NA,NA,TRUE,"<buffer","6030763",c(107577.669579685, 204177.134194339),"167","2",NA,1.85200875558873
"gbif_data",NA,NA,NA,2024,2024-07-01,51.15469,4.05282,3,"Bekken van de Gentse Kanalen",4,1,NA,NA,NA,NA,NA,NA,NA,NA,NA,NA,NA,NA,NA,TRUE,"<buffer","6030459",c(127895.740334387, 205009.046034833),"922","2",NA,13.4733080215899
"gbif_data",NA,NA,NA,2024,2024-07-01,51.14562,3.76125,3,"Bekken van de Gentse Kanalen",5,1,NA,NA,NA,NA,NA,NA,NA,NA,NA,NA,NA,NA,NA,TRUE,"<buffer","6030763",c(107488.383162844, 204126.685734229),"167","2",NA,4.00142660870734
"gbif_data",NA,NA,NA,2024,2024-07-01,51.15468,4.05282,3,"Bekken van de Gentse Kanalen",10,1,NA,NA,NA,NA,NA,NA,NA,NA,NA,NA,NA,NA,NA,TRUE,"<buffer","6030459",c(127895.735611142, 205007.933526265),"922","2",NA,14.5670195595722
"gbif_data",NA,NA,NA,2024,2024-07-02,51.24589,4.18747,4,"Benedenscheldebekken",4,NA,NA,1,NA,NA,NA,NA,NA,NA,NA,NA,NA,NA,NA,TRUE,"<buffer","7074093",c(137341.068978393, 215123.907902464),"47902","2",NA,3.38691136821555
"gbif_data",NA,NA,NA,2024,2024-07-02,51.24609,4.18806,4,"Benedenscheldebekken",4,NA,NA,1,NA,NA,NA,NA,NA,NA,NA,NA,NA,NA,NA,TRUE,"<buffer","7074094",c(137382.321166354, 215146.058957715),"47902","2",NA,4.09002954849039
"gbif_data",NA,NA,NA,2024,2024-07-02,51.24635,4.1886,4,"Benedenscheldebekken",4,NA,NA,1,NA,NA,NA,NA,NA,NA,NA,NA,NA,NA,NA,TRUE,"<buffer","7074094",c(137420.097788044, 215174.89410815),"47902","2",NA,3.63975962353148
"gbif_data",NA,NA,NA,2024,2024-07-02,51.24562,4.18609,4,"Benedenscheldebekken",4,NA,NA,1,NA,NA,NA,NA,NA,NA,NA,NA,NA,NA,NA,TRUE,"<buffer","7074093",c(137244.633362261, 215094.104194111),"47902","2",NA,2.28164338918447
"gbif_data",NA,NA,NA,2024,2024-07-02,51.24646,4.18885,4,"Benedenscheldebekken",4,NA,NA,1,NA,NA,NA,NA,NA,NA,NA,NA,NA,NA,NA,TRUE,"<buffer","7074094",c(137437.584037861, 215187.090048568),"47902","2",NA,6.72238731348
"gbif_data",NA,NA,NA,2024,2024-07-02,51.24646,4.18883,4,"Benedenscheldebekken",4,NA,NA,1,NA,NA,NA,NA,NA,NA,NA,NA,NA,NA,NA,TRUE,"<buffer","7074094",c(137436.187504129, 215187.093419333),"47902","2",NA,5.71409894777509
"gbif_data",NA,NA,NA,2024,2024-07-02,51.24645,4.18881,4,"Benedenscheldebekken",4,NA,NA,1,NA,NA,NA,NA,NA,NA,NA,NA,NA,NA,NA,TRUE,"<buffer","7074094",c(137434.788284615, 215185.984235716),"47902","2",NA,5.47559106478638
"gbif_data",NA,NA,NA,2024,2024-07-02,51.24618,4.18824,4,"Benedenscheldebekken",4,NA,NA,1,NA,NA,NA,NA,NA,NA,NA,NA,NA,NA,NA,TRUE,"<buffer","7074094",c(137394.914318367, 215156.041495148),"47902","2",NA,3.04433502108802
"gbif_data",NA,NA,NA,2024,2024-07-02,51.24696,4.18942,4,"Benedenscheldebekken",4,NA,NA,1,NA,NA,NA,NA,NA,NA,NA,NA,NA,NA,NA,TRUE,"<buffer","7066952",c(137477.51908181, 215242.621884593),"65266","99",NA,1.21513322808379
"gbif_data",NA,NA,NA,2024,2024-07-02,51.12007,5.14489,10,"Netebekken",14,NA,NA,NA,1,NA,NA,NA,NA,NA,NA,NA,NA,NA,NA,TRUE,"<buffer",NA,c(204340.994087251, 201395.231408703),NA,NA,"ANTBAL0169",0
"gbif_data",NA,NA,NA,2024,2024-07-02,51.24736,4.18959,4,"Benedenscheldebekken",4,NA,NA,1,NA,NA,NA,NA,NA,NA,NA,NA,NA,NA,NA,TRUE,"<buffer","7074060",c(137489.496455323, 215287.095543715),"47902","2",NA,1.94623227204178
"gbif_data",NA,NA,NA,2024,2024-07-02,51.24559,4.18607,4,"Benedenscheldebekken",4,NA,NA,1,NA,NA,NA,NA,NA,NA,NA,NA,NA,NA,NA,TRUE,"<buffer","7074093",c(137243.228622969, 215090.769954008),"47902","2",NA,5.52219722259859
"gbif_data",NA,NA,NA,2024,2024-07-02,51.24561,4.18587,4,"Benedenscheldebekken",4,NA,NA,1,NA,NA,NA,NA,NA,NA,NA,NA,NA,NA,NA,TRUE,"<buffer","7074093",c(137229.268485924, 215093.029310626),"47902","2",NA,2.40013407677521
"gbif_data",NA,NA,NA,2024,2024-07-02,51.2472,4.18951,4,"Benedenscheldebekken",4,NA,NA,1,NA,NA,NA,NA,NA,NA,NA,NA,NA,NA,NA,TRUE,"<buffer","7074060",c(137483.86762341, 215269.308090688),"47902","2",NA,2.42973166255145
"gbif_data",NA,NA,NA,2024,2024-07-02,51.24609,4.18803,4,"Benedenscheldebekken",4,NA,NA,1,NA,NA,NA,NA,NA,NA,NA,NA,NA,NA,NA,TRUE,"<buffer","7074094",c(137380.226349179, 215146.064036329),"47902","2",NA,3.01688852769733
"gbif_data",NA,NA,NA,2024,2024-07-02,51.24569,4.18663,4,"Benedenscheldebekken",4,NA,NA,1,NA,NA,NA,NA,NA,NA,NA,NA,NA,NA,NA,TRUE,"<buffer","7074093",c(137282.359478735, 215101.799802669),"47902","2",NA,3.15351409926041
"gbif_data",NA,NA,NA,2024,2024-07-02,51.24564,4.18634,4,"Benedenscheldebekken",4,NA,NA,1,NA,NA,NA,NA,NA,NA,NA,NA,NA,NA,NA,TRUE,"<buffer","7074093",c(137262.095792643, 215096.286550243),"47902","2",NA,3.54132923937961
"gbif_data",NA,NA,NA,2024,2024-07-02,51.24645,4.18883,4,"Benedenscheldebekken",4,NA,NA,1,NA,NA,NA,NA,NA,NA,NA,NA,NA,NA,NA,TRUE,"<buffer","7074094",c(137436.184818645, 215185.980864575),"47902","2",NA,6.48387990669427
"gbif_data",NA,NA,NA,2024,2024-07-02,51.24638,4.18865,4,"Benedenscheldebekken",4,NA,NA,1,NA,NA,NA,NA,NA,NA,NA,NA,NA,NA,NA,TRUE,"<buffer","7074094",c(137423.597195134, 215178.223335248),"47902","2",NA,3.21340161412853
"gbif_data",NA,NA,NA,2024,2024-07-02,51.24569,4.18662,4,"Benedenscheldebekken",4,NA,NA,1,NA,NA,NA,NA,NA,NA,NA,NA,NA,NA,NA,TRUE,"<buffer","7074093",c(137281.661200383, 215101.80150891),"47902","2",NA,2.951714954003
"gbif_data",NA,NA,NA,2024,2024-07-02,51.0294,4.45932,8,"Dijle- en Zennebekken",8,NA,NA,NA,1,NA,NA,NA,NA,NA,NA,NA,NA,NA,NA,TRUE,"<buffer","6033224",c(156353.329352475, 191027.728760179),"18","0",NA,9.78042105090277
"gbif_data",NA,NA,NA,2024,2024-07-02,51.24735,4.18961,4,"Benedenscheldebekken",4,NA,NA,1,NA,NA,NA,NA,NA,NA,NA,NA,NA,NA,NA,TRUE,"<buffer","7074060",c(137490.890288321, 215285.979632121),"47902","2",NA,3.62790391823329
"gbif_data",NA,NA,NA,2024,2024-07-02,51.24589,4.18747,4,"Benedenscheldebekken",4,NA,NA,1,NA,NA,NA,NA,NA,NA,NA,NA,NA,NA,NA,TRUE,"<buffer","7074093",c(137341.068978393, 215123.907902464),"47902","2",NA,3.38691136821555
"gbif_data",NA,NA,NA,2024,2024-07-02,51.24583,4.18722,4,"Benedenscheldebekken",4,NA,NA,1,NA,NA,NA,NA,NA,NA,NA,NA,NA,NA,NA,TRUE,"<buffer","7074093",c(137323.595836441, 215117.275062408),"47902","2",NA,2.44516654413764
"gbif_data",NA,NA,NA,2024,2024-07-04,51.2349,3.3033,2,"Bekken van de Brugse Polders",5,1,NA,NA,NA,NA,NA,NA,NA,NA,NA,NA,NA,NA,NA,TRUE,"<buffer","7005704",c(75586.4782583849, 214419.073973775),"2129","99",NA,5.67309265288202
"gbif_data",NA,NA,NA,2024,2024-07-08,51.29201,5.14048,10,"Netebekken",3,NA,NA,NA,1,NA,NA,NA,NA,NA,NA,NA,NA,NA,NA,TRUE,"<buffer",NA,c(203833.2480469, 220520.002248723),NA,NA,"ANTMOL0092",0
"gbif_data",NA,NA,NA,2024,2024-07-09,51.29742,4.96576,10,"Netebekken",30,NA,NA,NA,1,NA,NA,NA,NA,NA,NA,NA,NA,NA,NA,TRUE,"<buffer",NA,c(191640.693998552, 221009.438657945),NA,NA,"ANTTUR0207",1.7183268026438
"gbif_data",NA,NA,NA,2024,2024-07-09,51.29202,4.54685,4,"Benedenscheldebekken",15,NA,NA,NA,1,NA,NA,NA,NA,NA,NA,NA,NA,NA,NA,FALSE,"not linked",NA,c(162423.381483903, 220255.866459185),NA,NA,NA,NA
"gbif_data",NA,NA,NA,2024,2024-07-10,51.106,4.02153,4,"Benedenscheldebekken",7,1,NA,NA,NA,NA,NA,NA,NA,NA,NA,NA,NA,NA,NA,TRUE,"<buffer",NA,c(125681.296342903, 199602.055893843),NA,NA,"OVLLOK0348",0
"gbif_data",NA,NA,NA,2024,2024-07-10,50.98333,4.09711,7,"Denderbekken",6,NA,NA,1,NA,NA,NA,NA,NA,NA,NA,NA,NA,NA,NA,TRUE,"<buffer","7013803",c(130924.874735139, 185933.401102147),"33001","3",NA,11.1186298053908
"gbif_data",NA,NA,NA,2024,2024-07-11,51.24701,4.18941,4,"Benedenscheldebekken",4,NA,NA,1,NA,NA,NA,NA,NA,NA,NA,NA,NA,NA,NA,TRUE,"<buffer","7074060",c(137476.834206394, 215248.186339628),"47902","2",NA,2.67354398966964
"gbif_data",NA,NA,NA,2024,2024-07-11,51.24571,4.18671,4,"Benedenscheldebekken",4,NA,NA,1,NA,NA,NA,NA,NA,NA,NA,NA,NA,NA,NA,TRUE,"<buffer","7074093",c(137287.951140061, 215104.011264822),"47902","2",NA,2.63773188264767
"gbif_data",NA,NA,NA,2024,2024-07-11,51.24574,4.18687,4,"Benedenscheldebekken",4,NA,NA,1,NA,NA,NA,NA,NA,NA,NA,NA,NA,NA,NA,TRUE,"<buffer","7074093",c(137299.131733521, 215107.3216529),"47902","2",NA,2.67123273457888
"gbif_data",NA,NA,NA,2024,2024-07-11,51.2461,4.18808,4,"Benedenscheldebekken",4,NA,NA,1,NA,NA,NA,NA,NA,NA,NA,NA,NA,NA,NA,TRUE,"<buffer","7074094",c(137383.72040786, 215147.168127012),"47902","2",NA,3.96428656309627
"gbif_data",NA,NA,NA,2024,2024-07-11,51.24589,4.18746,4,"Benedenscheldebekken",4,NA,NA,1,NA,NA,NA,NA,NA,NA,NA,NA,NA,NA,NA,TRUE,"<buffer","7074093",c(137340.370703018, 215123.909600801),"47902","2",NA,3.06381057530039
"gbif_data",NA,NA,NA,2024,2024-07-11,51.24564,4.18639,4,"Benedenscheldebekken",4,NA,NA,1,NA,NA,NA,NA,NA,NA,NA,NA,NA,NA,NA,TRUE,"<buffer","7074093",c(137265.587188121, 215096.278006805),"47902","2",NA,4.32113479600909
"gbif_data",NA,NA,NA,2024,2024-07-11,51.24617,4.18829,4,"Benedenscheldebekken",4,NA,NA,1,NA,NA,NA,NA,NA,NA,NA,NA,NA,NA,NA,TRUE,"<buffer","7074094",c(137398.402980032, 215154.920486534),"47902","2",NA,5.95242269577032
"gbif_data",NA,NA,NA,2024,2024-07-11,51.24735,4.1896,4,"Benedenscheldebekken",4,NA,NA,1,NA,NA,NA,NA,NA,NA,NA,NA,NA,NA,NA,TRUE,"<buffer","7074060",c(137490.192034773, 215285.981310277),"47902","2",NA,2.96732321982645
"gbif_data",NA,NA,NA,2024,2024-07-11,51.24645,4.18882,4,"Benedenscheldebekken",4,NA,NA,1,NA,NA,NA,NA,NA,NA,NA,NA,NA,NA,NA,TRUE,"<buffer","7074094",c(137435.48655163, 215185.982550099),"47902","2",NA,5.97973551819587
"gbif_data",NA,NA,NA,2024,2024-07-11,51.24646,4.18881,4,"Benedenscheldebekken",4,NA,NA,1,NA,NA,NA,NA,NA,NA,NA,NA,NA,NA,NA,TRUE,"<buffer","7074094",c(137434.790970399, 215187.096790472),"47902","2",NA,4.70581032306799
"gbif_data",NA,NA,NA,2024,2024-07-11,51.24561,4.1861,4,"Benedenscheldebekken",4,NA,NA,1,NA,NA,NA,NA,NA,NA,NA,NA,NA,NA,NA,TRUE,"<buffer","7074093",c(137245.328915261, 215092.989928597),"47902","2",NA,3.43695860487963
"gbif_data",NA,NA,NA,2024,2024-07-11,51.24561,4.18607,4,"Benedenscheldebekken",7,NA,NA,1,NA,NA,NA,NA,NA,NA,NA,NA,NA,NA,NA,TRUE,"<buffer","7074093",c(137243.234076645, 215092.995062563),"47902","2",NA,3.3017234375301
"gbif_data",NA,NA,NA,2024,2024-07-11,50.98231,5.3348,9,"Demerbekken",4,NA,NA,1,NA,NA,NA,NA,NA,NA,NA,NA,NA,NA,NA,TRUE,"<buffer",NA,c(217836.393053251, 186227.146300478),NA,NA,"LIMZNH0233",2.21341567478475
"gbif_data",NA,NA,NA,2024,2024-07-11,51.24723,4.18955,4,"Benedenscheldebekken",4,NA,NA,1,NA,NA,NA,NA,NA,NA,NA,NA,NA,NA,NA,TRUE,"<buffer","7074060",c(137486.668670675, 215272.63904059),"47902","2",NA,3.99053497997125
"gbif_data",NA,NA,NA,2024,2024-07-11,51.24562,4.18608,4,"Benedenscheldebekken",4,NA,NA,1,NA,NA,NA,NA,NA,NA,NA,NA,NA,NA,NA,TRUE,"<buffer","7074093",c(137243.935082872, 215094.105905434),"47902","2",NA,2.23656500844541
"gbif_data",NA,NA,NA,2024,2024-07-11,51.24563,4.18609,4,"Benedenscheldebekken",4,NA,NA,1,NA,NA,NA,NA,NA,NA,NA,NA,NA,NA,NA,TRUE,"<buffer","7074093",c(137244.636088799, 215095.216748399),"47902","2",NA,1.17140646780939
"gbif_data",NA,NA,NA,2024,2024-07-12,50.9355,5.66384,11,"Maasbekken",30,NA,NA,1,NA,NA,NA,NA,NA,NA,NA,NA,NA,NA,NA,TRUE,"<buffer",NA,c(241030.630613912, 181372.605154185),NA,NA,"LIMLNK0237",0
"gbif_data",NA,NA,NA,2024,2024-07-12,51.18165,4.65861,10,"Netebekken",13,NA,NA,1,NA,NA,NA,NA,NA,NA,NA,NA,NA,NA,NA,FALSE,"not linked",NA,c(170267.615458486, 208001.342326358),NA,NA,NA,NA
"gbif_data",NA,NA,NA,2024,2024-07-13,51.2822,4.39956,4,"Benedenscheldebekken",13,NA,NA,NA,1,NA,NA,NA,NA,NA,NA,NA,NA,NA,NA,TRUE,"<buffer",NA,c(152149.108975579, 219148.766499063),NA,NA,"ANTANT0297",0
"gbif_data",NA,NA,NA,2024,2024-07-13,51.2789,3.2947,2,"Bekken van de Brugse Polders",15,1,NA,NA,NA,NA,NA,NA,NA,NA,NA,NA,NA,NA,NA,FALSE,"not linked",NA,c(75056.6424811757, 219322.485783203),NA,NA,NA,NA
"gbif_data",NA,NA,NA,2024,2024-07-14,51.26861,4.80924,10,"Netebekken",7,NA,NA,1,NA,NA,NA,NA,NA,NA,NA,NA,NA,NA,NA,TRUE,"<buffer",NA,c(180742.654054111, 217727.793867849),NA,NA,"ANTLIL0282",3.01138119809325
"gbif_data",NA,NA,NA,2024,2024-07-14,51.2401,3.10724,2,"Bekken van de Brugse Polders",7,1,NA,NA,NA,NA,NA,NA,NA,NA,NA,NA,NA,NA,NA,FALSE,"not linked",NA,c(61904.3298176957, 215211.953963428),NA,NA,NA,NA
"gbif_data",NA,NA,NA,2024,2024-07-14,51.21999,3.34239,2,"Bekken van de Brugse Polders",4,1,NA,NA,NA,NA,NA,NA,NA,NA,NA,NA,NA,NA,NA,FALSE,"not linked",NA,c(78293.5045699124, 212721.989981722),NA,NA,NA,NA
"gbif_data",NA,NA,NA,2024,2024-07-15,50.9874,4.51219,8,"Dijle- en Zennebekken",21,1,NA,NA,NA,NA,NA,NA,NA,NA,NA,NA,NA,NA,NA,FALSE,"not linked",NA,c(160071.33627395, 186361.276808236),NA,NA,NA,NA
"gbif_data",NA,NA,NA,2024,2024-07-15,50.98557,4.51605,8,"Dijle- en Zennebekken",39,1,NA,NA,NA,NA,NA,NA,NA,NA,NA,NA,NA,NA,NA,FALSE,"not linked",NA,c(160342.771548974, 186158.231282126),NA,NA,NA,NA
"gbif_data",NA,NA,NA,2024,2024-07-16,51.24575,4.18687,4,"Benedenscheldebekken",4,NA,NA,1,NA,NA,NA,NA,NA,NA,NA,NA,NA,NA,NA,TRUE,"<buffer","7074093",c(137299.134448373, 215108.434207271),"47902","2",NA,1.60614595542517
"gbif_data",NA,NA,NA,2024,2024-07-16,51.24576,4.18698,4,"Benedenscheldebekken",4,NA,NA,1,NA,NA,NA,NA,NA,NA,NA,NA,NA,NA,NA,TRUE,"<buffer","7074093",c(137306.81821364, 215109.528024063),"47902","2",NA,3.24198227956203
"gbif_data",NA,NA,NA,2024,2024-07-16,51.24561,4.18599,4,"Benedenscheldebekken",7,NA,NA,1,NA,NA,NA,NA,NA,NA,NA,NA,NA,NA,NA,TRUE,"<buffer","7074093",c(137237.647840346, 215093.008757275),"47902","2",NA,2.94109219719508
"gbif_data",NA,NA,NA,2024,2024-07-16,51.24668,4.18913,4,"Benedenscheldebekken",4,NA,NA,1,NA,NA,NA,NA,NA,NA,NA,NA,NA,NA,NA,TRUE,"<buffer","7074094",c(137457.194491967, 215211.519103422),"47902","2",NA,5.38637383105471
"gbif_data",NA,NA,NA,2024,2024-07-16,51.24645,4.18883,4,"Benedenscheldebekken",4,NA,NA,1,NA,NA,NA,NA,NA,NA,NA,NA,NA,NA,NA,TRUE,"<buffer","7074094",c(137436.184818645, 215185.980864575),"47902","2",NA,6.48387990669427
"gbif_data",NA,NA,NA,2024,2024-07-16,51.24657,4.18897,4,"Benedenscheldebekken",4,NA,NA,NA,1,NA,NA,NA,NA,NA,NA,NA,NA,NA,NA,TRUE,"<buffer","7074094",c(137445.992757524, 215199.307934578),"47902","2",NA,4.30450462229428
"gbif_data",NA,NA,NA,2024,2024-07-16,51.24618,4.18826,4,"Benedenscheldebekken",4,NA,NA,1,NA,NA,NA,NA,NA,NA,NA,NA,NA,NA,NA,TRUE,"<buffer","7074094",c(137396.310860462, 215156.038113265),"47902","2",NA,3.84236105349485
"gbif_data",NA,NA,NA,2024,2024-07-16,51.24721,4.18955,4,"Benedenscheldebekken",4,NA,NA,1,NA,NA,NA,NA,NA,NA,NA,NA,NA,NA,NA,TRUE,"<buffer","7074060",c(137486.663321281, 215270.41393034),"47902","2",NA,4.71155424446718
"gbif_data",NA,NA,NA,2024,2024-07-16,51.24564,4.18633,4,"Benedenscheldebekken",4,NA,NA,1,NA,NA,NA,NA,NA,NA,NA,NA,NA,NA,NA,TRUE,"<buffer","7074093",c(137261.397513548, 215096.288259211),"47902","2",NA,3.38536785515317
"gbif_data",NA,NA,NA,2024,2024-07-16,51.247,4.18942,4,"Benedenscheldebekken",4,NA,NA,1,NA,NA,NA,NA,NA,NA,NA,NA,NA,NA,NA,TRUE,"<buffer","7066952",c(137477.529788388, 215247.072104648),"65266","99",NA,2.8533365292853
"gbif_data",NA,NA,NA,2024,2024-07-16,51.24617,4.18827,4,"Benedenscheldebekken",4,NA,NA,1,NA,NA,NA,NA,NA,NA,NA,NA,NA,NA,NA,TRUE,"<buffer","7074094",c(137397.006437636, 215154.923867853),"47902","2",NA,5.15439695509202
"gbif_data",NA,NA,NA,2024,2024-07-16,51.246,4.18781,4,"Benedenscheldebekken",4,NA,NA,1,NA,NA,NA,NA,NA,NA,NA,NA,NA,NA,NA,TRUE,"<buffer","7074093",c(137364.840049721, 215136.088314518),"47902","2",NA,3.74642835648071
"gbif_data",NA,NA,NA,2024,2024-07-16,51.24561,4.1859,4,"Benedenscheldebekken",7,NA,NA,1,NA,NA,NA,NA,NA,NA,NA,NA,NA,NA,NA,TRUE,"<buffer","7074093",c(137231.363324526, 215093.02417102),"47902","2",NA,2.53537487246082
"gbif_data",NA,NA,NA,2024,2024-07-16,51.24587,4.18747,4,"Benedenscheldebekken",4,NA,NA,1,NA,NA,NA,NA,NA,NA,NA,NA,NA,NA,NA,TRUE,"<buffer","7074093",c(137341.06356667, 215121.68279356),"47902","2",NA,5.35949651854782
"gbif_data",NA,NA,NA,2024,2024-07-16,51.2461,4.18808,4,"Benedenscheldebekken",4,NA,NA,1,NA,NA,NA,NA,NA,NA,NA,NA,NA,NA,NA,TRUE,"<buffer","7074094",c(137383.72040786, 215147.168127012),"47902","2",NA,3.96428656309627
"gbif_data",NA,NA,NA,2024,2024-07-16,51.2461,4.18807,4,"Benedenscheldebekken",4,NA,NA,1,NA,NA,NA,NA,NA,NA,NA,NA,NA,NA,NA,TRUE,"<buffer","7074094",c(137383.022135618, 215147.1698196),"47902","2",NA,3.56527151261019
"gbif_data",NA,NA,NA,2024,2024-07-16,51.2461,4.1881,4,"Benedenscheldebekken",4,NA,NA,1,NA,NA,NA,NA,NA,NA,NA,NA,NA,NA,NA,TRUE,"<buffer","7074094",c(137385.116952346, 215147.164742115),"47902","2",NA,4.76231643396085
"gbif_data",NA,NA,NA,2024,2024-07-16,51.24676,4.18926,4,"Benedenscheldebekken",4,NA,NA,1,NA,NA,NA,NA,NA,NA,NA,NA,NA,NA,NA,TRUE,"<buffer","7074094",c(137466.293350808, 215220.397676094),"47902","2",NA,7.15917967520135
"gbif_data",NA,NA,NA,2024,2024-07-16,51.24637,4.18868,4,"Benedenscheldebekken",4,NA,NA,1,NA,NA,NA,NA,NA,NA,NA,NA,NA,NA,NA,TRUE,"<buffer","7074094",c(137425.689311584, 215177.105719437),"47902","2",NA,5.3905650180276
"gbif_data",NA,NA,NA,2024,2024-07-16,51.24644,4.18881,4,"Benedenscheldebekken",4,NA,NA,1,NA,NA,NA,NA,NA,NA,NA,NA,NA,NA,NA,TRUE,"<buffer","7074094",c(137434.78559883, 215184.871680962),"47902","2",NA,6.24537180523373
"gbif_data",NA,NA,NA,2024,2024-07-16,51.24582,4.18723,4,"Benedenscheldebekken",4,NA,NA,1,NA,NA,NA,NA,NA,NA,NA,NA,NA,NA,NA,TRUE,"<buffer","7074093",c(137324.291403252, 215116.160807393),"47902","2",NA,3.74007635455731
"gbif_data",NA,NA,NA,2024,2024-07-16,51.24561,4.18606,4,"Benedenscheldebekken",4,NA,NA,1,NA,NA,NA,NA,NA,NA,NA,NA,NA,NA,NA,TRUE,"<buffer","7074093",c(137242.535797107, 215092.996774074),"47902","2",NA,3.2566448597394
"gbif_data",NA,NA,NA,2024,2024-07-16,51.27852,3.55149,3,"Bekken van de Gentse Kanalen",16,1,NA,NA,NA,NA,NA,NA,NA,NA,NA,NA,NA,NA,NA,FALSE,"not linked",NA,c(92973.0814029873, 219052.178815615),NA,NA,NA,NA
"gbif_data",NA,NA,NA,2024,2024-07-16,50.93518,5.66446,11,"Maasbekken",8,NA,NA,1,NA,NA,NA,NA,NA,NA,NA,NA,NA,NA,NA,FALSE,"not linked",NA,c(241074.827006063, 181337.7733114),NA,NA,NA,NA
"gbif_data",NA,NA,NA,2024,2024-07-17,51.26844,4.80972,10,"Netebekken",3,NA,NA,1,NA,NA,NA,NA,NA,NA,NA,NA,NA,NA,NA,TRUE,"<buffer",NA,c(180776.266942086, 217709.079707449),NA,NA,"ANTLIL0342",2.11090219732579
"gbif_data",NA,NA,NA,2024,2024-07-18,51.03755,3.96616,4,"Benedenscheldebekken",1,NA,NA,NA,1,NA,NA,NA,NA,NA,NA,NA,NA,NA,NA,TRUE,"<buffer",NA,c(121762.160829021, 192006.748102432),NA,NA,"OVLBLE0077",0.27764636882211
"gbif_data",NA,NA,NA,2024,2024-07-18,51.29243,3.11875,2,"Bekken van de Brugse Polders",4,1,NA,NA,NA,NA,NA,NA,NA,NA,NA,NA,NA,NA,NA,TRUE,"<buffer","6019241",c(62805.9856232071, 221019.605794135),"2256","2",NA,1.20183752775136
"gbif_data",NA,NA,NA,2024,2024-07-18,51.10728,3.99445,3,"Bekken van de Gentse Kanalen",19,1,NA,NA,NA,NA,NA,NA,NA,NA,NA,NA,NA,NA,NA,TRUE,"<buffer",NA,c(123785.42391236, 199753.651219982),NA,NA,"OVLLOK0248",9.2779987807457
"gbif_data",NA,NA,NA,2024,2024-07-19,51.15892,5.80139,11,"Maasbekken",12,NA,NA,NA,1,NA,NA,NA,NA,NA,NA,NA,NA,NA,NA,TRUE,"<buffer","28711",c(250218.009358686, 206400.613611097),"9522","1",NA,0.36462770408035
"gbif_data",NA,NA,NA,2024,2024-07-19,51.1464,4.45836,4,"Benedenscheldebekken",30,1,NA,NA,NA,NA,NA,NA,NA,NA,NA,NA,NA,NA,NA,FALSE,"not linked",NA,c(156270.15397715, 204043.79298645),NA,NA,NA,NA
"gbif_data",NA,NA,NA,2024,2024-07-20,51.15906,5.80176,11,"Maasbekken",8,NA,NA,NA,1,NA,NA,NA,NA,NA,NA,NA,NA,NA,NA,TRUE,"<buffer","28711",c(250243.58829973, 206416.685695927),"9522","1",NA,3.51827681669256
"gbif_data",NA,NA,NA,2024,2024-07-21,51.00591,4.52682,8,"Dijle- en Zennebekken",4,1,NA,NA,NA,NA,NA,NA,NA,NA,NA,NA,NA,NA,NA,TRUE,"<buffer","6020995",c(161094.177437125, 188422.526229587),"6560","1",NA,0.545017983791197
"gbif_data",NA,NA,NA,2024,2024-07-21,50.991032,4.519534,8,"Dijle- en Zennebekken",8,1,NA,NA,NA,NA,NA,NA,NA,NA,NA,NA,NA,NA,NA,FALSE,"not linked",NA,c(160586.170256154, 186766.346024845),NA,NA,NA,NA
"gbif_data",NA,NA,NA,2024,2024-07-22,51.01968,3.81593,4,"Benedenscheldebekken",5,NA,NA,NA,1,NA,NA,NA,NA,NA,NA,NA,NA,NA,NA,TRUE,"<buffer",NA,c(111210.480741493, 190086.513980915),NA,NA,"OVLDSB0107",6.21928644419917
"gbif_data",NA,NA,NA,2024,2024-07-22,50.98602,4.5201,8,"Dijle- en Zennebekken",12,1,NA,NA,NA,NA,NA,NA,NA,NA,NA,NA,NA,NA,NA,FALSE,"not linked",NA,c(160627.050477986, 186208.866141428),NA,NA,NA,NA
"gbif_data",NA,NA,NA,2024,2024-07-23,50.80265,3.75573,6,"Bovenscheldebekken",15,NA,NA,NA,1,NA,NA,NA,NA,NA,NA,NA,NA,NA,NA,TRUE,"<buffer",NA,c(106787.478436048, 165977.417933332),NA,NA,"OVLBRK0099",0
"gbif_data",NA,NA,NA,2024,2024-07-23,51.24635,4.18863,4,"Benedenscheldebekken",4,NA,NA,1,NA,NA,NA,NA,NA,NA,NA,NA,NA,NA,NA,TRUE,"<buffer","7074094",c(137422.192593571, 215174.889045645),"47902","2",NA,4.94800338293853
"gbif_data",NA,NA,NA,2024,2024-07-23,51.24697,4.18942,4,"Benedenscheldebekken",4,NA,NA,1,NA,NA,NA,NA,NA,NA,NA,NA,NA,NA,NA,TRUE,"<buffer","7066952",c(137477.521758455, 215243.7344396),"65266","99",NA,0.198015794491414
"gbif_data",NA,NA,NA,2024,2024-07-23,51.24594,4.1877,4,"Benedenscheldebekken",4,NA,NA,1,NA,NA,NA,NA,NA,NA,NA,NA,NA,NA,NA,TRUE,"<buffer","7074093",c(137357.14282416, 215129.431639136),"47902","2",NA,5.8867356109719
"gbif_data",NA,NA,NA,2024,2024-07-23,51.24561,4.18605,4,"Benedenscheldebekken",4,NA,NA,1,NA,NA,NA,NA,NA,NA,NA,NA,NA,NA,NA,TRUE,"<buffer","7074093",c(137241.837517569, 215092.998485678),"47902","2",NA,3.21156618902157
"gbif_data",NA,NA,NA,2024,2024-07-23,51.25288,3.76003,3,"Bekken van de Gentse Kanalen",9,1,NA,NA,NA,NA,NA,NA,NA,NA,NA,NA,NA,NA,NA,TRUE,"<buffer","7068847",c(107500.728943545, 216060.061199018),"66109","99",NA,2.58366957071437
"gbif_data",NA,NA,NA,2024,2024-07-23,51.24609,4.18805,4,"Benedenscheldebekken",4,NA,NA,1,NA,NA,NA,NA,NA,NA,NA,NA,NA,NA,NA,TRUE,"<buffer","7074094",c(137381.622893962, 215146.06065049),"47902","2",NA,3.73231595727589
"gbif_data",NA,NA,NA,2024,2024-07-23,51.24611,4.1881,4,"Benedenscheldebekken",4,NA,NA,1,NA,NA,NA,NA,NA,NA,NA,NA,NA,NA,NA,TRUE,"<buffer","7074094",c(137385.119648768, 215148.277296692),"47902","2",NA,3.84929491163908
"gbif_data",NA,NA,NA,2024,2024-07-23,51.24618,4.18828,4,"Benedenscheldebekken",4,NA,NA,1,NA,NA,NA,NA,NA,NA,NA,NA,NA,NA,NA,TRUE,"<buffer","7074094",c(137397.707402559, 215156.03473176),"47902","2",NA,4.64038677635626
"gbif_data",NA,NA,NA,2024,2024-07-23,51.2456,4.18585,4,"Benedenscheldebekken",4,NA,NA,1,NA,NA,NA,NA,NA,NA,NA,NA,NA,NA,NA,TRUE,"<buffer","7074093",c(137227.869196723, 215091.920183232),"47902","2",NA,3.42020975578101
"gbif_data",NA,NA,NA,2024,2024-07-23,51.24637,4.18865,4,"Benedenscheldebekken",4,NA,NA,1,NA,NA,NA,NA,NA,NA,NA,NA,NA,NA,NA,TRUE,"<buffer","7074094",c(137423.594506953, 215177.110780532),"47902","2",NA,4.08232292020569
"gbif_data",NA,NA,NA,2024,2024-07-23,51.24647,4.18889,4,"Benedenscheldebekken",7,NA,NA,1,NA,NA,NA,NA,NA,NA,NA,NA,NA,NA,NA,TRUE,"<buffer","7074094",c(137440.379789913, 215188.195862935),"47902","2",NA,7.96918165083875
"gbif_data",NA,NA,NA,2024,2024-07-23,51.2456,4.18609,4,"Benedenscheldebekken",4,NA,NA,1,NA,NA,NA,NA,NA,NA,NA,NA,NA,NA,NA,TRUE,"<buffer","7074093",c(137244.627909184, 215091.879085545),"47902","2",NA,4.50211722263396
"gbif_data",NA,NA,NA,2024,2024-07-23,51.14602,4.04749,3,"Bekken van de Gentse Kanalen",3,1,NA,NA,NA,NA,NA,NA,NA,NA,NA,NA,NA,NA,NA,FALSE,"not linked",NA,c(127518.669261284, 204046.09954107),NA,NA,NA,NA
"gbif_data",NA,NA,NA,2024,2024-07-24,51.15108,3.9243,3,"Bekken van de Gentse Kanalen",5,1,NA,NA,NA,NA,NA,NA,NA,NA,NA,NA,NA,NA,NA,TRUE,"<buffer","6019537",c(118901.635160546, 204653.391196241),"26","1",NA,7.45313586020449
"gbif_data",NA,NA,NA,2024,2024-07-25,51.26025,3.58306,3,"Bekken van de Gentse Kanalen",4,1,NA,NA,NA,NA,NA,NA,NA,NA,NA,NA,NA,NA,NA,TRUE,"<buffer","7068122",c(95154.3823185254, 216995.872859413),"2814","2",NA,2.80093031004395
"gbif_data",NA,NA,NA,2024,2024-07-25,51.14611,5.14125,10,"Netebekken",1,NA,NA,NA,1,NA,NA,NA,NA,NA,NA,NA,NA,NA,NA,TRUE,"<buffer",NA,c(204055.982740968, 204289.3900044),NA,NA,"ANTBAL0194",2.664584008788
"gbif_data",NA,NA,NA,2024,2024-07-26,50.79278,3.91407,7,"Denderbekken",15,1,NA,NA,NA,NA,NA,NA,NA,NA,NA,NA,NA,NA,NA,TRUE,"<buffer",NA,c(117942.150892129, 164799.361187011),NA,NA,"OVLGER0176",0
"gbif_data",NA,NA,NA,2024,2024-07-26,51.14607,5.14124,10,"Netebekken",5,NA,NA,NA,1,NA,NA,NA,NA,NA,NA,NA,NA,NA,NA,TRUE,"<buffer",NA,c(204055.329343939, 204284.932898292),NA,NA,"ANTBAL0194",6.75859063269139
"gbif_data",NA,NA,NA,2024,2024-07-26,51.07588,4.96829,10,"Netebekken",60,1,NA,NA,NA,NA,NA,NA,NA,NA,NA,NA,NA,NA,NA,TRUE,"<buffer",NA,c(192016.395526921, 196364.615932131),NA,NA,"ANTLKD0082",0
"gbif_data",NA,NA,NA,2024,2024-07-27,51.22076,5.09427,10,"Netebekken",5,NA,NA,NA,1,NA,NA,NA,NA,NA,NA,NA,NA,NA,NA,TRUE,"<buffer",NA,c(200687.393498279, 212560.842556926),NA,NA,"ANTMOL0060",1.5066005986236
"gbif_data",NA,NA,NA,2024,2024-07-28,50.98395,5.33492,9,"Demerbekken",5,NA,NA,1,NA,NA,NA,NA,NA,NA,NA,NA,NA,NA,NA,TRUE,"<buffer",NA,c(217842.443475407, 186409.68281451),NA,NA,"LIMZNH0189",2.01553106892586
"gbif_data",NA,NA,NA,2024,2024-07-28,51.14853,4.0245,3,"Bekken van de Gentse Kanalen",5,1,NA,NA,NA,NA,NA,NA,NA,NA,NA,NA,NA,NA,NA,FALSE,"not linked",NA,c(125911.19739044, 204332.532635762),NA,NA,NA,NA
"gbif_data",NA,NA,NA,2024,2024-07-28,51.2204,3.04369,2,"Bekken van de Brugse Polders",4,1,NA,NA,NA,NA,NA,NA,NA,NA,NA,NA,NA,NA,NA,FALSE,"not linked",NA,c(57427.8084226187, 213097.833583476),NA,NA,NA,NA
"gbif_data",NA,NA,NA,2024,2024-07-28,50.96198,4.72884,9,"Demerbekken",24,NA,NA,NA,1,NA,NA,NA,NA,NA,NA,NA,NA,NA,NA,FALSE,"not linked",NA,c(175297.071491366, 183585.183490391),NA,NA,NA,NA
"gbif_data",NA,NA,NA,2024,2024-07-29,51.21576,3.92292,3,"Bekken van de Gentse Kanalen",7,NA,NA,NA,NA,NA,NA,1,NA,NA,NA,NA,NA,NA,NA,TRUE,"<buffer","4201142",c(118848.217480908, 211849.688190497),"2820","2",NA,2.34871553969835
"gbif_data",NA,NA,NA,2024,2024-07-29,51.14496,5.12887,10,"Netebekken",2,NA,NA,NA,1,NA,NA,NA,NA,NA,NA,NA,NA,NA,NA,TRUE,"<buffer",NA,c(203191.021440027, 204152.508803096),NA,NA,"ANTBAL0065",2.35184794514779
"gbif_data",NA,NA,NA,2024,2024-07-30,51.02025,5.7524,11,"Maasbekken",4,NA,NA,NA,1,NA,NA,NA,NA,NA,NA,NA,NA,NA,NA,TRUE,"<buffer",NA,c(247078.982463108, 190911.331997502),NA,NA,"LIMDST0154",0
"gbif_data",NA,NA,NA,2024,2024-07-31,51.10688,5.81243,11,"Maasbekken",4,1,NA,NA,NA,NA,NA,NA,NA,NA,NA,NA,NA,NA,NA,TRUE,"<buffer","7036594",c(251102.81392548, 200627.172784765),"48019","9",NA,2.96331139042484
"gbif_data",NA,NA,NA,2024,2024-07-31,51.00186,3.72387,6,"Bovenscheldebekken",7,NA,NA,NA,1,NA,NA,NA,NA,NA,NA,NA,NA,NA,NA,TRUE,"GRB/2 + buffer","6021439",c(104733.948276576, 188156.21691977),"1","0",NA,24.776038848078
"gbif_data",NA,NA,NA,2024,2024-07-31,50.8938,4.72732,8,"Dijle- en Zennebekken",1,NA,1,NA,NA,NA,NA,NA,NA,NA,NA,NA,NA,NA,NA,FALSE,"not linked",NA,c(175226.984955984, 176000.181374898),NA,NA,NA,NA
"gbif_data",NA,NA,NA,2024,2024-08-01,51.34786,4.42786,4,"Benedenscheldebekken",3,NA,NA,NA,1,NA,NA,NA,NA,NA,NA,NA,NA,NA,NA,TRUE,"<buffer",NA,c(154117.810395825, 226455.240193311),NA,NA,"ANTKAP0220",1.6262406034656
"gbif_data",NA,NA,NA,2024,2024-08-01,51.30264,4.53872,4,"Benedenscheldebekken",10,NA,NA,NA,1,NA,NA,NA,NA,NA,NA,NA,NA,NA,NA,TRUE,"<buffer",NA,c(161853.529680026, 221436.089910411),NA,NA,"ANTBRS0068",2.0910506026333
"gbif_data",NA,NA,NA,2024,2024-08-01,51.24567,4.1866,4,"Benedenscheldebekken",7,NA,NA,1,NA,NA,NA,NA,NA,NA,NA,NA,NA,NA,NA,TRUE,"<buffer","7074093",c(137280.259205884, 215099.579813006),"47902","2",NA,4.6782875619126
"gbif_data",NA,NA,NA,2024,2024-08-01,51.24581,4.18717,4,"Benedenscheldebekken",7,NA,NA,1,NA,NA,NA,NA,NA,NA,NA,NA,NA,NA,NA,TRUE,"<buffer","7074093",c(137320.099034388, 215115.058457951),"47902","2",NA,3.16812554611307
"gbif_data",NA,NA,NA,2024,2024-08-01,51.24561,4.18594,4,"Benedenscheldebekken",7,NA,NA,1,NA,NA,NA,NA,NA,NA,NA,NA,NA,NA,NA,TRUE,"<buffer","7074093",c(137234.156442666, 215093.017319527),"47902","2",NA,2.7156946214162
"gbif_data",NA,NA,NA,2024,2024-08-01,51.24591,4.1875,4,"Benedenscheldebekken",7,NA,NA,1,NA,NA,NA,NA,NA,NA,NA,NA,NA,NA,NA,TRUE,"<buffer","7074093",c(137343.169215344, 215126.127916955),"47902","2",NA,2.38362765419678
"gbif_data",NA,NA,NA,2024,2024-08-01,51.24732,4.18959,4,"Benedenscheldebekken",7,NA,NA,1,NA,NA,NA,NA,NA,NA,NA,NA,NA,NA,NA,TRUE,"<buffer","7074060",c(137489.485758933, 215282.645322994),"47902","2",NA,3.38827313851338
"gbif_data",NA,NA,NA,2024,2024-08-01,51.2473,4.18958,4,"Benedenscheldebekken",7,NA,NA,1,NA,NA,NA,NA,NA,NA,NA,NA,NA,NA,NA,TRUE,"<buffer","7074060",c(137488.782156441, 215280.421891006),"47902","2",NA,3.4487120954132
"gbif_data",NA,NA,NA,2024,2024-08-01,51.24597,4.18776,4,"Benedenscheldebekken",7,NA,NA,1,NA,NA,NA,NA,NA,NA,NA,NA,NA,NA,NA,TRUE,"<buffer","7074093",c(137361.340576501, 215132.759127589),"47902","2",NA,4.86644116915535
"gbif_data",NA,NA,NA,2024,2024-08-01,51.24562,4.18612,4,"Benedenscheldebekken",7,NA,NA,NA,1,NA,NA,NA,NA,NA,NA,NA,NA,NA,NA,TRUE,"<buffer","7074093",c(137246.728200429, 215094.099060711),"47902","2",NA,2.41687796448752
"gbif_data",NA,NA,NA,2024,2024-08-01,51.24591,4.18746,4,"Benedenscheldebekken",7,NA,NA,1,NA,NA,NA,NA,NA,NA,NA,NA,NA,NA,NA,TRUE,"<buffer","7074093",c(137340.376115041, 215126.134709725),"47902","2",NA,1.09122554561433
"gbif_data",NA,NA,NA,2024,2024-08-01,51.24583,4.18725,4,"Benedenscheldebekken",7,NA,NA,1,NA,NA,NA,NA,NA,NA,NA,NA,NA,NA,NA,TRUE,"<buffer","7074093",c(137325.690665247, 215117.269960911),"47902","2",NA,3.24524855059659
"gbif_data",NA,NA,NA,2024,2024-08-02,51.33363,4.86308,10,"Netebekken",4,NA,NA,NA,1,NA,NA,NA,NA,NA,NA,NA,NA,NA,NA,TRUE,"<buffer","7023459",c(184452.044842656, 224985.336946445),"8610","9",NA,2.28702078505506
"gbif_data",NA,NA,NA,2024,2024-08-02,50.98275,5.33477,9,"Demerbekken",4,NA,NA,1,NA,NA,NA,NA,NA,NA,NA,NA,NA,NA,NA,TRUE,"<buffer",NA,c(217833.649298819, 186276.062639734),NA,NA,"LIMZNH0205",0.156472480558602
"gbif_data",NA,NA,NA,2024,2024-08-02,50.98591,5.34898,9,"Demerbekken",4,NA,NA,1,NA,NA,NA,NA,NA,NA,NA,NA,NA,NA,NA,TRUE,"<buffer",NA,c(218826.774369378, 186640.653737571),NA,NA,"LIMZNH0499",14.5518824707206
"gbif_data",NA,NA,NA,2024,2024-08-02,50.98249,5.33491,9,"Demerbekken",8,NA,NA,1,NA,NA,NA,NA,NA,NA,NA,NA,NA,NA,NA,TRUE,"<buffer",NA,c(217843.856160261, 186247.269323125),NA,NA,"LIMZNH0141",0
"gbif_data",NA,NA,NA,2024,2024-08-02,51.09488,4.04428,4,"Benedenscheldebekken",1,1,NA,NA,NA,NA,NA,NA,NA,NA,NA,NA,NA,NA,NA,TRUE,"GRB/2 + buffer","6025549",c(127269.235223294, 198357.779366721),"3102","0",NA,16.1254075530998
"gbif_data",NA,NA,NA,2024,2024-08-02,51.2077,3.03201,2,"Bekken van de Brugse Polders",4,1,NA,NA,NA,NA,NA,NA,NA,NA,NA,NA,NA,NA,NA,FALSE,"not linked",NA,c(56586.4830791599, 211699.750265878),NA,NA,NA,NA
"gbif_data",NA,NA,NA,2024,2024-08-02,51.0023,5.32039,9,"Demerbekken",30,NA,NA,1,NA,NA,NA,NA,NA,NA,NA,NA,NA,NA,NA,FALSE,"not linked",NA,c(216796.047839876, 188437.686877458),NA,NA,NA,NA
"gbif_data",NA,NA,NA,2024,2024-08-02,51.07747,4.9693,10,"Netebekken",15,1,NA,NA,NA,NA,NA,NA,NA,NA,NA,NA,NA,NA,NA,FALSE,"not linked",NA,c(192085.744228013, 196542.068311375),NA,NA,NA,NA
"gbif_data",NA,NA,NA,2024,2024-08-03,50.985,5.33255,9,"Demerbekken",10,NA,NA,1,NA,NA,NA,NA,NA,NA,NA,NA,NA,NA,NA,TRUE,"<buffer",NA,c(217674.518415562, 186524.316230066),NA,NA,"LIMZNH0206",12.2773736360615
"gbif_data",NA,NA,NA,2024,2024-08-03,50.985,5.33255,9,"Demerbekken",10,NA,NA,1,NA,NA,NA,NA,NA,NA,NA,NA,NA,NA,NA,TRUE,"<buffer",NA,c(217674.518415562, 186524.316230066),NA,NA,"LIMZNH0206",12.2773736360615
"gbif_data",NA,NA,NA,2024,2024-08-03,51.0892,4.24076,4,"Benedenscheldebekken",15,NA,NA,NA,1,NA,NA,NA,NA,NA,NA,NA,NA,NA,NA,TRUE,"<buffer",NA,c(141032.295232508, 197684.075197007),NA,NA,"ANTBRM0334",0
"gbif_data",NA,NA,NA,2024,2024-08-04,50.89234,4.723,8,"Dijle- en Zennebekken",7,NA,1,NA,NA,NA,NA,NA,NA,NA,NA,NA,NA,NA,NA,FALSE,"not linked",NA,c(174923.830060178, 175836.307890414),NA,NA,NA,NA
"gbif_data",NA,NA,NA,2024,2024-08-05,51.10793,5.82224,11,"Maasbekken",30,NA,NA,NA,1,NA,NA,NA,NA,NA,NA,NA,NA,NA,NA,TRUE,"<buffer","6e+06",c(251787.449020859, 200757.372207803),"9501","0",NA,0.414041397267692
"gbif_data",NA,NA,NA,2024,2024-08-05,50.89264,4.72198,8,"Dijle- en Zennebekken",4,NA,1,NA,NA,NA,NA,NA,NA,NA,NA,NA,NA,NA,NA,FALSE,"not linked",NA,c(174851.907199658, 175869.337615298),NA,NA,NA,NA
"gbif_data",NA,NA,NA,2024,2024-08-06,51.24696,4.18943,4,"Benedenscheldebekken",4,NA,NA,1,NA,NA,NA,NA,NA,NA,NA,NA,NA,NA,NA,TRUE,"<buffer","7066952",c(137478.217341198, 215242.620204728),"65266","99",NA,0.932177097162409
"gbif_data",NA,NA,NA,2024,2024-08-06,51.24616,4.18822,4,"Benedenscheldebekken",4,NA,NA,1,NA,NA,NA,NA,NA,NA,NA,NA,NA,NA,NA,TRUE,"<buffer","7074094",c(137393.512387024, 215153.819768188),"47902","2",NA,4.07235382571296
"gbif_data",NA,NA,NA,2024,2024-08-06,51.24594,4.18769,4,"Benedenscheldebekken",7,NA,NA,NA,1,NA,NA,NA,NA,NA,NA,NA,NA,NA,NA,TRUE,"<buffer","7074093",c(137356.444549529, 215129.433335304),"47902","2",NA,5.56363708519148
"gbif_data",NA,NA,NA,2024,2024-08-06,51.2467,4.18917,4,"Benedenscheldebekken",4,NA,NA,1,NA,NA,NA,NA,NA,NA,NA,NA,NA,NA,NA,TRUE,"<buffer","7074094",c(137459.992907053, 215213.737483336),"47902","2",NA,6.23592194290635
"gbif_data",NA,NA,NA,2024,2024-08-06,51.24561,4.18599,4,"Benedenscheldebekken",4,NA,NA,1,NA,NA,NA,NA,NA,NA,NA,NA,NA,NA,NA,TRUE,"<buffer","7074093",c(137237.647840346, 215093.008757275),"47902","2",NA,2.94109219719508
"gbif_data",NA,NA,NA,2024,2024-08-06,51.24658,4.18898,4,"Benedenscheldebekken",4,NA,NA,1,NA,NA,NA,NA,NA,NA,NA,NA,NA,NA,NA,TRUE,"<buffer","7074094",c(137446.693705982, 215200.418805286),"47902","2",NA,4.03886411765522
"gbif_data",NA,NA,NA,2024,2024-08-06,51.24617,4.18824,4,"Benedenscheldebekken",4,NA,NA,1,NA,NA,NA,NA,NA,NA,NA,NA,NA,NA,NA,TRUE,"<buffer","7074094",c(137394.911624042, 215154.928940535),"47902","2",NA,3.95735776772351
"gbif_data",NA,NA,NA,2024,2024-08-06,51.24572,4.18687,4,"Benedenscheldebekken",4,NA,NA,1,NA,NA,NA,NA,NA,NA,NA,NA,NA,NA,NA,TRUE,"<buffer","7074093",c(137299.126303818, 215105.09654417),"47902","2",NA,4.80140628307169
"gbif_data",NA,NA,NA,2024,2024-08-06,51.24568,4.18655,4,"Benedenscheldebekken",4,NA,NA,1,NA,NA,NA,NA,NA,NA,NA,NA,NA,NA,NA,TRUE,"<buffer","7074093",c(137276.770532275, 215100.700900892),"47902","2",NA,2.60420378861914
"gbif_data",NA,NA,NA,2024,2024-08-06,51.24599,4.18776,4,"Benedenscheldebekken",7,NA,NA,1,NA,NA,NA,NA,NA,NA,NA,NA,NA,NA,NA,TRUE,"<buffer","7074093",c(137361.345979533, 215134.984236607),"47902","2",NA,2.91329818499865
"gbif_data",NA,NA,NA,2024,2024-08-06,51.24587,4.18747,4,"Benedenscheldebekken",4,NA,NA,1,NA,NA,NA,NA,NA,NA,NA,NA,NA,NA,NA,TRUE,"<buffer","7074093",c(137341.06356667, 215121.68279356),"47902","2",NA,5.35949651854782
"gbif_data",NA,NA,NA,2024,2024-08-06,51.24581,4.18719,4,"Benedenscheldebekken",4,NA,NA,1,NA,NA,NA,NA,NA,NA,NA,NA,NA,NA,NA,TRUE,"<buffer","7074093",c(137321.495587523, 215115.055055916),"47902","2",NA,3.70151473592568
"gbif_data",NA,NA,NA,2024,2024-08-06,51.07417,4.96787,10,"Netebekken",3,1,NA,NA,NA,NA,NA,NA,NA,NA,NA,NA,NA,NA,NA,TRUE,"<buffer",NA,c(191988.498564817, 196174.149032655),NA,NA,"ANTLKD0283",2.94117656188493
"gbif_data",NA,NA,NA,2024,2024-08-06,51.24576,4.18695,4,"Benedenscheldebekken",4,NA,NA,1,NA,NA,NA,NA,NA,NA,NA,NA,NA,NA,NA,TRUE,"<buffer","7074093",c(137304.723381706, 215109.533133186),"47902","2",NA,2.44189203084605
"gbif_data",NA,NA,NA,2024,2024-08-06,51.24563,4.18628,4,"Benedenscheldebekken",4,NA,NA,1,NA,NA,NA,NA,NA,NA,NA,NA,NA,NA,NA,TRUE,"<buffer","7074093",c(137257.903394385, 215095.184251168),"47902","2",NA,3.69001181416742
"gbif_data",NA,NA,NA,2024,2024-08-06,51.00701,5.68504,11,"Maasbekken",4,NA,NA,NA,1,NA,NA,NA,NA,NA,NA,NA,NA,NA,NA,TRUE,"<buffer",NA,c(242379.517208226, 189352.69214511),NA,NA,"LIMDST0242",0.834454889409244
"gbif_data",NA,NA,NA,2024,2024-08-06,50.98652,5.31794,9,"Demerbekken",15,NA,NA,NA,1,NA,NA,NA,NA,NA,NA,NA,NA,NA,NA,TRUE,"<buffer",NA,c(216646.546212133, 186680.170838268),NA,NA,"LIMZNH0220",0
"gbif_data",NA,NA,NA,2024,2024-08-06,51.16273,5.74143,11,"Maasbekken",21,NA,NA,NA,1,NA,NA,NA,NA,NA,NA,NA,NA,NA,NA,TRUE,"GRB/2 + buffer","6010711",c(246016.233447585, 206745.137134325),"9505","1",NA,16.1843838623076
"gbif_data",NA,NA,NA,2024,2024-08-07,51.07669,4.9687,10,"Netebekken",5,1,NA,NA,NA,NA,NA,NA,NA,NA,NA,NA,NA,NA,NA,TRUE,"<buffer",NA,c(192044.399477, 196454.956811006),NA,NA,"ANTLKD0074",0
"gbif_data",NA,NA,NA,2024,2024-08-08,50.90919,5.72211,11,"Maasbekken",30,NA,NA,NA,1,NA,NA,NA,NA,NA,NA,NA,NA,NA,NA,TRUE,"<buffer","6000026",c(245179.310392807, 178519.366071683),"9501","0",NA,0.0206193574086215
"gbif_data",NA,NA,NA,2024,2024-08-08,51.28836,3.17446,2,"Bekken van de Brugse Polders",7,1,NA,NA,NA,NA,NA,NA,NA,NA,NA,NA,NA,NA,NA,FALSE,"not linked",NA,c(66684.3992479561, 220502.919009866),NA,NA,NA,NA
"gbif_data",NA,NA,NA,2024,2024-08-10,51.20071,4.0544,3,"Bekken van de Gentse Kanalen",4,NA,NA,1,NA,NA,NA,NA,NA,NA,NA,NA,NA,NA,NA,TRUE,"<buffer",NA,c(128027.910681039, 210128.387145207),NA,NA,"OVLSTK0195",3.81214315269201
"gbif_data",NA,NA,NA,2024,2024-08-10,51.20073,4.05436,3,"Bekken van de Gentse Kanalen",3,NA,NA,1,NA,NA,NA,NA,NA,NA,NA,NA,NA,NA,NA,TRUE,"<buffer",NA,c(128025.124288938, 210130.624012344),NA,NA,"OVLSTK0195",5.60152980835262
"gbif_data",NA,NA,NA,2024,2024-08-10,50.98505,5.33464,9,"Demerbekken",12,NA,NA,1,NA,NA,NA,NA,NA,NA,NA,NA,NA,NA,NA,TRUE,"<buffer",NA,c(217821.190562842, 186531.786332848),NA,NA,"LIMZNH0089",0
"gbif_data",NA,NA,NA,2024,2024-08-10,51.20068,4.05439,3,"Bekken van de Gentse Kanalen",4,NA,NA,1,NA,NA,NA,NA,NA,NA,NA,NA,NA,NA,NA,TRUE,"<buffer",NA,c(128027.197633504, 210125.052513645),NA,NA,"OVLSTK0195",0.408006540775561
"gbif_data",NA,NA,NA,2024,2024-08-10,51.10921,4.24761,4,"Benedenscheldebekken",7,1,NA,NA,NA,NA,NA,NA,NA,NA,NA,NA,NA,NA,NA,TRUE,"<buffer",NA,c(141515.833953315, 199909.376508115),NA,NA,"ANTBRM0421",0
"gbif_data",NA,NA,NA,2024,2024-08-10,51.20066,4.05436,3,"Bekken van de Gentse Kanalen",5,NA,NA,1,NA,NA,NA,NA,NA,NA,NA,NA,NA,NA,NA,TRUE,"<buffer",NA,c(128025.091387223, 210122.836315957),NA,NA,"OVLSTK0195",0
"gbif_data",NA,NA,NA,2024,2024-08-10,51.02258,2.61748,1,"Ijzerbekken",4,1,NA,NA,NA,NA,NA,NA,NA,NA,NA,NA,NA,NA,NA,TRUE,"<buffer","6031723",c(27137.8657942615, 191712.904093938),"1210","0",NA,11.746005924524
"gbif_data",NA,NA,NA,2024,2024-08-12,51.00892,5.69145,11,"Maasbekken",6,NA,NA,NA,1,NA,NA,NA,NA,NA,NA,NA,NA,NA,NA,TRUE,"<buffer",NA,c(242825.549388735, 189573.137168503),NA,NA,"LIMDST0242",0
"gbif_data",NA,NA,NA,2024,2024-08-13,51.24571,4.1869,4,"Benedenscheldebekken",3,NA,NA,1,NA,NA,NA,NA,NA,NA,NA,NA,NA,NA,NA,TRUE,"<buffer","7074093",c(137301.218423143, 215103.978878428),"47902","2",NA,6.47188320288053
"gbif_data",NA,NA,NA,2024,2024-08-13,51.24629,4.18861,4,"Benedenscheldebekken",3,NA,NA,1,NA,NA,NA,NA,NA,NA,NA,NA,NA,NA,NA,TRUE,"<buffer","7074094",c(137420.779923869, 215168.217092412),"47902","2",NA,9.28936642365249
"gbif_data",NA,NA,NA,2024,2024-08-13,51.24703,4.18955,4,"Benedenscheldebekken",3,NA,NA,1,NA,NA,NA,NA,NA,NA,NA,NA,NA,NA,NA,TRUE,"<buffer","7066952",c(137486.61517674, 215250.387938888),"65266","99",NA,9.75354754298646
"gbif_data",NA,NA,NA,2024,2024-08-13,51.08932,5.00417,10,"Netebekken",4,1,NA,NA,NA,NA,NA,NA,NA,NA,NA,NA,NA,NA,NA,TRUE,"<buffer","6004451",c(194518.058643673, 197880.681662524),"9154","2",NA,6.49310423391233
"gbif_data",NA,NA,NA,2024,2024-08-13,51.24652,4.18898,4,"Benedenscheldebekken",3,NA,NA,1,NA,NA,NA,NA,NA,NA,NA,NA,NA,NA,NA,TRUE,"<buffer","7074094",c(137446.67760656, 215193.743476447),"47902","2",NA,8.65755978724813
"gbif_data",NA,NA,NA,2024,2024-08-13,51.24601,4.18798,4,"Benedenscheldebekken",3,NA,NA,1,NA,NA,NA,NA,NA,NA,NA,NA,NA,NA,NA,TRUE,"<buffer","7066961",c(137376.713401466, 215137.172066187),"65274","99",NA,6.22602573309299
"gbif_data",NA,NA,NA,2024,2024-08-13,51.24609,4.18817,4,"Benedenscheldebekken",3,NA,NA,1,NA,NA,NA,NA,NA,NA,NA,NA,NA,NA,NA,TRUE,"<buffer","7074094",c(137390.00216268, 215146.040343364),"47902","2",NA,8.46844066903666
"gbif_data",NA,NA,NA,2024,2024-08-13,51.24558,4.18617,4,"Benedenscheldebekken",3,NA,NA,1,NA,NA,NA,NA,NA,NA,NA,NA,NA,NA,NA,TRUE,"<buffer","7074093",c(137250.208696021, 215089.640289801),"47902","2",NA,7.39668451843301
"gbif_data",NA,NA,NA,2024,2024-08-13,51.24588,4.18756,4,"Benedenscheldebekken",3,NA,NA,1,NA,NA,NA,NA,NA,NA,NA,NA,NA,NA,NA,TRUE,"<buffer","7074093",c(137347.350752266, 215122.780067234),"47902","2",NA,7.28110793180321
"gbif_data",NA,NA,NA,2024,2024-08-13,51.24602,4.18798,4,"Benedenscheldebekken",3,NA,NA,1,NA,NA,NA,NA,NA,NA,NA,NA,NA,NA,NA,TRUE,"<buffer","7066961",c(137376.716099686, 215138.284620721),"65274","99",NA,7.33302091526395
"gbif_data",NA,NA,NA,2024,2024-08-13,51.24609,4.18818,4,"Benedenscheldebekken",3,NA,NA,1,NA,NA,NA,NA,NA,NA,NA,NA,NA,NA,NA,TRUE,"<buffer","7074094",c(137390.700435075, 215146.038651714),"47902","2",NA,8.86745503439654
"gbif_data",NA,NA,NA,2024,2024-08-13,51.19878,4.90099,10,"Netebekken",4,NA,NA,NA,1,NA,NA,NA,NA,NA,NA,NA,NA,NA,NA,TRUE,"<buffer","6011610",c(187201.848654873, 210001.044110905),"8502","1",NA,13.3873067060649
"gbif_data",NA,NA,NA,2024,2024-08-13,51.2464,4.18881,4,"Benedenscheldebekken",3,NA,NA,1,NA,NA,NA,NA,NA,NA,NA,NA,NA,NA,NA,TRUE,"<buffer","7074094",c(137434.774855695, 215180.421461993),"47902","2",NA,9.32449473443325
"gbif_data",NA,NA,NA,2024,2024-08-13,51.19903,4.90134,10,"Netebekken",41,NA,NA,NA,1,NA,NA,NA,NA,NA,NA,NA,NA,NA,NA,TRUE,"<buffer",NA,c(187226.112685319, 210029.032472852),NA,NA,"ANTKAS0037",0
"gbif_data",NA,NA,NA,2024,2024-08-13,51.2464,4.18881,4,"Benedenscheldebekken",3,NA,NA,1,NA,NA,NA,NA,NA,NA,NA,NA,NA,NA,NA,TRUE,"<buffer","7074094",c(137434.774855695, 215180.421461993),"47902","2",NA,9.32449473443325
"gbif_data",NA,NA,NA,2024,2024-08-13,51.24706,4.18954,4,"Benedenscheldebekken",3,NA,NA,1,NA,NA,NA,NA,NA,NA,NA,NA,NA,NA,NA,TRUE,"<buffer","7074060",c(137485.924942938, 215253.727282759),"47902","2",NA,9.45861355244132
"gbif_data",NA,NA,NA,2024,2024-08-13,51.24561,4.18638,4,"Benedenscheldebekken",3,NA,NA,1,NA,NA,NA,NA,NA,NA,NA,NA,NA,NA,NA,TRUE,"<buffer","7074093",c(137264.880742445, 215092.942052404),"47902","2",NA,7.41853165063568
"gbif_data",NA,NA,NA,2024,2024-08-13,51.2464,4.1888,4,"Benedenscheldebekken",3,NA,NA,1,NA,NA,NA,NA,NA,NA,NA,NA,NA,NA,NA,TRUE,"<buffer","7074094",c(137434.076587931, 215180.423147704),"47902","2",NA,8.82034967616256
"gbif_data",NA,NA,NA,2024,2024-08-13,51.24704,4.18955,4,"Benedenscheldebekken",3,NA,NA,1,NA,NA,NA,NA,NA,NA,NA,NA,NA,NA,NA,TRUE,"<buffer","7066952",c(137486.617851437, 215251.500493931),"65266","99",NA,10.6876984843931
"gbif_data",NA,NA,NA,2024,2024-08-13,51.29223,5.10934,10,"Netebekken",15,NA,NA,NA,1,NA,NA,NA,NA,NA,NA,NA,NA,NA,NA,TRUE,"<buffer",NA,c(201660.832323465, 220522.335873605),NA,NA,"ANTRET0192",11.9832276623967
"gbif_data",NA,NA,NA,2024,2024-08-13,51.10347,4.01942,4,"Benedenscheldebekken",15,1,NA,NA,NA,NA,NA,NA,NA,NA,NA,NA,NA,NA,NA,TRUE,"<buffer",NA,c(125532.19759992, 199321.288686894),NA,NA,"OVLLOK0348",0
"gbif_data",NA,NA,NA,2024,2024-08-13,51.24535,4.18525,4,"Benedenscheldebekken",50,NA,NA,1,NA,NA,NA,NA,NA,NA,NA,NA,NA,NA,NA,FALSE,"not linked",NA,c(137185.903938037, 215064.209309639),NA,NA,NA,NA
"gbif_data",NA,NA,NA,2024,2024-08-14,51.1501,4.00331,3,"Bekken van de Gentse Kanalen",17,1,NA,NA,NA,NA,NA,NA,NA,NA,NA,NA,NA,NA,NA,TRUE,"<buffer","5040545",c(124429.331252849, 204514.267732578),"19310","99",NA,10.2770164576793
"gbif_data",NA,NA,NA,2024,2024-08-14,51.22247,5.03316,10,"Netebekken",7,NA,NA,NA,1,NA,NA,NA,NA,NA,NA,NA,NA,NA,NA,TRUE,"<buffer",NA,c(196416.402065937, 212711.080737201),NA,NA,"ANTRET0236",0
"gbif_data",NA,NA,NA,2024,2024-08-14,51.07594,4.96865,10,"Netebekken",60,1,NA,NA,NA,NA,NA,NA,NA,NA,NA,NA,NA,NA,NA,TRUE,"<buffer",NA,c(192041.570404155, 196371.494645867),NA,NA,"ANTLKD0082",10.3863562133239
"gbif_data",NA,NA,NA,2024,2024-08-14,51.20508,4.92681,10,"Netebekken",5,NA,NA,NA,1,NA,NA,NA,NA,NA,NA,NA,NA,NA,NA,TRUE,"GRB/2 + buffer","7038511",c(189001.300635537, 210715.190812402),"8502","1",NA,16.0661068612113
"gbif_data",NA,NA,NA,2024,2024-08-14,51.1584,4.03504,3,"Bekken van de Gentse Kanalen",12,1,NA,NA,NA,NA,NA,NA,NA,NA,NA,NA,NA,NA,NA,FALSE,"not linked",NA,c(126653.636472395, 205427.216818522),NA,NA,NA,NA
"gbif_data",NA,NA,NA,2024,2024-08-14,50.99278,4.51193,8,"Dijle- en Zennebekken",8,1,NA,NA,NA,NA,NA,NA,NA,NA,NA,NA,NA,NA,NA,FALSE,"not linked",NA,c(160051.920752656, 186959.741181816),NA,NA,NA,NA
"gbif_data",NA,NA,NA,2024,2024-08-15,51.10552,4.01072,4,"Benedenscheldebekken",5,1,NA,NA,NA,NA,NA,NA,NA,NA,NA,NA,NA,NA,NA,TRUE,"<buffer",NA,c(124923.944180333, 199552.24504896),NA,NA,"OVLLOK0348",0.499337062567881
"gbif_data",NA,NA,NA,2024,2024-08-15,51.14209,3.94303,3,"Bekken van de Gentse Kanalen",12,1,NA,NA,NA,NA,NA,NA,NA,NA,NA,NA,NA,NA,NA,FALSE,"not linked",NA,c(120206.422058094, 203645.589396269),NA,NA,NA,NA
"gbif_data",NA,NA,NA,2024,2024-08-16,51.35608,4.9969,10,"Netebekken",5,NA,NA,NA,1,NA,NA,NA,NA,NA,NA,NA,NA,NA,NA,TRUE,"<buffer",NA,c(193757.378997597, 227553.626148968),NA,NA,"ANTOTH0017",2.64895254927096
"gbif_data",NA,NA,NA,2024,2024-08-16,51.26864,3.19943,2,"Bekken van de Brugse Polders",15,1,NA,NA,NA,NA,NA,NA,NA,NA,NA,NA,NA,NA,NA,FALSE,"not linked",NA,c(68391.6591600861, 218281.489308931),NA,NA,NA,NA
"gbif_data",NA,NA,NA,2024,2024-08-18,51.00563,5.67981,11,"Maasbekken",3,NA,NA,NA,1,NA,NA,NA,NA,NA,NA,NA,NA,NA,NA,TRUE,"<buffer",NA,c(242015.215652147, 189192.699090495),NA,NA,"LIMMSM0026",0
"gbif_data",NA,NA,NA,2024,2024-08-18,51.0886,5.00616,10,"Netebekken",3,1,NA,NA,NA,NA,NA,NA,NA,NA,NA,NA,NA,NA,NA,TRUE,"<buffer","6004444",c(194658.165917663, 197801.781470359),"9011","2",NA,11.1950470200875
"gbif_data",NA,NA,NA,2024,2024-08-18,50.99445,4.51494,8,"Dijle- en Zennebekken",2,1,NA,NA,NA,NA,NA,NA,NA,NA,NA,NA,NA,NA,NA,FALSE,"not linked",NA,c(160262.875858404, 187145.934787992),NA,NA,NA,NA
"gbif_data",NA,NA,NA,2024,2024-08-18,50.79169,3.91309,7,"Denderbekken",4,1,NA,NA,NA,NA,NA,NA,NA,NA,NA,NA,NA,NA,NA,FALSE,"not linked",NA,c(117872.312754335, 164678.535763661),NA,NA,NA,NA
"gbif_data",NA,NA,NA,2024,2024-08-19,51.17949,5.65982,11,"Maasbekken",1,NA,NA,NA,1,NA,NA,NA,NA,NA,NA,NA,NA,NA,NA,TRUE,"<buffer",NA,c(240275.904358528, 208506.999483812),NA,NA,"LIMBRE0073",0
"gbif_data",NA,NA,NA,2024,2024-08-19,51.14645,4.08694,3,"Bekken van de Gentse Kanalen",1,1,NA,NA,NA,NA,NA,NA,NA,NA,NA,NA,NA,NA,NA,FALSE,"not linked",NA,c(130279.435394297, 204082.752255073),NA,NA,NA,NA
"gbif_data",NA,NA,NA,2024,2024-08-20,51.07505,4.972,10,"Netebekken",5,1,NA,NA,NA,NA,NA,NA,NA,NA,NA,NA,NA,NA,NA,TRUE,"<buffer","7029242",c(192277.144000913, 196274.390855041),"43514","9",NA,0.0380654931745888
"gbif_data",NA,NA,NA,2024,2024-08-20,51.27201,3.71133,3,"Bekken van de Gentse Kanalen",5,1,NA,NA,NA,NA,NA,NA,NA,NA,NA,NA,NA,NA,NA,FALSE,"not linked",NA,c(104119.575513768, 218217.272272153),NA,NA,NA,NA
"gbif_data",NA,NA,NA,2024,2024-08-21,51.13656,5.84316,11,"Maasbekken",5,1,NA,NA,NA,NA,NA,NA,NA,NA,NA,NA,NA,NA,NA,FALSE,"not linked",NA,c(253189.013105825, 203970.745373371),NA,NA,NA,NA
"gbif_data",NA,NA,NA,2024,2024-08-21,51.17525,3.9737,3,"Bekken van de Gentse Kanalen",60,1,NA,NA,NA,NA,NA,NA,NA,NA,NA,NA,NA,NA,NA,FALSE,"not linked",NA,c(122372.369495072, 207322.811569573),NA,NA,NA,NA
"gbif_data",NA,NA,NA,2024,2024-08-22,51.25429,3.76111,3,"Bekken van de Gentse Kanalen",30,1,NA,NA,NA,NA,NA,NA,NA,NA,NA,NA,NA,NA,NA,TRUE,"<buffer","7068860",c(107577.411351902, 216216.31017914),"2802","2",NA,10.5042683590618
"gbif_data",NA,NA,NA,2024,2024-08-23,51.29343,3.24808,2,"Bekken van de Brugse Polders",3,1,NA,NA,NA,NA,NA,NA,NA,NA,NA,NA,NA,NA,NA,FALSE,"not linked",NA,c(71828.3168388382, 220986.919336698),NA,NA,NA,NA
"gbif_data",NA,NA,NA,2024,2024-08-23,51.02248,4.24604,4,"Benedenscheldebekken",4,NA,1,NA,NA,NA,NA,NA,NA,NA,NA,NA,NA,NA,NA,FALSE,"not linked",NA,c(141390.027184237, 190261.001096348),NA,NA,NA,NA
"gbif_data",NA,NA,NA,2024,2024-08-24,51.32851,5.04084,10,"Netebekken",3,NA,NA,NA,1,NA,NA,NA,NA,NA,NA,NA,NA,NA,NA,TRUE,"<buffer","1000356",c(196846.031159703, 224513.136501253),"9013","2",NA,8.70477674951322
"gbif_data",NA,NA,NA,2024,2024-08-24,51.29288,3.24735,2,"Bekken van de Brugse Polders",10,1,NA,NA,NA,NA,NA,NA,NA,NA,NA,NA,NA,NA,NA,FALSE,"not linked",NA,c(71776.4768300854, 220926.502768784),NA,NA,NA,NA
"gbif_data",NA,NA,NA,2024,2024-08-25,51.26531,3.2704,2,"Bekken van de Brugse Polders",5,1,NA,NA,NA,NA,NA,NA,NA,NA,NA,NA,NA,NA,NA,TRUE,"<buffer","5002714",c(73338.8608232995, 217835.456961149),"2404","99",NA,4.68771017333422
"gbif_data",NA,NA,NA,2024,2024-08-25,50.99971,4.50862,8,"Dijle- en Zennebekken",34,1,NA,NA,NA,NA,NA,NA,NA,NA,NA,NA,NA,NA,NA,FALSE,"not linked",NA,c(159818.076697619, 187730.227701817),NA,NA,NA,NA
"gbif_data",NA,NA,NA,2024,2024-08-26,50.98397,5.33495,9,"Demerbekken",6,NA,NA,1,NA,NA,NA,NA,NA,NA,NA,NA,NA,NA,NA,TRUE,"<buffer",NA,c(217844.520931797, 186411.934962702),NA,NA,"LIMZNH0189",4.747438123152
"gbif_data",NA,NA,NA,2024,2024-08-26,51.15185,5.14616,10,"Netebekken",60,NA,NA,NA,1,NA,NA,NA,NA,NA,NA,NA,NA,NA,NA,FALSE,"not linked",NA,c(204392.860554232, 204931.528460193),NA,NA,NA,NA
"gbif_data",NA,NA,NA,2024,2024-08-27,51.1584,5.70586,11,"Maasbekken",4,NA,NA,NA,1,NA,NA,NA,NA,NA,NA,NA,NA,NA,NA,TRUE,"<buffer","6035416",c(243537.121554246, 206218.069833662),"9505","1",NA,1.57906712866587
"gbif_data",NA,NA,NA,2024,2024-08-28,51.07915,4.81827,10,"Netebekken",9,NA,NA,NA,1,NA,NA,NA,NA,NA,NA,NA,NA,NA,NA,TRUE,"<buffer",NA,c(181500.681344851, 196654.024039674),NA,NA,"ANTWES0007",0
"gbif_data",NA,NA,NA,2024,2024-08-28,51.0794,4.81804,10,"Netebekken",80,NA,NA,NA,1,NA,NA,NA,NA,NA,NA,NA,NA,NA,NA,TRUE,"<buffer",NA,c(181484.395251444, 196681.738038968),NA,NA,"ANTWES0007",5.09569536341236
"gbif_data",NA,NA,NA,2024,2024-08-28,51.14485,4.03958,3,"Bekken van de Gentse Kanalen",15,1,NA,NA,NA,NA,NA,NA,NA,NA,NA,NA,NA,NA,NA,FALSE,"not linked",NA,c(126964.577632631, 203918.355799239),NA,NA,NA,NA
"gbif_data",NA,NA,NA,2024,2024-08-29,51.2459,4.18768,4,"Benedenscheldebekken",7,NA,NA,1,NA,NA,NA,NA,NA,NA,NA,NA,NA,NA,NA,TRUE,"<buffer","7074093",c(137355.735464038, 215124.984813651),"47902","2",NA,9.18571466742246
"gbif_data",NA,NA,NA,2024,2024-08-29,51.24584,4.18746,4,"Benedenscheldebekken",7,NA,NA,NA,1,NA,NA,NA,NA,NA,NA,NA,NA,NA,NA,TRUE,"<buffer","7074093",c(137340.357172962, 215118.346828568),"47902","2",NA,7.99527308048177
"gbif_data",NA,NA,NA,2024,2024-08-29,51.24583,4.18724,4,"Benedenscheldebekken",7,NA,NA,1,NA,NA,NA,NA,NA,NA,NA,NA,NA,NA,NA,TRUE,"<buffer","7074093",c(137324.992388978, 215117.271661316),"47902","2",NA,2.97855463542303
"gbif_data",NA,NA,NA,2024,2024-08-29,51.24582,4.18722,4,"Benedenscheldebekken",7,NA,NA,1,NA,NA,NA,NA,NA,NA,NA,NA,NA,NA,NA,TRUE,"<buffer","7074093",c(137323.593126833, 215116.162507986),"47902","2",NA,3.47338220942997
"gbif_data",NA,NA,NA,2024,2024-08-29,51.33607,4.65358,11,"Maasbekken",4,NA,NA,NA,1,NA,NA,NA,NA,NA,NA,NA,NA,NA,NA,TRUE,"<buffer","6033174",c(169849.836905077, 225180.06328615),"17","0",NA,7.65401565238682
"gbif_data",NA,NA,NA,2024,2024-08-29,51.24677,4.18929,4,"Benedenscheldebekken",7,NA,NA,1,NA,NA,NA,NA,NA,NA,NA,NA,NA,NA,NA,TRUE,"<buffer","7074094",c(137468.390816542, 215221.505187166),"47902","2",NA,8.19741753992212
"gbif_data",NA,NA,NA,2024,2024-08-29,51.24567,4.18661,4,"Benedenscheldebekken",4,NA,NA,1,NA,NA,NA,NA,NA,NA,NA,NA,NA,NA,NA,TRUE,"<buffer","7074093",c(137280.957484536, 215099.578106575),"47902","2",NA,4.8800869758006
"gbif_data",NA,NA,NA,2024,2024-08-29,51.24617,4.18825,4,"Benedenscheldebekken",7,NA,NA,1,NA,NA,NA,NA,NA,NA,NA,NA,NA,NA,NA,TRUE,"<buffer","7074094",c(137395.60989524, 215154.927249545),"47902","2",NA,4.35637090861332
"gbif_data",NA,NA,NA,2024,2024-08-29,51.24587,4.18744,4,"Benedenscheldebekken",7,NA,NA,1,NA,NA,NA,NA,NA,NA,NA,NA,NA,NA,NA,TRUE,"<buffer","7074093",c(137338.968739647, 215121.687888841),"47902","2",NA,4.3901934846768
"gbif_data",NA,NA,NA,2024,2024-08-29,51.24638,4.18864,4,"Benedenscheldebekken",7,NA,NA,1,NA,NA,NA,NA,NA,NA,NA,NA,NA,NA,NA,TRUE,"<buffer","7074094",c(137422.898927074, 215178.225022467),"47902","2",NA,2.77732086223748
"gbif_data",NA,NA,NA,2024,2024-08-29,51.24572,4.18682,4,"Benedenscheldebekken",4,NA,NA,1,NA,NA,NA,NA,NA,NA,NA,NA,NA,NA,NA,TRUE,"<buffer","7074093",c(137295.634914278, 215105.105065022),"47902","2",NA,3.7924211111785
"gbif_data",NA,NA,NA,2024,2024-08-29,51.2456,4.1861,4,"Benedenscheldebekken",4,NA,NA,NA,1,NA,NA,NA,NA,NA,NA,NA,NA,NA,NA,TRUE,"<buffer","7074093",c(137245.326188873, 215091.877374317),"47902","2",NA,4.54719552719476
"gbif_data",NA,NA,NA,2024,2024-08-29,51.24671,4.18915,4,"Benedenscheldebekken",7,NA,NA,1,NA,NA,NA,NA,NA,NA,NA,NA,NA,NA,NA,TRUE,"<buffer","7074094",c(137458.599061189, 215214.853402945),"47902","2",NA,4.45059731981729
"gbif_data",NA,NA,NA,2024,2024-08-29,51.24643,4.18882,4,"Benedenscheldebekken",7,NA,NA,1,NA,NA,NA,NA,NA,NA,NA,NA,NA,NA,NA,TRUE,"<buffer","7074094",c(137435.481180361, 215183.757440594),"47902","2",NA,7.51929721249917
"gbif_data",NA,NA,NA,2024,2024-08-29,51.24575,4.18686,4,"Benedenscheldebekken",7,NA,NA,1,NA,NA,NA,NA,NA,NA,NA,NA,NA,NA,NA,TRUE,"<buffer","7074093",c(137298.436170914, 215108.435911252),"47902","2",NA,1.40434923091948
"gbif_data",NA,NA,NA,2024,2024-08-29,51.24713,4.18954,4,"Benedenscheldebekken",7,NA,NA,1,NA,NA,NA,NA,NA,NA,NA,NA,NA,NA,NA,TRUE,"<buffer","7074060",c(137485.943666864, 215261.515168243),"47902","2",NA,6.93504724535206
"gbif_data",NA,NA,NA,2024,2024-08-29,51.24646,4.1888,4,"Benedenscheldebekken",7,NA,NA,1,NA,NA,NA,NA,NA,NA,NA,NA,NA,NA,NA,TRUE,"<buffer","7074094",c(137434.092703533, 215187.098476186),"47902","2",NA,4.20166591048078
"gbif_data",NA,NA,NA,2024,2024-08-29,51.05826,4.17227,4,"Benedenscheldebekken",4,1,NA,NA,NA,NA,NA,NA,NA,NA,NA,NA,NA,NA,NA,TRUE,"<buffer","6031150",c(136224.648962105, 194252.494656301),"3807","3",NA,5.97465542950309
"gbif_data",NA,NA,NA,2024,2024-08-29,51.24606,4.18805,4,"Benedenscheldebekken",7,NA,NA,1,NA,NA,NA,NA,NA,NA,NA,NA,NA,NA,NA,TRUE,"<buffer","7074094",c(137381.614802449, 215142.722986807),"47902","2",NA,6.59876710430806
"gbif_data",NA,NA,NA,2024,2024-08-29,51.24568,4.18659,4,"Benedenscheldebekken",4,NA,NA,1,NA,NA,NA,NA,NA,NA,NA,NA,NA,NA,NA,TRUE,"<buffer","7074093",c(137279.56364628, 215100.694073862),"47902","2",NA,3.41140251978523
"gbif_data",NA,NA,NA,2024,2024-08-29,51.24572,4.18671,4,"Benedenscheldebekken",4,NA,NA,1,NA,NA,NA,NA,NA,NA,NA,NA,NA,NA,NA,TRUE,"<buffer","7074093",c(137287.95385731, 215105.123819172),"47902","2",NA,1.57264580945573
"gbif_data",NA,NA,NA,2024,2024-08-30,51.05833,4.17221,4,"Benedenscheldebekken",4,1,NA,NA,NA,NA,NA,NA,NA,NA,NA,NA,NA,NA,NA,TRUE,"<buffer","6031150",c(136220.462984825, 194260.293085248),"3807","3",NA,6.11358591160384
"gbif_data",NA,NA,NA,2024,2024-08-30,51.30151,4.88201,10,"Netebekken",6,1,NA,NA,NA,NA,NA,NA,NA,NA,NA,NA,NA,NA,NA,FALSE,"not linked",NA,c(185796.100718615, 221420.745548305),NA,NA,NA,NA
"gbif_data",NA,NA,NA,2024,2024-08-30,51.29451,4.86446,10,"Netebekken",60,1,NA,NA,NA,NA,NA,NA,NA,NA,NA,NA,NA,NA,NA,FALSE,"not linked",NA,c(184577.32127739, 220633.628290081),NA,NA,NA,NA
"gbif_data",NA,NA,NA,2024,2024-09-01,51.24836,5.41726,11,"Maasbekken",4,NA,NA,NA,1,NA,NA,NA,NA,NA,NA,NA,NA,NA,NA,TRUE,"<buffer",NA,c(223208.20249764, 215900.95859716),NA,NA,"LIMNEE0119",0
"gbif_data",NA,NA,NA,2024,2024-09-01,51.14598,3.88555,3,"Bekken van de Gentse Kanalen",9,1,NA,NA,NA,NA,NA,NA,NA,NA,NA,NA,NA,NA,NA,TRUE,"GRB/2 + buffer","6019431",c(116186.671215851, 204102.931440731),"26","1",NA,15.2837792757047
"gbif_data",NA,NA,NA,2024,2024-09-02,51.14772,3.82931,3,"Bekken van de Gentse Kanalen",30,1,NA,NA,NA,NA,NA,NA,NA,NA,NA,NA,NA,NA,NA,FALSE,"not linked",NA,c(112252.637674176, 204323.568511452),NA,NA,NA,NA
"gbif_data",NA,NA,NA,2024,2024-09-03,51.06706,4.18238,4,"Benedenscheldebekken",4,1,NA,NA,NA,NA,NA,NA,NA,NA,NA,NA,NA,NA,NA,TRUE,"<buffer","5040258",c(136935.895450969, 195229.655012336),"3662","2",NA,2.68264897966217
"gbif_data",NA,NA,NA,2024,2024-09-03,51.24625,4.18847,4,"Benedenscheldebekken",4,NA,NA,1,NA,NA,NA,NA,NA,NA,NA,NA,NA,NA,NA,TRUE,"<buffer","7074094",c(137410.993388669, 215163.790508692),"47902","2",NA,6.65989164469631
"gbif_data",NA,NA,NA,2024,2024-09-03,51.24676,4.18925,4,"Benedenscheldebekken",4,NA,NA,1,NA,NA,NA,NA,NA,NA,NA,NA,NA,NA,NA,TRUE,"<buffer","7074094",c(137465.595088428, 215220.399357564),"47902","2",NA,6.59476117079937
"gbif_data",NA,NA,NA,2024,2024-09-03,51.24668,4.18914,4,"Benedenscheldebekken",4,NA,NA,1,NA,NA,NA,NA,NA,NA,NA,NA,NA,NA,NA,TRUE,"<buffer","7074094",c(137457.892755543, 215211.517420822),"47902","2",NA,5.93889879256807
"gbif_data",NA,NA,NA,2024,2024-09-03,51.24574,4.18692,4,"Benedenscheldebekken",4,NA,NA,1,NA,NA,NA,NA,NA,NA,NA,NA,NA,NA,NA,TRUE,"<buffer","7074093",c(137302.623121569, 215107.313134403),"47902","2",NA,3.69822883167619
"gbif_data",NA,NA,NA,2024,2024-09-03,51.2456,4.18606,4,"Benedenscheldebekken",4,NA,NA,1,NA,NA,NA,NA,NA,NA,NA,NA,NA,NA,NA,TRUE,"<buffer","7074093",c(137242.533070119, 215091.884219795),"47902","2",NA,4.36688174483325
"gbif_data",NA,NA,NA,2024,2024-09-03,51.24595,4.1877,4,"Benedenscheldebekken",4,NA,NA,NA,1,NA,NA,NA,NA,NA,NA,NA,NA,NA,NA,TRUE,"<buffer","7074093",c(137357.145526575, 215130.544193626),"47902","2",NA,4.90044141479275
"gbif_data",NA,NA,NA,2024,2024-09-03,51.24702,4.18945,4,"Benedenscheldebekken",4,NA,NA,1,NA,NA,NA,NA,NA,NA,NA,NA,NA,NA,NA,TRUE,"<buffer","7074060",c(137479.629917143, 215249.292175402),"47902","2",NA,4.95538000902643
"gbif_data",NA,NA,NA,2024,2024-09-03,51.24617,4.18827,4,"Benedenscheldebekken",4,NA,NA,1,NA,NA,NA,NA,NA,NA,NA,NA,NA,NA,NA,TRUE,"<buffer","7074094",c(137397.006437636, 215154.923867853),"47902","2",NA,5.15439695509202
"gbif_data",NA,NA,NA,2024,2024-09-03,51.24627,4.18848,4,"Benedenscheldebekken",4,NA,NA,1,NA,NA,NA,NA,NA,NA,NA,NA,NA,NA,NA,TRUE,"<buffer","7074094",c(137411.69704013, 215166.013929189),"47902","2",NA,5.35813551125967
"gbif_data",NA,NA,NA,2024,2024-09-03,51.24619,4.18824,4,"Benedenscheldebekken",4,NA,NA,1,NA,NA,NA,NA,NA,NA,NA,NA,NA,NA,NA,TRUE,"<buffer","7074094",c(137394.917012691, 215157.154049764),"47902","2",NA,2.13131227217237
"gbif_data",NA,NA,NA,2024,2024-09-03,51.24559,4.18589,4,"Benedenscheldebekken",4,NA,NA,NA,1,NA,NA,NA,NA,NA,NA,NA,NA,NA,NA,TRUE,"<buffer","7074093",c(137230.659585922, 215090.800775587),"47902","2",NA,4.71076813781252
"gbif_data",NA,NA,NA,2024,2024-09-03,51.24568,4.18658,4,"Benedenscheldebekken",4,NA,NA,1,NA,NA,NA,NA,NA,NA,NA,NA,NA,NA,NA,TRUE,"<buffer","7074093",c(137278.865367778, 215100.695780479),"47902","2",NA,3.2096029713819
"gbif_data",NA,NA,NA,2024,2024-09-03,51.23146,3.24572,2,"Bekken van de Brugse Polders",6,1,NA,NA,NA,NA,NA,NA,NA,NA,NA,NA,NA,NA,NA,TRUE,"<buffer","6038244",c(71559.5005158358, 214095.62663806),"17577","2",NA,8.29322200953398
"gbif_data",NA,NA,NA,2024,2024-09-03,51.24699,4.18944,4,"Benedenscheldebekken",4,NA,NA,1,NA,NA,NA,NA,NA,NA,NA,NA,NA,NA,NA,TRUE,"<buffer","7066952",c(137478.92362962, 215245.956189997),"65266","99",NA,2.40213106959367
"gbif_data",NA,NA,NA,2024,2024-09-03,51.24568,4.18658,4,"Benedenscheldebekken",4,NA,NA,1,NA,NA,NA,NA,NA,NA,NA,NA,NA,NA,NA,TRUE,"<buffer","7074093",c(137278.865367778, 215100.695780479),"47902","2",NA,3.2096029713819
"gbif_data",NA,NA,NA,2024,2024-09-03,51.23198,3.24474,2,"Bekken van de Brugse Polders",16,1,NA,NA,NA,NA,NA,NA,NA,NA,NA,NA,NA,NA,NA,FALSE,"not linked",NA,c(71491.9311641135, 214154.507782627),NA,NA,NA,NA
"gbif_data",NA,NA,NA,2024,2024-09-05,51.22342,5.18984,10,"Netebekken",30,NA,NA,NA,1,NA,NA,NA,NA,NA,NA,NA,NA,NA,NA,TRUE,"<buffer",NA,c(207360.791778383, 212926.362029944),NA,NA,"ANTMOL0164",0
"gbif_data",NA,NA,NA,2024,2024-09-05,51.19508,3.09175,2,"Bekken van de Brugse Polders",15,1,NA,NA,NA,NA,NA,NA,NA,NA,NA,NA,NA,NA,NA,FALSE,"not linked",NA,c(60736.6318741208, 210222.496077067),NA,NA,NA,NA
"gbif_data",NA,NA,NA,2024,2024-09-06,51.14796,3.91088,3,"Bekken van de Gentse Kanalen",4,1,NA,NA,NA,NA,NA,NA,NA,NA,NA,NA,NA,NA,NA,TRUE,"<buffer","6019429",c(117960.520566721, 204311.989298788),"26","1",NA,5.27546618600263
"gbif_data",NA,NA,NA,2024,2024-09-07,51.18324,5.26502,10,"Netebekken",4,NA,NA,NA,1,NA,NA,NA,NA,NA,NA,NA,NA,NA,NA,TRUE,"<buffer","7029036",c(212666.619955, 208517.291597695),"348","0",NA,12.7533540892402
"gbif_data",NA,NA,NA,2024,2024-09-07,51.18278,5.26535,10,"Netebekken",2,NA,NA,NA,1,NA,NA,NA,NA,NA,NA,NA,NA,NA,NA,TRUE,"<buffer","7029036",c(212690.310831264, 208466.397708003),"348","0",NA,5.45065554200365
"gbif_data",NA,NA,NA,2024,2024-09-08,51.1026,4.01437,4,"Benedenscheldebekken",19,1,NA,NA,NA,NA,NA,NA,NA,NA,NA,NA,NA,NA,NA,TRUE,"<buffer",NA,c(125178.032795766, 199226.175302287),NA,NA,"OVLLOK0348",9.02189380372892
"gbif_data",NA,NA,NA,2024,2024-09-08,50.98444,4.5141,8,"Dijle- en Zennebekken",33,1,NA,NA,NA,NA,NA,NA,NA,NA,NA,NA,NA,NA,NA,TRUE,"<buffer",NA,c(160206.094385994, 186032.253189318),NA,NA,"VBRZEM0090",1.90056143182377
"gbif_data",NA,NA,NA,2024,2024-09-08,51.12613,3.97853,3,"Bekken van de Gentse Kanalen",6,1,NA,NA,NA,NA,NA,NA,NA,NA,NA,NA,NA,NA,NA,FALSE,"not linked",NA,c(122681.476006539, 201856.420407126),NA,NA,NA,NA
"gbif_data",NA,NA,NA,2024,2024-09-08,50.89214,4.72246,8,"Dijle- en Zennebekken",5,NA,1,NA,NA,NA,NA,NA,NA,NA,NA,NA,NA,NA,NA,FALSE,"not linked",NA,c(174885.943655033, 175813.878230629),NA,NA,NA,NA
"gbif_data",NA,NA,NA,2024,2024-09-08,51.23285,3.22965,2,"Bekken van de Brugse Polders",15,1,NA,NA,NA,NA,NA,NA,NA,NA,NA,NA,NA,NA,NA,FALSE,"not linked",NA,c(70439.5222783695, 214267.340596911),NA,NA,NA,NA
"gbif_data",NA,NA,NA,2024,2024-09-08,50.89243,4.72303,8,"Dijle- en Zennebekken",5,NA,1,NA,NA,NA,NA,NA,NA,NA,NA,NA,NA,NA,NA,FALSE,"not linked",NA,c(174925.892897592, 175846.329663482),NA,NA,NA,NA
"gbif_data",NA,NA,NA,2024,2024-09-08,50.89228,4.72229,8,"Dijle- en Zennebekken",5,NA,1,NA,NA,NA,NA,NA,NA,NA,NA,NA,NA,NA,NA,FALSE,"not linked",NA,c(174873.908674882, 175829.394885457),NA,NA,NA,NA
"gbif_data",NA,NA,NA,2024,2024-09-08,50.89262,4.72211,8,"Dijle- en Zennebekken",10,NA,1,NA,NA,NA,NA,NA,NA,NA,NA,NA,NA,NA,NA,FALSE,"not linked",NA,c(174861.064115574, 175867.156400447),NA,NA,NA,NA
"gbif_data",NA,NA,NA,2024,2024-09-09,51.32794,3.23793,2,"Bekken van de Brugse Polders",13,1,NA,NA,NA,NA,NA,NA,NA,NA,NA,NA,NA,NA,NA,FALSE,"not linked",NA,c(71178.8060532303, 224836.740580288),NA,NA,NA,NA
"gbif_data",NA,NA,NA,2024,2024-09-09,50.99957,4.08721,7,"Denderbekken",48,NA,NA,1,NA,NA,NA,NA,NA,NA,NA,NA,NA,NA,NA,FALSE,"not linked",NA,c(130236.523730346, 187742.599302536),NA,NA,NA,NA
"gbif_data",NA,NA,NA,2024,2024-09-09,51.0444,3.68496,3,"Bekken van de Gentse Kanalen",5,NA,NA,NA,1,NA,NA,NA,NA,NA,NA,NA,NA,NA,NA,FALSE,"not linked",NA,c(102046.370316474, 192912.862646443),NA,NA,NA,NA
"gbif_data",NA,NA,NA,2024,2024-09-10,51.15214,3.98616,3,"Bekken van de Gentse Kanalen",9,1,NA,NA,NA,NA,NA,NA,NA,NA,NA,NA,NA,NA,NA,TRUE,"<buffer","6042773",c(123230.506463397, 204747.251628393),"847","3",NA,5.92926101965811
"gbif_data",NA,NA,NA,2024,2024-09-10,51.21195,4.46566,4,"Benedenscheldebekken",4,NA,NA,NA,1,NA,NA,NA,NA,NA,NA,NA,NA,NA,NA,TRUE,"<buffer",NA,c(156771.398422604, 211337.060208477),NA,NA,"ANTANT0477",0
"gbif_data",NA,NA,NA,2024,2024-09-10,51.21177,4.46588,4,"Benedenscheldebekken",7,NA,NA,NA,1,NA,NA,NA,NA,NA,NA,NA,NA,NA,NA,TRUE,"<buffer",NA,c(156786.798083926, 211317.054685135),NA,NA,"ANTANT0477",0
"gbif_data",NA,NA,NA,2024,2024-09-10,51.07421,4.9666,10,"Netebekken",3,1,NA,NA,NA,NA,NA,NA,NA,NA,NA,NA,NA,NA,NA,FALSE,"not linked",NA,c(191899.457591332, 196177.880589979),NA,NA,NA,NA
"gbif_data",NA,NA,NA,2024,2024-09-10,51.07422,4.9666,10,"Netebekken",3,1,NA,NA,NA,NA,NA,NA,NA,NA,NA,NA,NA,NA,NA,FALSE,"not linked",NA,c(191899.448623709, 196178.993040366),NA,NA,NA,NA
"gbif_data",NA,NA,NA,2024,2024-09-10,50.99408,4.51427,8,"Dijle- en Zennebekken",11,1,NA,NA,NA,NA,NA,NA,NA,NA,NA,NA,NA,NA,NA,FALSE,"not linked",NA,c(160215.920000325, 187104.681137107),NA,NA,NA,NA
"gbif_data",NA,NA,NA,2024,2024-09-10,51.15261,4.05425,3,"Bekken van de Gentse Kanalen",5,1,NA,NA,NA,NA,NA,NA,NA,NA,NA,NA,NA,NA,NA,FALSE,"not linked",NA,c(127994.810538149, 204777.220523181),NA,NA,NA,NA
"gbif_data",NA,NA,NA,2024,2024-09-11,51.15277,4.05521,3,"Bekken van de Gentse Kanalen",7,1,NA,NA,NA,NA,NA,NA,NA,NA,NA,NA,NA,NA,NA,FALSE,"not linked",NA,c(128062.053746501, 204794.737209258),NA,NA,NA,NA
"gbif_data",NA,NA,NA,2024,2024-09-12,50.99346,4.48151,8,"Dijle- en Zennebekken",7,1,NA,NA,NA,NA,NA,NA,NA,NA,NA,NA,NA,NA,NA,TRUE,"<buffer","7022534",c(157916.112096455, 187031.687514347),"6560","1",NA,5.23365954718389
"gbif_data",NA,NA,NA,2024,2024-09-12,50.94977,4.53479,8,"Dijle- en Zennebekken",8,1,NA,NA,NA,NA,NA,NA,NA,NA,NA,NA,NA,NA,NA,TRUE,"<buffer","7066149",c(161667.592457912, 182178.468686128),"6707","2",NA,3.16848342661171
"gbif_data",NA,NA,NA,2024,2024-09-13,51.103285,3.698521,3,"Bekken van de Gentse Kanalen",NA,1,NA,NA,NA,NA,NA,NA,NA,NA,NA,NA,NA,NA,NA,TRUE,"<buffer","6019951",c(103056.428392315, 199454.809530048),"625","1",NA,5.07764890287156
"gbif_data",NA,NA,NA,2024,2024-09-13,51.24563,4.18645,4,"Benedenscheldebekken",4,NA,NA,1,NA,NA,NA,NA,NA,NA,NA,NA,NA,NA,NA,TRUE,"<buffer","7074093",c(137269.774141558, 215095.155203477),"47902","2",NA,6.34135126984416
"gbif_data",NA,NA,NA,2024,2024-09-13,51.24647,4.18882,4,"Benedenscheldebekken",4,NA,NA,NA,1,NA,NA,NA,NA,NA,NA,NA,NA,NA,NA,TRUE,"<buffer","7074094",c(137435.491922898, 215188.20765962),"47902","2",NA,4.44017381241122
"gbif_data",NA,NA,NA,2024,2024-09-13,51.24586,4.18738,4,"Benedenscheldebekken",4,NA,NA,1,NA,NA,NA,NA,NA,NA,NA,NA,NA,NA,NA,TRUE,"<buffer","7074093",c(137334.776378396, 215120.585527509),"47902","2",NA,3.6276117774306
"gbif_data",NA,NA,NA,2024,2024-09-13,51.24566,4.18646,4,"Benedenscheldebekken",4,NA,NA,1,NA,NA,NA,NA,NA,NA,NA,NA,NA,NA,NA,TRUE,"<buffer","7074093",c(137270.48058379, 215098.491158571),"47902","2",NA,3.24395297832409
"gbif_data",NA,NA,NA,2024,2024-09-13,51.24562,4.18625,4,"Benedenscheldebekken",7,NA,NA,1,NA,NA,NA,NA,NA,NA,NA,NA,NA,NA,NA,TRUE,"<buffer","7074093",c(137255.805832514, 215094.076825759),"47902","2",NA,4.30657778744393
"gbif_data",NA,NA,NA,2024,2024-09-13,51.24607,4.18803,4,"Benedenscheldebekken",4,NA,NA,1,NA,NA,NA,NA,NA,NA,NA,NA,NA,NA,NA,TRUE,"<buffer","7074094",c(137380.220954238, 215143.838927206),"47902","2",NA,4.92785565452783
"gbif_data",NA,NA,NA,2024,2024-09-13,51.24579,4.18712,4,"Benedenscheldebekken",4,NA,NA,1,NA,NA,NA,NA,NA,NA,NA,NA,NA,NA,NA,TRUE,"<buffer","7074093",c(137316.602229345, 215112.841855871),"47902","2",NA,3.89108121368502
"gbif_data",NA,NA,NA,2024,2024-09-13,51.24656,4.18896,4,"Benedenscheldebekken",4,NA,NA,1,NA,NA,NA,NA,NA,NA,NA,NA,NA,NA,NA,TRUE,"<buffer","7074094",c(137445.291808767, 215198.197063969),"47902","2",NA,4.57014484227938
"gbif_data",NA,NA,NA,2024,2024-09-13,51.24612,4.18817,4,"Benedenscheldebekken",4,NA,NA,1,NA,NA,NA,NA,NA,NA,NA,NA,NA,NA,NA,TRUE,"<buffer","7074094",c(137390.0102488, 215149.378007101),"47902","2",NA,5.72937430578534
"gbif_data",NA,NA,NA,2024,2024-09-13,51.24605,4.18794,4,"Benedenscheldebekken",4,NA,NA,1,NA,NA,NA,NA,NA,NA,NA,NA,NA,NA,NA,TRUE,"<buffer","7074094",c(137373.931102389, 215141.629059035),"47902","2",NA,3.61939257891903
"gbif_data",NA,NA,NA,2024,2024-09-13,51.21195,4.46566,4,"Benedenscheldebekken",5,NA,NA,NA,1,NA,NA,NA,NA,NA,NA,NA,NA,NA,NA,TRUE,"<buffer",NA,c(156771.398422604, 211337.060208477),NA,NA,"ANTANT0477",0
"gbif_data",NA,NA,NA,2024,2024-09-13,51.24574,4.18688,4,"Benedenscheldebekken",4,NA,NA,1,NA,NA,NA,NA,NA,NA,NA,NA,NA,NA,NA,TRUE,"<buffer","7074093",c(137299.83001113, 215107.319949011),"47902","2",NA,2.87302941381815
"gbif_data",NA,NA,NA,2024,2024-09-13,51.24714,4.18953,4,"Benedenscheldebekken",4,NA,NA,1,NA,NA,NA,NA,NA,NA,NA,NA,NA,NA,NA,TRUE,"<buffer","7074060",c(137485.248085018, 215262.629402152),"47902","2",NA,5.9139538788325
"gbif_data",NA,NA,NA,2024,2024-09-13,51.24591,4.18758,4,"Benedenscheldebekken",4,NA,NA,1,NA,NA,NA,NA,NA,NA,NA,NA,NA,NA,NA,TRUE,"<buffer","7074093",c(137348.755415961, 215126.114335936),"47902","2",NA,4.96842786455096
"gbif_data",NA,NA,NA,2024,2024-09-13,51.24587,4.1874,4,"Benedenscheldebekken",4,NA,NA,1,NA,NA,NA,NA,NA,NA,NA,NA,NA,NA,NA,TRUE,"<buffer","7074093",c(137336.175636952, 215121.694683874),"47902","2",NA,3.13278003376182
"gbif_data",NA,NA,NA,2024,2024-09-13,51.24586,4.18739,4,"Benedenscheldebekken",4,NA,NA,1,NA,NA,NA,NA,NA,NA,NA,NA,NA,NA,NA,TRUE,"<buffer","7074093",c(137335.474654218, 215120.583828425),"47902","2",NA,3.8943043014473
"gbif_data",NA,NA,NA,2024,2024-09-13,51.25531,3.20131,2,"Bekken van de Brugse Polders",30,1,NA,NA,NA,NA,NA,NA,NA,NA,NA,NA,NA,NA,NA,FALSE,"not linked",NA,c(68499.5521519779, 216796.560101726),NA,NA,NA,NA
"gbif_data",NA,NA,NA,2024,2024-09-13,51.21764,3.18912,2,"Bekken van de Brugse Polders",4,1,NA,NA,NA,NA,NA,NA,NA,NA,NA,NA,NA,NA,NA,FALSE,"not linked",NA,c(67582.0901364463, 212619.541270839),NA,NA,NA,NA
"gbif_data",NA,NA,NA,2024,2024-09-15,51.2298,5.0402,10,"Netebekken",15,NA,NA,NA,1,NA,NA,NA,NA,NA,NA,NA,NA,NA,NA,TRUE,"<buffer",NA,c(196900.83456028, 213530.974655299),NA,NA,"ANTRET0278",0
"gbif_data",NA,NA,NA,2024,2024-09-15,51.27594,3.18944,2,"Bekken van de Brugse Polders",9,1,NA,NA,NA,NA,NA,NA,NA,NA,NA,NA,NA,NA,NA,TRUE,"<buffer","5012565",c(67707.3990697302, 219104.582838968),"2197","99",NA,11.5464001862765
"gbif_data",NA,NA,NA,2024,2024-09-15,51.29324,3.24819,2,"Bekken van de Brugse Polders",3,1,NA,NA,NA,NA,NA,NA,NA,NA,NA,NA,NA,NA,NA,FALSE,"not linked",NA,c(71835.6703737234, 220965.667008235),NA,NA,NA,NA
"gbif_data",NA,NA,NA,2024,2024-09-16,51.09333,5.11144,10,"Netebekken",4,1,NA,NA,NA,NA,NA,NA,NA,NA,NA,NA,NA,NA,NA,FALSE,"not linked",NA,c(202028.854940365, 198396.582587191),NA,NA,NA,NA
"gbif_data",NA,NA,NA,2024,2024-09-16,51.09332,5.11144,10,"Netebekken",4,1,NA,NA,NA,NA,NA,NA,NA,NA,NA,NA,NA,NA,NA,FALSE,"not linked",NA,c(202028.866078066, 198395.470148954),NA,NA,NA,NA
"gbif_data",NA,NA,NA,2024,2024-09-16,51.17541,3.97406,3,"Bekken van de Gentse Kanalen",5,1,NA,NA,NA,NA,NA,NA,NA,NA,NA,NA,NA,NA,NA,FALSE,"not linked",NA,c(122397.639684514, 207340.478102579),NA,NA,NA,NA
"gbif_data",NA,NA,NA,2024,2024-09-17,51.13669,3.90935,3,"Bekken van de Gentse Kanalen",2,1,NA,NA,NA,NA,NA,NA,NA,NA,NA,NA,NA,NA,NA,TRUE,"<buffer","6025590",c(117845.715999515, 203058.870804889),"74","2",NA,5.61503318997279
"gbif_data",NA,NA,NA,2024,2024-09-17,51.2779,3.12737,2,"Bekken van de Brugse Polders",21,1,NA,NA,NA,NA,NA,NA,NA,NA,NA,NA,NA,NA,NA,FALSE,"not linked",NA,c(63380.2046398335, 219393.177531619),NA,NA,NA,NA
"gbif_data",NA,NA,NA,2024,2024-09-17,51.08843,3.06098,1,"Ijzerbekken",1,1,NA,NA,NA,NA,NA,NA,NA,NA,NA,NA,NA,NA,NA,FALSE,"not linked",NA,c(58377.1627565111, 198396.796032447),NA,NA,NA,NA
"gbif_data",NA,NA,NA,2024,2024-09-18,51.29629,5.14084,10,"Netebekken",4,NA,NA,NA,1,NA,NA,NA,NA,NA,NA,NA,NA,NA,NA,TRUE,"<buffer",NA,c(203853.40394439, 220996.421881925),NA,NA,"ANTMOL0723",0
"gbif_data",NA,NA,NA,2024,2024-09-18,51.24002,3.20271,2,"Bekken van de Brugse Polders",15,1,NA,NA,NA,NA,NA,NA,NA,NA,NA,NA,NA,NA,NA,FALSE,"not linked",NA,c(68570.5821732698, 215094.132934284),NA,NA,NA,NA
"gbif_data",NA,NA,NA,2024,2024-09-19,51.24708,4.18948,4,"Benedenscheldebekken",7,NA,NA,1,NA,NA,NA,NA,NA,NA,NA,NA,NA,NA,NA,TRUE,"<buffer","7074060",c(137481.740747084, 215255.962467229),"47902","2",NA,4.77408572499782
"gbif_data",NA,NA,NA,2024,2024-09-19,51.24559,4.18624,4,"Benedenscheldebekken",7,NA,NA,1,NA,NA,NA,NA,NA,NA,NA,NA,NA,NA,NA,TRUE,"<buffer","7074093",c(137255.099380248, 215090.740872717),"47902","2",NA,7.40397186170661
"gbif_data",NA,NA,NA,2024,2024-09-19,51.24665,4.18911,4,"Benedenscheldebekken",7,NA,NA,1,NA,NA,NA,NA,NA,NA,NA,NA,NA,NA,NA,TRUE,"<buffer","7074094",c(137455.789920948, 215208.184804318),"47902","2",NA,6.32214866585102
"gbif_data",NA,NA,NA,2024,2024-09-19,51.24657,4.189,4,"Benedenscheldebekken",7,NA,NA,1,NA,NA,NA,NA,NA,NA,NA,NA,NA,NA,NA,TRUE,"<buffer","7074094",c(137448.087553187, 215199.302882533),"47902","2",NA,5.81693077096275
"gbif_data",NA,NA,NA,2024,2024-09-19,51.24645,4.18882,4,"Benedenscheldebekken",4,NA,NA,1,NA,NA,NA,NA,NA,NA,NA,NA,NA,NA,NA,TRUE,"<buffer","7074094",c(137435.48655163, 215185.982550099),"47902","2",NA,5.97973551819587
"gbif_data",NA,NA,NA,2024,2024-09-19,51.24622,4.18842,4,"Benedenscheldebekken",4,NA,NA,1,NA,NA,NA,NA,NA,NA,NA,NA,NA,NA,NA,TRUE,"<buffer","7074094",c(137407.49396377, 215160.461290277),"47902","2",NA,7.08623177097456
"gbif_data",NA,NA,NA,2024,2024-09-19,51.24564,4.18649,4,"Benedenscheldebekken",7,NA,NA,1,NA,NA,NA,NA,NA,NA,NA,NA,NA,NA,NA,TRUE,"<buffer","7074093",c(137272.569979095, 215096.260926984),"47902","2",NA,5.88073903185578
"gbif_data",NA,NA,NA,2024,2024-09-19,51.24562,4.18653,4,"Benedenscheldebekken",7,NA,NA,1,NA,NA,NA,NA,NA,NA,NA,NA,NA,NA,NA,TRUE,"<buffer","7074093",c(137275.3576556, 215094.028989074),"47902","2",NA,8.67348435593081
"gbif_data",NA,NA,NA,2024,2024-09-19,50.92905,4.48701,8,"Dijle- en Zennebekken",5,1,NA,NA,NA,NA,NA,NA,NA,NA,NA,NA,NA,NA,NA,TRUE,"<buffer","6036879",c(158313.722885454, 179867.042104458),"6565","2",NA,5.72680791425419
"gbif_data",NA,NA,NA,2024,2024-09-19,51.24613,4.18819,4,"Benedenscheldebekken",7,NA,NA,1,NA,NA,NA,NA,NA,NA,NA,NA,NA,NA,NA,TRUE,"<buffer","7074094",c(137391.409487764, 215150.487178486),"47902","2",NA,5.61438014643485
"gbif_data",NA,NA,NA,2024,2024-09-19,51.2473,4.18958,4,"Benedenscheldebekken",7,NA,NA,1,NA,NA,NA,NA,NA,NA,NA,NA,NA,NA,NA,TRUE,"<buffer","7074060",c(137488.782156441, 215280.421891006),"47902","2",NA,3.4487120954132
"gbif_data",NA,NA,NA,2024,2024-09-19,51.24642,4.18882,4,"Benedenscheldebekken",4,NA,NA,1,NA,NA,NA,NA,NA,NA,NA,NA,NA,NA,NA,TRUE,"<buffer","7074094",c(137435.478494727, 215182.64488585),"47902","2",NA,8.28907805382629
"gbif_data",NA,NA,NA,2024,2024-09-19,51.24707,4.18951,4,"Benedenscheldebekken",7,NA,NA,1,NA,NA,NA,NA,NA,NA,NA,NA,NA,NA,NA,TRUE,"<buffer","7074060",c(137483.832844561, 215254.844874571),"47902","2",NA,7.11634935075466
"gbif_data",NA,NA,NA,2024,2024-09-19,51.24558,4.18604,4,"Benedenscheldebekken",4,NA,NA,1,NA,NA,NA,NA,NA,NA,NA,NA,NA,NA,NA,TRUE,"<buffer","7074093",c(137241.131056168, 215089.662534552),"47902","2",NA,6.4971980108517
"gbif_data",NA,NA,NA,2024,2024-09-19,51.21953,3.18882,2,"Bekken van de Brugse Polders",5,1,NA,NA,NA,NA,NA,NA,NA,NA,NA,NA,NA,NA,NA,FALSE,"not linked",NA,c(67564.4710737544, 212830.118714864),NA,NA,NA,NA
"gbif_data",NA,NA,NA,2024,2024-09-22,51.14892,5.01562,10,"Netebekken",2,NA,NA,NA,1,NA,NA,NA,NA,NA,NA,NA,NA,NA,NA,TRUE,"<buffer",NA,c(195262.41731093, 204517.88924477),NA,NA,"ANTGEE0771",0
"gbif_data",NA,NA,NA,2024,2024-09-22,51.2146,4.47394,4,"Benedenscheldebekken",5,NA,NA,NA,1,NA,NA,NA,NA,NA,NA,NA,NA,NA,NA,TRUE,"<buffer",NA,c(157349.57227472, 211632.676731232),NA,NA,"ANTANT0476",0
"gbif_data",NA,NA,NA,2024,2024-09-22,50.98727,4.51198,8,"Dijle- en Zennebekken",5,1,NA,NA,NA,NA,NA,NA,NA,NA,NA,NA,NA,NA,NA,TRUE,"<buffer",NA,c(160056.619174291, 186346.786329752),NA,NA,"VBRZEM0068",13.3707607153084
"gbif_data",NA,NA,NA,2024,2024-09-22,51.13662,3.79228,3,"Bekken van de Gentse Kanalen",30,1,NA,NA,NA,NA,NA,NA,NA,NA,NA,NA,NA,NA,NA,TRUE,"GRB/2 + buffer","6030132",c(109651.966837664, 203108.16249223),"8","0",NA,21.8886002090951
"gbif_data",NA,NA,NA,2024,2024-09-22,51.1481,3.91012,3,"Bekken van de Gentse Kanalen",4,1,NA,NA,NA,NA,NA,NA,NA,NA,NA,NA,NA,NA,NA,TRUE,"GRB/2 + buffer","6019429",c(117907.437034353, 204327.891936119),"26","1",NA,15.1970060860702
"gbif_data",NA,NA,NA,2024,2024-09-23,51.15113,3.94714,3,"Bekken van de Gentse Kanalen",4,1,NA,NA,NA,NA,NA,NA,NA,NA,NA,NA,NA,NA,NA,TRUE,"<buffer","6025627",c(120499.749813636, 204649.648545617),"518","2",NA,6.73135731703794
"gbif_data",NA,NA,NA,2024,2024-09-23,51.29322,3.24825,2,"Bekken van de Brugse Polders",19,1,NA,NA,NA,NA,NA,NA,NA,NA,NA,NA,NA,NA,NA,FALSE,"not linked",NA,c(71839.8217481648, 220963.378982607),NA,NA,NA,NA
"gbif_data",NA,NA,NA,2024,2024-09-23,51.29291,3.24895,2,"Bekken van de Brugse Polders",40,1,NA,NA,NA,NA,NA,NA,NA,NA,NA,NA,NA,NA,NA,FALSE,"not linked",NA,c(71888.1261650157, 220928.156794354),NA,NA,NA,NA
"gbif_data",NA,NA,NA,2024,2024-09-24,51.24729,4.18957,4,"Benedenscheldebekken",4,NA,NA,1,NA,NA,NA,NA,NA,NA,NA,NA,NA,NA,NA,TRUE,"<buffer","7074060",c(137488.081227748, 215279.311014287),"47902","2",NA,3.14864052324858
"gbif_data",NA,NA,NA,2024,2024-09-24,51.24561,4.18616,4,"Benedenscheldebekken",7,NA,NA,1,NA,NA,NA,NA,NA,NA,NA,NA,NA,NA,NA,TRUE,"<buffer","7074093",c(137249.5185925, 215092.979663207),"47902","2",NA,3.98736583881222
"gbif_data",NA,NA,NA,2024,2024-09-24,51.24665,4.18909,4,"Benedenscheldebekken",4,NA,NA,1,NA,NA,NA,NA,NA,NA,NA,NA,NA,NA,NA,TRUE,"<buffer","7074094",c(137454.393392898, 215208.188170178),"47902","2",NA,5.21709762908106
"gbif_data",NA,NA,NA,2024,2024-09-24,51.24606,4.18798,4,"Benedenscheldebekken",4,NA,NA,1,NA,NA,NA,NA,NA,NA,NA,NA,NA,NA,NA,TRUE,"<buffer","7074094",c(137376.726892566, 215142.734838892),"47902","2",NA,4.0947680799308
"gbif_data",NA,NA,NA,2024,2024-09-24,51.24632,4.18862,4,"Benedenscheldebekken",4,NA,NA,1,NA,NA,NA,NA,NA,NA,NA,NA,NA,NA,NA,TRUE,"<buffer","7074094",c(137421.48625917, 215171.553068962),"47902","2",NA,7.11868523487865
"gbif_data",NA,NA,NA,2024,2024-09-24,51.24577,4.18708,4,"Benedenscheldebekken",4,NA,NA,NA,1,NA,NA,NA,NA,NA,NA,NA,NA,NA,NA,TRUE,"<buffer","7074093",c(137313.803698475, 215110.623554159),"47902","2",NA,4.880729284747
"gbif_data",NA,NA,NA,2024,2024-09-24,51.24563,4.18617,4,"Benedenscheldebekken",4,NA,NA,1,NA,NA,NA,NA,NA,NA,NA,NA,NA,NA,NA,TRUE,"<buffer","7074093",c(137250.22232272, 215095.203061218),"47902","2",NA,1.97442510492574
"gbif_data",NA,NA,NA,2024,2024-09-25,51.17081,3.92867,3,"Bekken van de Gentse Kanalen",10,1,NA,NA,NA,NA,NA,NA,NA,NA,NA,NA,NA,NA,NA,FALSE,"not linked",NA,c(119220.38679807, 206846.538665495),NA,NA,NA,NA
"gbif_data",NA,NA,NA,2024,2024-09-26,50.99717,5.27111,9,"Demerbekken",5,NA,NA,NA,1,NA,NA,NA,NA,NA,NA,NA,NA,NA,NA,TRUE,"<buffer",NA,c(213344.161137293, 187823.821389912),NA,NA,"LIMHVL0239",4.64024674570333
"gbif_data",NA,NA,NA,2024,2024-09-26,51.28341,3.35764,2,"Bekken van de Brugse Polders",2,1,NA,NA,NA,NA,NA,NA,NA,NA,NA,NA,NA,NA,NA,TRUE,"<buffer","5007111",c(79454.8826236502, 219762.586276623),"2306","2",NA,4.15525965881613
"gbif_data",NA,NA,NA,2024,2024-09-26,50.99783,5.27176,9,"Demerbekken",7,NA,NA,NA,1,NA,NA,NA,NA,NA,NA,NA,NA,NA,NA,TRUE,"<buffer",NA,c(213388.894442253, 187897.793318967),NA,NA,"LIMHVL0092",0
"gbif_data",NA,NA,NA,2024,2024-09-26,51.21462,4.47344,4,"Benedenscheldebekken",7,NA,NA,NA,1,NA,NA,NA,NA,NA,NA,NA,NA,NA,NA,TRUE,"<buffer",NA,c(157314.631837322, 211634.852114691),NA,NA,"ANTANT0476",6.37340012154927
"gbif_data",NA,NA,NA,2024,2024-09-26,51.2146,4.4739,4,"Benedenscheldebekken",4,NA,NA,NA,1,NA,NA,NA,NA,NA,NA,NA,NA,NA,NA,TRUE,"<buffer",NA,c(157346.777292377, 211632.672746385),NA,NA,"ANTANT0476",0
"gbif_data",NA,NA,NA,2024,2024-09-26,50.9972,5.2711,9,"Demerbekken",5,NA,NA,NA,1,NA,NA,NA,NA,NA,NA,NA,NA,NA,NA,TRUE,"<buffer",NA,c(213343.418597405, 187827.149979095),NA,NA,"LIMHVL0239",3.01067289727945
"gbif_data",NA,NA,NA,2024,2024-09-26,51.28332,3.35768,2,"Bekken van de Brugse Polders",15,1,NA,NA,NA,NA,NA,NA,NA,NA,NA,NA,NA,NA,NA,TRUE,"<buffer",NA,c(79457.5369761082, 219752.536056424),NA,NA,"WVLDAM0435",4.28957815514754
"gbif_data",NA,NA,NA,2024,2024-09-27,51.21459,4.47391,4,"Benedenscheldebekken",7,NA,NA,NA,1,NA,NA,NA,NA,NA,NA,NA,NA,NA,NA,TRUE,"<buffer",NA,c(157347.477623982, 211631.561199556),NA,NA,"ANTANT0476",0.281871580337831
"gbif_data",NA,NA,NA,2024,2024-09-27,51.27571,3.22437,2,"Bekken van de Brugse Polders",12,1,NA,NA,NA,NA,NA,NA,NA,NA,NA,NA,NA,NA,NA,FALSE,"not linked",NA,c(70144.2169708062, 219040.880297325),NA,NA,NA,NA
"gbif_data",NA,NA,NA,2024,2024-09-28,51.21465,4.47362,4,"Benedenscheldebekken",5,NA,NA,NA,1,NA,NA,NA,NA,NA,NA,NA,NA,NA,NA,TRUE,"<buffer",NA,c(157327.204507545, 211638.207609212),NA,NA,"ANTANT0476",2.76773126149375
"gbif_data",NA,NA,NA,2024,2024-09-29,51.07408,4.96755,10,"Netebekken",2,1,NA,NA,NA,NA,NA,NA,NA,NA,NA,NA,NA,NA,NA,TRUE,"<buffer","7029235",c(191966.15292003, 196163.955862127),"43507","9",NA,5.71158558016711
"gbif_data",NA,NA,NA,2024,2024-09-29,51.2923,3.33903,2,"Bekken van de Brugse Polders",30,1,NA,NA,NA,NA,NA,NA,NA,NA,NA,NA,NA,NA,NA,TRUE,"<buffer","6005811",c(78170.2639975225, 220769.403381154),"10","0",NA,9.55963144074624
"gbif_data",NA,NA,NA,2024,2024-09-30,51.20321,3.09406,2,"Bekken van de Brugse Polders",7,1,NA,NA,NA,NA,NA,NA,NA,NA,NA,NA,NA,NA,NA,TRUE,"<buffer","6033336",c(60913.6043993671, 211124.082702534),"12","0",NA,1.08400064606443
"gbif_data",NA,NA,NA,2024,2024-09-30,51.21457,4.47418,4,"Benedenscheldebekken",5,NA,NA,NA,1,NA,NA,NA,NA,NA,NA,NA,NA,NA,NA,TRUE,"<buffer",NA,c(157366.346938928, 211629.363043264),NA,NA,"ANTANT0476",0
"gbif_data",NA,NA,NA,2024,2024-09-30,51.21463,4.47359,4,"Benedenscheldebekken",15,NA,NA,NA,1,NA,NA,NA,NA,NA,NA,NA,NA,NA,NA,TRUE,"<buffer",NA,c(157325.111435471, 211635.979543616),NA,NA,"ANTANT0476",5.39251344509498
"gbif_data",NA,NA,NA,2024,2024-10-01,51.21197,4.46567,4,"Benedenscheldebekken",5,NA,NA,NA,1,NA,NA,NA,NA,NA,NA,NA,NA,NA,NA,TRUE,"<buffer",NA,c(156772.094282894, 211339.286210912),NA,NA,"ANTANT0477",0
"gbif_data",NA,NA,NA,2024,2024-10-01,51.15118,3.92431,3,"Bekken van de Gentse Kanalen",8,1,NA,NA,NA,NA,NA,NA,NA,NA,NA,NA,NA,NA,NA,TRUE,"<buffer","6019537",c(118902.401332937, 204664.511987074),"26","1",NA,14.707110451346
"gbif_data",NA,NA,NA,2024,2024-10-01,51.20223,3.09794,2,"Bekken van de Brugse Polders",15,1,NA,NA,NA,NA,NA,NA,NA,NA,NA,NA,NA,NA,NA,FALSE,"not linked",NA,c(61182.8794329762, 211010.424303356),NA,NA,NA,NA
"gbif_data",NA,NA,NA,2024,2024-10-02,51.22271,3.07765,2,"Bekken van de Brugse Polders",5,1,NA,NA,NA,NA,NA,NA,NA,NA,NA,NA,NA,NA,NA,FALSE,"not linked",NA,c(59804.5536865764, 213313.018769837),NA,NA,NA,NA
"gbif_data",NA,NA,NA,2024,2024-10-03,51.28687,4.5332,4,"Benedenscheldebekken",10,NA,NA,NA,1,NA,NA,NA,NA,NA,NA,NA,NA,NA,NA,TRUE,"<buffer",NA,c(161472.453141245, 219680.685156768),NA,NA,"ANTSOT0221",5.75826263637799
"gbif_data",NA,NA,NA,2024,2024-10-03,51.24656,4.18896,4,"Benedenscheldebekken",7,NA,NA,NA,1,NA,NA,NA,NA,NA,NA,NA,NA,NA,NA,TRUE,"<buffer","7074094",c(137445.291808767, 215198.197063969),"47902","2",NA,4.57014484227938
"gbif_data",NA,NA,NA,2024,2024-10-03,51.24571,4.18687,4,"Benedenscheldebekken",4,NA,NA,1,NA,NA,NA,NA,NA,NA,NA,NA,NA,NA,NA,TRUE,"<buffer","7074093",c(137299.123588967, 215103.983989812),"47902","2",NA,5.86649304971738
"gbif_data",NA,NA,NA,2024,2024-10-03,51.24565,4.1864,4,"Benedenscheldebekken",4,NA,NA,1,NA,NA,NA,NA,NA,NA,NA,NA,NA,NA,NA,TRUE,"<buffer","7074093",c(137266.288189111, 215097.388852708),"47902","2",NA,3.39264296376069
"gbif_data",NA,NA,NA,2024,2024-10-03,51.24688,4.18942,4,"Benedenscheldebekken",7,NA,NA,1,NA,NA,NA,NA,NA,NA,NA,NA,NA,NA,NA,TRUE,"<buffer","7066952",c(137477.497668655, 215233.721444694),"65266","99",NA,9.06466557539285
"gbif_data",NA,NA,NA,2024,2024-10-03,51.24668,4.18909,4,"Benedenscheldebekken",7,NA,NA,NA,1,NA,NA,NA,NA,NA,NA,NA,NA,NA,NA,TRUE,"<buffer","7074094",c(137454.401437664, 215211.525834763),"47902","2",NA,3.17627340948483
"gbif_data",NA,NA,NA,2024,2024-10-03,51.24664,4.1891,4,"Benedenscheldebekken",7,NA,NA,1,NA,NA,NA,NA,NA,NA,NA,NA,NA,NA,NA,TRUE,"<buffer","7074094",c(137455.088975484, 215207.073932346),"47902","2",NA,6.44989803006804
"gbif_data",NA,NA,NA,2024,2024-10-03,51.24578,4.18708,4,"Benedenscheldebekken",7,NA,NA,1,NA,NA,NA,NA,NA,NA,NA,NA,NA,NA,NA,TRUE,"<buffer","7074093",c(137313.80641018, 215111.736108553),"47902","2",NA,3.85251444262278
"gbif_data",NA,NA,NA,2024,2024-10-03,51.2456,4.18595,4,"Benedenscheldebekken",4,NA,NA,NA,1,NA,NA,NA,NA,NA,NA,NA,NA,NA,NA,TRUE,"<buffer","7074093",c(137234.851993565, 215091.903052613),"47902","2",NA,3.87101110274127
"gbif_data",NA,NA,NA,2024,2024-10-03,51.24692,4.18946,4,"Benedenscheldebekken",7,NA,NA,1,NA,NA,NA,NA,NA,NA,NA,NA,NA,NA,NA,TRUE,"<buffer","7066952",c(137480.301415181, 215238.164945714),"65266","99",NA,3.82620331471872
"gbif_data",NA,NA,NA,2024,2024-10-03,51.24692,4.18944,4,"Benedenscheldebekken",7,NA,NA,1,NA,NA,NA,NA,NA,NA,NA,NA,NA,NA,NA,TRUE,"<buffer","7066952",c(137478.904895206, 215238.168304973),"65266","99",NA,4.65760314711981
"gbif_data",NA,NA,NA,2024,2024-10-03,51.24664,4.18913,4,"Benedenscheldebekken",7,NA,NA,1,NA,NA,NA,NA,NA,NA,NA,NA,NA,NA,NA,TRUE,"<buffer","7074094",c(137457.183768009, 215207.068883978),"47902","2",NA,8.10747468200973
"gbif_data",NA,NA,NA,2024,2024-10-03,51.24578,4.18711,4,"Benedenscheldebekken",4,NA,NA,1,NA,NA,NA,NA,NA,NA,NA,NA,NA,NA,NA,TRUE,"<buffer","7074093",c(137315.901241224, 215111.731003102),"47902","2",NA,4.65260095620236
"gbif_data",NA,NA,NA,2024,2024-10-05,51.21463,4.47455,4,"Benedenscheldebekken",14,NA,NA,NA,1,NA,NA,NA,NA,NA,NA,NA,NA,NA,NA,TRUE,"<buffer",NA,c(157392.190968364, 211636.075315418),NA,NA,"ANTANT0476",0
"gbif_data",NA,NA,NA,2024,2024-10-05,51.00107,5.67373,11,"Maasbekken",5,NA,NA,NA,1,NA,NA,NA,NA,NA,NA,NA,NA,NA,NA,TRUE,"<buffer",NA,c(241597.460284747, 188677.974634542),NA,NA,"LIMMSM0026",0
"gbif_data",NA,NA,NA,2024,2024-10-06,51.21193,4.46569,4,"Benedenscheldebekken",5,NA,NA,NA,1,NA,NA,NA,NA,NA,NA,NA,NA,NA,NA,TRUE,"<buffer",NA,c(156773.497704503, 211334.837880659),NA,NA,"ANTANT0477",0
"gbif_data",NA,NA,NA,2024,2024-10-06,51.0758,4.9687,10,"Netebekken",26,1,NA,NA,NA,NA,NA,NA,NA,NA,NA,NA,NA,NA,NA,TRUE,"<buffer",NA,c(192045.2003962, 196355.948679255),NA,NA,"ANTLKD0082",11.3983068925525
"gbif_data",NA,NA,NA,2024,2024-10-06,51.21459,4.47448,4,"Benedenscheldebekken",6,NA,NA,NA,1,NA,NA,NA,NA,NA,NA,NA,NA,NA,NA,TRUE,"<buffer",NA,c(157387.306130704, 211631.61813116),NA,NA,"ANTANT0476",0
"gbif_data",NA,NA,NA,2024,2024-10-08,51.24614,4.18816,4,"Benedenscheldebekken",4,NA,NA,1,NA,NA,NA,NA,NA,NA,NA,NA,NA,NA,NA,TRUE,"<buffer","7074094",c(137389.317367901, 215151.604808021),"47902","2",NA,3.50431603239634
"gbif_data",NA,NA,NA,2024,2024-10-08,51.24569,4.18663,4,"Benedenscheldebekken",4,NA,NA,1,NA,NA,NA,NA,NA,NA,NA,NA,NA,NA,NA,TRUE,"<buffer","7074093",c(137282.359478735, 215101.799802669),"47902","2",NA,3.15351409926041
"gbif_data",NA,NA,NA,2024,2024-10-08,51.24658,4.18905,4,"Benedenscheldebekken",4,NA,NA,NA,1,NA,NA,NA,NA,NA,NA,NA,NA,NA,NA,TRUE,"<buffer","7074094",c(137451.581561485, 215200.40701916),"47902","2",NA,7.76891462990109
"gbif_data",NA,NA,NA,2024,2024-10-08,51.24694,4.18945,4,"Benedenscheldebekken",4,NA,NA,1,NA,NA,NA,NA,NA,NA,NA,NA,NA,NA,NA,TRUE,"<buffer","7066952",c(137479.608507583, 215240.391735283),"65266","99",NA,2.40049906293059
"gbif_data",NA,NA,NA,2024,2024-10-08,51.22856,5.19507,10,"Netebekken",15,NA,NA,NA,1,NA,NA,NA,NA,NA,NA,NA,NA,NA,NA,TRUE,"<buffer",NA,c(207719.775365306, 213502.23337578),NA,NA,"ANTMOL0164",0
"gbif_data",NA,NA,NA,2024,2024-10-08,51.2473,4.18959,4,"Benedenscheldebekken",4,NA,NA,1,NA,NA,NA,NA,NA,NA,NA,NA,NA,NA,NA,TRUE,"<buffer","7074060",c(137489.480410738, 215280.420212661),"47902","2",NA,4.10929356297735
"gbif_data",NA,NA,NA,2024,2024-10-08,51.24694,4.18944,4,"Benedenscheldebekken",4,NA,NA,NA,1,NA,NA,NA,NA,NA,NA,NA,NA,NA,NA,TRUE,"<buffer","7066952",c(137478.910247896, 215240.393414959),"65266","99",NA,2.68345548788599
"gbif_data",NA,NA,NA,2024,2024-10-08,51.24657,4.18898,4,"Benedenscheldebekken",4,NA,NA,NA,1,NA,NA,NA,NA,NA,NA,NA,NA,NA,NA,TRUE,"<buffer","7074094",c(137446.691022745, 215199.30625047),"47902","2",NA,4.80864673613777
"gbif_data",NA,NA,NA,2024,2024-10-08,51.24562,4.1864,4,"Benedenscheldebekken",7,NA,NA,NA,1,NA,NA,NA,NA,NA,NA,NA,NA,NA,NA,TRUE,"<buffer","7074093",c(137266.28002343, 215094.051189793),"47902","2",NA,6.64600095919133
"gbif_data",NA,NA,NA,2024,2024-10-08,51.24714,4.18952,4,"Benedenscheldebekken",4,NA,NA,1,NA,NA,NA,NA,NA,NA,NA,NA,NA,NA,NA,TRUE,"<buffer","7074060",c(137484.549828325, 215262.63108107),"47902","2",NA,5.25336995949089
"gbif_data",NA,NA,NA,2024,2024-10-08,51.24593,4.18759,4,"Benedenscheldebekken",4,NA,NA,1,NA,NA,NA,NA,NA,NA,NA,NA,NA,NA,NA,TRUE,"<buffer","7074093",c(137349.459099166, 215128.337747682),"47902","2",NA,3.31894066857222
"gbif_data",NA,NA,NA,2024,2024-10-08,51.1902,4.95534,10,"Netebekken",1,NA,NA,NA,1,NA,NA,NA,NA,NA,NA,NA,NA,NA,NA,TRUE,"<buffer","7025502",c(191008.26491134, 209075.175321595),"5","0",NA,10.9497762106339
"gbif_data",NA,NA,NA,2024,2024-10-08,51.24588,4.18741,4,"Benedenscheldebekken",4,NA,NA,NA,1,NA,NA,NA,NA,NA,NA,NA,NA,NA,NA,TRUE,"<buffer","7074093",c(137336.876619386, 215122.805539425),"47902","2",NA,2.43459753669248
"gbif_data",NA,NA,NA,2024,2024-10-08,51.24565,4.1865,4,"Benedenscheldebekken",7,NA,NA,NA,1,NA,NA,NA,NA,NA,NA,NA,NA,NA,NA,TRUE,"<buffer","7074093",c(137273.270978589, 215097.371773833),"47902","2",NA,4.95224594617901
"gbif_data",NA,NA,NA,2024,2024-10-08,51.07173,5.02031,10,"Netebekken",4,1,NA,NA,NA,NA,NA,NA,NA,NA,NA,NA,NA,NA,NA,TRUE,"<buffer",NA,c(195666.011818933, 195933.699379833),NA,NA,"LIMTES0041",0
"gbif_data",NA,NA,NA,2024,2024-10-08,51.24729,4.18959,4,"Benedenscheldebekken",4,NA,NA,1,NA,NA,NA,NA,NA,NA,NA,NA,NA,NA,NA,TRUE,"<buffer","7074060",c(137489.47773664, 215279.307657501),"47902","2",NA,4.46980377309579
"gbif_data",NA,NA,NA,2024,2024-10-08,51.24666,4.18914,4,"Benedenscheldebekken",4,NA,NA,1,NA,NA,NA,NA,NA,NA,NA,NA,NA,NA,NA,TRUE,"<buffer","7074094",c(137457.887393864, 215209.292311089),"47902","2",NA,7.2994494612826
"gbif_data",NA,NA,NA,2024,2024-10-08,51.24646,4.1888,4,"Benedenscheldebekken",4,NA,NA,1,NA,NA,NA,NA,NA,NA,NA,NA,NA,NA,NA,TRUE,"<buffer","7074094",c(137434.092703533, 215187.098476186),"47902","2",NA,4.20166591048078
"gbif_data",NA,NA,NA,2024,2024-10-08,51.24568,4.18666,4,"Benedenscheldebekken",4,NA,NA,1,NA,NA,NA,NA,NA,NA,NA,NA,NA,NA,NA,TRUE,"<buffer","7074093",c(137284.451595796, 215100.682130175),"47902","2",NA,4.82399683967753
"gbif_data",NA,NA,NA,2024,2024-10-08,51.32844,3.29352,2,"Bekken van de Brugse Polders",15,1,NA,NA,NA,NA,NA,NA,NA,NA,NA,NA,NA,NA,NA,TRUE,"<buffer",NA,c(75054.0735192397, 224834.840389283),NA,NA,"WVLKNO0424",0
"gbif_data",NA,NA,NA,2024,2024-10-10,50.98734,4.51093,8,"Dijle- en Zennebekken",16,1,NA,NA,NA,NA,NA,NA,NA,NA,NA,NA,NA,NA,NA,TRUE,"<buffer",NA,c(159982.878332466, 186354.431116223),NA,NA,"VBRZEM0068",7.01018873327778
"gbif_data",NA,NA,NA,2024,2024-10-10,51.22418,5.17178,10,"Netebekken",7,NA,NA,NA,1,NA,NA,NA,NA,NA,NA,NA,NA,NA,NA,TRUE,"<buffer",NA,c(206098.254913552, 212997.100577154),NA,NA,"ANTMOL0052",0
"gbif_data",NA,NA,NA,2024,2024-10-10,50.98733,4.51209,8,"Dijle- en Zennebekken",4,1,NA,NA,NA,NA,NA,NA,NA,NA,NA,NA,NA,NA,NA,FALSE,"not linked",NA,c(160064.329888314, 186353.476018642),NA,NA,NA,NA
"gbif_data",NA,NA,NA,2024,2024-10-10,51.2627,5.40255,11,"Maasbekken",5,NA,NA,NA,1,NA,NA,NA,NA,NA,NA,NA,NA,NA,NA,FALSE,"not linked",NA,c(222158.964799358, 217481.806698921),NA,NA,NA,NA
"gbif_data",NA,NA,NA,2024,2024-10-11,51.30066,3.29983,2,"Bekken van de Brugse Polders",15,1,NA,NA,NA,NA,NA,NA,NA,NA,NA,NA,NA,NA,NA,FALSE,"not linked",NA,c(75449.3961151213, 221738.041841565),NA,NA,NA,NA
"gbif_data",NA,NA,NA,2024,2024-10-12,51.28514,4.49846,4,"Benedenscheldebekken",9,NA,NA,NA,1,NA,NA,NA,NA,NA,NA,NA,NA,NA,NA,TRUE,"<buffer",NA,c(159049.11323617, 219483.386313457),NA,NA,"ANTBRS0173",2.09388085974102
"gbif_data",NA,NA,NA,2024,2024-10-13,50.98649,5.3385,9,"Demerbekken",15,NA,NA,1,NA,NA,NA,NA,NA,NA,NA,NA,NA,NA,NA,FALSE,"not linked",NA,c(218090.117568708, 186695.501280666),NA,NA,NA,NA
"gbif_data",NA,NA,NA,2024,2024-10-15,51.21195,4.46571,4,"Benedenscheldebekken",5,NA,NA,NA,1,NA,NA,NA,NA,NA,NA,NA,NA,NA,NA,TRUE,"<buffer",NA,c(156774.892349591, 211337.064802319),NA,NA,"ANTANT0477",0
"gbif_data",NA,NA,NA,2024,2024-10-15,51.06559,3.73216,3,"Bekken van de Gentse Kanalen",2,NA,NA,1,NA,NA,NA,NA,NA,NA,NA,NA,NA,NA,NA,FALSE,"not linked",NA,c(105376.546775197, 195240.719280759),NA,NA,NA,NA
"gbif_data",NA,NA,NA,2024,2024-10-17,51.11431,5.13645,10,"Netebekken",7,NA,NA,NA,1,NA,NA,NA,NA,NA,NA,NA,NA,NA,NA,TRUE,"<buffer",NA,c(203756.719957134, 200748.314956427),NA,NA,"LIMHAM0043",0
"gbif_data",NA,NA,NA,2024,2024-10-18,51.21448,4.47465,4,"Benedenscheldebekken",2,NA,NA,NA,1,NA,NA,NA,NA,NA,NA,NA,NA,NA,NA,TRUE,"<buffer",NA,c(157399.202376237, 211619.397198495),NA,NA,"ANTANT0476",13.9755835903792
"gbif_data",NA,NA,NA,2024,2024-10-18,51.13651,5.08383,10,"Netebekken",11,NA,NA,NA,1,NA,NA,NA,NA,NA,NA,NA,NA,NA,NA,TRUE,"<buffer",NA,c(200048.386124274, 203181.140348523),NA,NA,"ANTMEE0163",2.46345998618729
"gbif_data",NA,NA,NA,2024,2024-10-18,51.21439,4.47466,4,"Benedenscheldebekken",11,NA,NA,NA,1,NA,NA,NA,NA,NA,NA,NA,NA,NA,NA,TRUE,"<buffer","6024268",c(157399.915498919, 211609.385316278),"3103","1",NA,13.1756284400822
"gbif_data",NA,NA,NA,2024,2024-10-18,51.29191,3.24731,2,"Bekken van de Brugse Polders",4,1,NA,NA,NA,NA,NA,NA,NA,NA,NA,NA,NA,NA,NA,FALSE,"not linked",NA,c(71772.0579786335, 220818.637043046),NA,NA,NA,NA
"gbif_data",NA,NA,NA,2024,2024-10-20,51.13754,3.91184,3,"Bekken van de Gentse Kanalen",6,1,NA,NA,NA,NA,NA,NA,NA,NA,NA,NA,NA,NA,NA,TRUE,"<buffer","6025589",c(118020.572194446, 203152.358762149),"74","2",NA,5.53876750523486
"gbif_data",NA,NA,NA,2024,2024-10-20,51.34726,3.32656,2,"Bekken van de Brugse Polders",15,1,NA,NA,NA,NA,NA,NA,NA,NA,NA,NA,NA,NA,NA,FALSE,"not linked",NA,c(77386.2308939038, 226895.732765096),NA,NA,NA,NA
"gbif_data",NA,NA,NA,2024,2024-10-21,50.97745,5.49417,9,"Demerbekken",15,NA,1,NA,NA,NA,NA,NA,NA,NA,NA,NA,NA,NA,NA,TRUE,"<buffer",NA,c(229034.866080698, 185844.271322535),NA,NA,"LIMGNK0355",0
"gbif_data",NA,NA,NA,2024,2024-10-22,51.23342,3.19189,2,"Bekken van de Brugse Polders",6,1,NA,NA,NA,NA,NA,NA,NA,NA,NA,NA,NA,NA,NA,TRUE,"<buffer",NA,c(67803.4139992848, 214371.853581953),NA,NA,"WVLBRU1182",3.8770620365105
"gbif_data",NA,NA,NA,2024,2024-10-22,51.23345,3.19196,2,"Bekken van de Brugse Polders",1,1,NA,NA,NA,NA,NA,NA,NA,NA,NA,NA,NA,NA,NA,TRUE,"<buffer","6038448",c(67808.3554996035, 214375.113377952),"2225","2",NA,3.49584147789174
"gbif_data",NA,NA,NA,2024,2024-10-23,51.27271,3.30418,2,"Bekken van de Brugse Polders",30,1,NA,NA,NA,NA,NA,NA,NA,NA,NA,NA,NA,NA,NA,TRUE,"<buffer","7036968",c(75708.204934849, 218624.355106014),"10","0",NA,13.428895944187
"gbif_data",NA,NA,NA,2024,2024-10-23,51.2727,3.30471,2,"Bekken van de Brugse Polders",60,1,NA,NA,NA,NA,NA,NA,NA,NA,NA,NA,NA,NA,NA,TRUE,"GRB/2 + buffer","7036968",c(75745.1726100239, 218622.712844484),"10","0",NA,16.9706686613601
"gbif_data",NA,NA,NA,2024,2024-10-24,51.2473,4.18961,4,"Benedenscheldebekken",4,NA,NA,1,NA,NA,NA,NA,NA,NA,NA,NA,NA,NA,NA,TRUE,"<buffer","7074060",c(137490.876919332, 215280.416856252),"47902","2",NA,5.43045640726453
"gbif_data",NA,NA,NA,2024,2024-10-24,51.24684,4.18937,4,"Benedenscheldebekken",4,NA,NA,NA,1,NA,NA,NA,NA,NA,NA,NA,NA,NA,NA,TRUE,"<buffer","7074094",c(137473.995656154, 215229.279625599),"47902","2",NA,8.12763322080066
"gbif_data",NA,NA,NA,2024,2024-10-24,51.24554,4.18594,4,"Benedenscheldebekken",15,NA,NA,1,NA,NA,NA,NA,NA,NA,NA,NA,NA,NA,NA,TRUE,"<buffer","7074093",c(137234.137341163, 215085.229439694),"47902","2",NA,10.487351914465
"gbif_data",NA,NA,NA,2024,2024-10-24,51.2456,4.18616,4,"Benedenscheldebekken",4,NA,NA,NA,1,NA,NA,NA,NA,NA,NA,NA,NA,NA,NA,TRUE,"<buffer","7074093",c(137249.51586701, 215091.867108926),"47902","2",NA,5.07181768603808
"gbif_data",NA,NA,NA,2024,2024-10-24,51.2456,4.18598,4,"Benedenscheldebekken",4,NA,NA,1,NA,NA,NA,NA,NA,NA,NA,NA,NA,NA,NA,TRUE,"<buffer","7074093",c(137236.946832622, 215091.897915262),"47902","2",NA,4.00624967631797
"gbif_data",NA,NA,NA,2024,2024-10-24,51.24561,4.18599,4,"Benedenscheldebekken",4,NA,NA,NA,1,NA,NA,NA,NA,NA,NA,NA,NA,NA,NA,TRUE,"<buffer","7074093",c(137237.647840346, 215093.008757275),"47902","2",NA,2.94109219719508
"gbif_data",NA,NA,NA,2024,2024-10-24,51.2473,4.18961,4,"Benedenscheldebekken",4,NA,NA,NA,1,NA,NA,NA,NA,NA,NA,NA,NA,NA,NA,TRUE,"<buffer","7074060",c(137490.876919332, 215280.416856252),"47902","2",NA,5.43045640726453
"gbif_data",NA,NA,NA,2024,2024-10-24,51.24697,4.18945,4,"Benedenscheldebekken",4,NA,NA,1,NA,NA,NA,NA,NA,NA,NA,NA,NA,NA,NA,TRUE,"<buffer","7066952",c(137479.616536168, 215243.729400293),"65266","99",NA,0.650852677398488
"gbif_data",NA,NA,NA,2024,2024-10-24,51.24569,4.18656,4,"Benedenscheldebekken",7,NA,NA,1,NA,NA,NA,NA,NA,NA,NA,NA,NA,NA,NA,TRUE,"<buffer","7074093",c(137277.471530273, 215101.811748328),"47902","2",NA,1.74091819338134
"gbif_data",NA,NA,NA,2024,2024-10-24,51.30251,3.2565,2,"Bekken van de Brugse Polders",60,1,NA,NA,NA,NA,NA,NA,NA,NA,NA,NA,NA,NA,NA,TRUE,"<buffer","6043601",c(72430.7229330795, 221988.204245939),"2676","2",NA,0.967113016572388
"gbif_data",NA,NA,NA,2024,2024-10-24,51.30256,3.25633,2,"Bekken van de Brugse Polders",60,1,NA,NA,NA,NA,NA,NA,NA,NA,NA,NA,NA,NA,NA,TRUE,"<buffer","6043601",c(72418.9512562659, 221993.944036767),"2676","2",NA,7.37896577625665
"gbif_data",NA,NA,NA,2024,2024-10-25,51.2081,3.93096,3,"Bekken van de Gentse Kanalen",30,NA,NA,NA,NA,NA,NA,1,NA,NA,NA,NA,NA,NA,NA,TRUE,"<buffer","7052691",c(119404.968900357, 210994.157733893),"2872","2",NA,11.0970609919218
"gbif_data",NA,NA,NA,2024,2024-10-25,51.2682,3.68549,3,"Bekken van de Gentse Kanalen",3,1,NA,NA,NA,NA,NA,NA,NA,NA,NA,NA,NA,NA,NA,TRUE,"<buffer","5040337",c(102312.414757259, 217809.664979714),"2801","0",NA,13.9822333790686
"gbif_data",NA,NA,NA,2024,2024-10-25,51.2682,3.68549,3,"Bekken van de Gentse Kanalen",3,1,NA,NA,NA,NA,NA,NA,NA,NA,NA,NA,NA,NA,NA,TRUE,"<buffer","5040337",c(102312.414757259, 217809.664979714),"2801","0",NA,13.9822333790686
"gbif_data",NA,NA,NA,2024,2024-10-25,51.2682,3.68548,3,"Bekken van de Gentse Kanalen",3,1,NA,NA,NA,NA,NA,NA,NA,NA,NA,NA,NA,NA,NA,TRUE,"<buffer","5040337",c(102311.71684363, 217809.671395609),"2801","0",NA,13.7226232339045
"gbif_data",NA,NA,NA,2024,2024-10-25,50.89248,4.72294,8,"Dijle- en Zennebekken",10,NA,1,NA,NA,NA,NA,NA,NA,NA,NA,NA,NA,NA,NA,FALSE,"not linked",NA,c(174919.534227268, 175851.861442138),NA,NA,NA,NA
"gbif_data",NA,NA,NA,2024,2024-10-25,50.89267,4.72312,8,"Dijle- en Zennebekken",5,NA,1,NA,NA,NA,NA,NA,NA,NA,NA,NA,NA,NA,NA,FALSE,"not linked",NA,c(174932.097319397, 175873.057761214),NA,NA,NA,NA
"gbif_data",NA,NA,NA,2024,2024-10-26,51.26834,3.68576,3,"Bekken van de Gentse Kanalen",3,1,NA,NA,NA,NA,NA,NA,NA,NA,NA,NA,NA,NA,NA,TRUE,"<buffer","5040337",c(102331.40155093, 217825.067076715),"2801","0",NA,6.20694222753171
"gbif_data",NA,NA,NA,2024,2024-10-26,51.26834,3.68576,3,"Bekken van de Gentse Kanalen",3,1,NA,NA,NA,NA,NA,NA,NA,NA,NA,NA,NA,NA,NA,TRUE,"<buffer","5040337",c(102331.40155093, 217825.067076715),"2801","0",NA,6.20694222753171
"gbif_data",NA,NA,NA,2024,2024-10-26,51.28369,4.39182,4,"Benedenscheldebekken",5,NA,NA,NA,1,NA,NA,NA,NA,NA,NA,NA,NA,NA,NA,TRUE,"<buffer",NA,c(151609.010312882, 219314.339113673),NA,NA,"ANTANT0297",0
"gbif_data",NA,NA,NA,2024,2024-10-27,51.14579,4.45803,4,"Benedenscheldebekken",6,1,NA,NA,NA,NA,NA,NA,NA,NA,NA,NA,NA,NA,NA,TRUE,"<buffer",NA,c(156247.143875251, 203975.901582636),NA,NA,"ANTEDE0161",2.42402515307109
"gbif_data",NA,NA,NA,2024,2024-10-27,51.26825,3.68563,3,"Bekken van de Gentse Kanalen",3,1,NA,NA,NA,NA,NA,NA,NA,NA,NA,NA,NA,NA,NA,TRUE,"<buffer","5040337",c(102322.236674091, 217815.137770667),"2801","0",NA,12.345609894727
"gbif_data",NA,NA,NA,2024,2024-10-27,51.14579,4.45803,4,"Benedenscheldebekken",6,1,NA,NA,NA,NA,NA,NA,NA,NA,NA,NA,NA,NA,NA,TRUE,"<buffer",NA,c(156247.143875251, 203975.901582636),NA,NA,"ANTEDE0161",2.42402515307109
"gbif_data",NA,NA,NA,2024,2024-10-28,51.26824,3.68552,3,"Bekken van de Gentse Kanalen",3,1,NA,NA,NA,NA,NA,NA,NA,NA,NA,NA,NA,NA,NA,TRUE,"<buffer","5040337",c(102314.549405498, 217814.095815406),"2801","0",NA,10.6301123685488
"gbif_data",NA,NA,NA,2024,2024-10-28,51.26823,3.68549,3,"Bekken van de Gentse Kanalen",3,1,NA,NA,NA,NA,NA,NA,NA,NA,NA,NA,NA,NA,NA,TRUE,"<buffer","5040337",c(102312.445439119, 217813.002541802),"2801","0",NA,10.8840206981285
"gbif_data",NA,NA,NA,2024,2024-10-28,51.23459,3.24684,2,"Bekken van de Brugse Polders",35,1,NA,NA,NA,NA,NA,NA,NA,NA,NA,NA,NA,NA,NA,FALSE,"not linked",NA,c(71642.9810148937, 214442.633839606),NA,NA,NA,NA
"gbif_data",NA,NA,NA,2024,2024-10-29,51.09038,4.74065,10,"Netebekken",5,NA,NA,1,NA,NA,NA,NA,NA,NA,NA,NA,NA,NA,NA,TRUE,"<buffer",NA,c(176055.074509591, 197873.197640129),NA,NA,"ANTHEI0433",0
"gbif_data",NA,NA,NA,2024,2024-10-29,50.93543,5.66304,11,"Maasbekken",5,NA,NA,1,NA,NA,NA,NA,NA,NA,NA,NA,NA,NA,NA,TRUE,"<buffer",NA,c(240974.540729686, 181363.838282774),NA,NA,"LIMLNK0237",0
"gbif_data",NA,NA,NA,2024,2024-10-31,51.16278,4.40495,4,"Benedenscheldebekken",20,NA,NA,NA,1,NA,NA,NA,NA,NA,NA,NA,NA,NA,NA,TRUE,"<buffer",NA,c(152531.788354734, 205862.897135941),NA,NA,"ANTANT0474",0.55511156436388
"gbif_data",NA,NA,NA,2024,2024-10-31,51.24559,4.18598,4,"Benedenscheldebekken",4,NA,NA,NA,1,NA,NA,NA,NA,NA,NA,NA,NA,NA,NA,TRUE,"<buffer","7074093",c(137236.944104436, 215090.785360988),"47902","2",NA,5.11648648137944
"gbif_data",NA,NA,NA,2024,2024-10-31,51.24625,4.18846,4,"Benedenscheldebekken",4,NA,NA,1,NA,NA,NA,NA,NA,NA,NA,NA,NA,NA,NA,TRUE,"<buffer","7074094",c(137410.295118665, 215163.792197607),"47902","2",NA,6.22380835471888
"gbif_data",NA,NA,NA,2024,2024-10-31,51.2473,4.1896,4,"Benedenscheldebekken",4,NA,NA,1,NA,NA,NA,NA,NA,NA,NA,NA,NA,NA,NA,TRUE,"<buffer","7074060",c(137490.178665035, 215280.418534411),"47902","2",NA,4.76987499984633
"gbif_data",NA,NA,NA,2024,2024-10-31,51.24636,4.18867,4,"Benedenscheldebekken",4,NA,NA,1,NA,NA,NA,NA,NA,NA,NA,NA,NA,NA,NA,TRUE,"<buffer","7074094",c(137424.988355492, 215175.994851662),"47902","2",NA,5.82340588151175
"gbif_data",NA,NA,NA,2024,2024-10-31,51.24651,4.18894,4,"Benedenscheldebekken",4,NA,NA,1,NA,NA,NA,NA,NA,NA,NA,NA,NA,NA,NA,TRUE,"<buffer","7074094",c(137443.881858846, 215192.637658666),"47902","2",NA,7.41077094220676
"gbif_data",NA,NA,NA,2024,2024-10-31,51.24587,4.1874,4,"Benedenscheldebekken",7,NA,NA,1,NA,NA,NA,NA,NA,NA,NA,NA,NA,NA,NA,TRUE,"<buffer","7074093",c(137336.175636952, 215121.694683874),"47902","2",NA,3.13278003376182
"gbif_data",NA,NA,NA,2024,2024-10-31,51.24585,4.18737,4,"Benedenscheldebekken",7,NA,NA,1,NA,NA,NA,NA,NA,NA,NA,NA,NA,NA,NA,TRUE,"<buffer","7074093",c(137334.075395213, 215119.474672252),"47902","2",NA,4.38913569712662
"gbif_data",NA,NA,NA,2024,2024-10-31,51.2471,4.18954,4,"Benedenscheldebekken",4,NA,NA,NA,1,NA,NA,NA,NA,NA,NA,NA,NA,NA,NA,TRUE,"<buffer","7074060",c(137485.935642325, 215258.177503011),"47902","2",NA,8.01657567059726
"gbif_data",NA,NA,NA,2024,2024-10-31,51.24683,4.18934,4,"Benedenscheldebekken",4,NA,NA,1,NA,NA,NA,NA,NA,NA,NA,NA,NA,NA,NA,TRUE,"<buffer","7074094",c(137471.898194759, 215228.17211223),"47902","2",NA,7.08940021471776
"gbif_data",NA,NA,NA,2024,2024-10-31,51.24653,4.18896,4,"Benedenscheldebekken",4,NA,NA,NA,1,NA,NA,NA,NA,NA,NA,NA,NA,NA,NA,TRUE,"<buffer","7074094",c(137445.283758157, 215194.859399557),"47902","2",NA,6.87949202370319
"gbif_data",NA,NA,NA,2024,2024-10-31,51.24598,4.18779,4,"Benedenscheldebekken",4,NA,NA,NA,1,NA,NA,NA,NA,NA,NA,NA,NA,NA,NA,TRUE,"<buffer","7074093",c(137363.438100118, 215133.86659585),"47902","2",NA,4.94193983223226
"gbif_data",NA,NA,NA,2024,2024-10-31,51.24588,4.18741,4,"Benedenscheldebekken",7,NA,NA,1,NA,NA,NA,NA,NA,NA,NA,NA,NA,NA,NA,TRUE,"<buffer","7074093",c(137336.876619386, 215122.805539425),"47902","2",NA,2.43459753669248
"gbif_data",NA,NA,NA,2024,2024-10-31,51.2457,4.18669,4,"Benedenscheldebekken",7,NA,NA,1,NA,NA,NA,NA,NA,NA,NA,NA,NA,NA,NA,TRUE,"<buffer","7074093",c(137286.551866403, 215102.902121542),"47902","2",NA,3.29922110114506
"gbif_data",NA,NA,NA,2024,2024-11-03,51.07797,4.82076,10,"Netebekken",2,NA,NA,NA,1,NA,NA,NA,NA,NA,NA,NA,NA,NA,NA,TRUE,"<buffer",NA,c(181675.971636769, 196523.813796551),NA,NA,"ANTWES0027",6.12394783637729
"gbif_data",NA,NA,NA,2024,2024-11-05,51.2459,4.18755,4,"Benedenscheldebekken",4,NA,NA,1,NA,NA,NA,NA,NA,NA,NA,NA,NA,NA,NA,TRUE,"<buffer","7074093",c(137346.657886065, 215125.006873645),"47902","2",NA,4.9854215518745
"gbif_data",NA,NA,NA,2024,2024-11-05,51.24592,4.18761,4,"Benedenscheldebekken",4,NA,NA,NA,1,NA,NA,NA,NA,NA,NA,NA,NA,NA,NA,TRUE,"<buffer","7074093",c(137350.85294496, 215127.221799079),"47902","2",NA,4.9514330069558
"gbif_data",NA,NA,NA,2024,2024-11-05,51.24571,4.18686,4,"Benedenscheldebekken",4,NA,NA,1,NA,NA,NA,NA,NA,NA,NA,NA,NA,NA,NA,TRUE,"<buffer","7074093",c(137298.425310908, 215103.985693796),"47902","2",NA,5.66469615160016
"gbif_data",NA,NA,NA,2024,2024-11-05,51.24588,4.18755,4,"Benedenscheldebekken",4,NA,NA,1,NA,NA,NA,NA,NA,NA,NA,NA,NA,NA,NA,TRUE,"<buffer","7074093",c(137346.652476739, 215122.781764722),"47902","2",NA,6.95800782200423
"gbif_data",NA,NA,NA,2024,2024-11-05,51.24634,4.18865,4,"Benedenscheldebekken",4,NA,NA,1,NA,NA,NA,NA,NA,NA,NA,NA,NA,NA,NA,TRUE,"<buffer","7074094",c(137423.586442409, 215173.773116407),"47902","2",NA,6.68908681803138
"gbif_data",NA,NA,NA,2024,2024-11-05,51.24569,4.18686,4,"Benedenscheldebekken",4,NA,NA,NA,1,NA,NA,NA,NA,NA,NA,NA,NA,NA,NA,TRUE,"<buffer","7074093",c(137298.419880906, 215101.760585092),"47902","2",NA,7.79486958833789
"gbif_data",NA,NA,NA,2024,2024-11-05,51.24591,4.1876,4,"Benedenscheldebekken",4,NA,NA,NA,1,NA,NA,NA,NA,NA,NA,NA,NA,NA,NA,TRUE,"<buffer","7074093",c(137350.151966118, 215126.110941621),"47902","2",NA,5.61462708310371
"gbif_data",NA,NA,NA,2024,2024-11-05,51.24655,4.18898,4,"Benedenscheldebekken",4,NA,NA,1,NA,NA,NA,NA,NA,NA,NA,NA,NA,NA,NA,TRUE,"<buffer","7074094",c(137446.685656271, 215197.081140848),"47902","2",NA,6.34821196528792
"gbif_data",NA,NA,NA,2024,2024-11-05,51.24663,4.18905,4,"Benedenscheldebekken",4,NA,NA,NA,1,NA,NA,NA,NA,NA,NA,NA,NA,NA,NA,TRUE,"<buffer","7074094",c(137451.594972425, 215205.969793328),"47902","2",NA,4.36754338346145
"gbif_data",NA,NA,NA,2024,2024-11-05,51.24588,4.18754,4,"Benedenscheldebekken",4,NA,NA,NA,1,NA,NA,NA,NA,NA,NA,NA,NA,NA,NA,TRUE,"<buffer","7074093",c(137345.954201213, 215122.783462306),"47902","2",NA,6.6349076271519
"gbif_data",NA,NA,NA,2024,2024-11-05,51.2459,4.18758,4,"Benedenscheldebekken",4,NA,NA,1,NA,NA,NA,NA,NA,NA,NA,NA,NA,NA,NA,TRUE,"<buffer","7074093",c(137348.752711748, 215125.001781466),"47902","2",NA,5.95472121370561
"gbif_data",NA,NA,NA,2024,2024-11-05,51.24729,4.18962,4,"Benedenscheldebekken",7,NA,NA,1,NA,NA,NA,NA,NA,NA,NA,NA,NA,NA,NA,TRUE,"<buffer","7074060",c(137491.572499981, 215279.302623026),"47902","2",NA,6.45154841925868
"gbif_data",NA,NA,NA,2024,2024-11-05,51.2462,4.18835,4,"Benedenscheldebekken",4,NA,NA,1,NA,NA,NA,NA,NA,NA,NA,NA,NA,NA,NA,TRUE,"<buffer","7074094",c(137402.600685256, 215158.2480087),"47902","2",NA,5.77147953990615
"gbif_data",NA,NA,NA,2024,2024-11-05,51.24584,4.18735,4,"Benedenscheldebekken",4,NA,NA,NA,1,NA,NA,NA,NA,NA,NA,NA,NA,NA,NA,TRUE,"<buffer","7074093",c(137332.67613561, 215118.365516465),"47902","2",NA,4.88396650889792
"gbif_data",NA,NA,NA,2024,2024-11-08,51.2458,4.18736,4,"Benedenscheldebekken",1,NA,NA,NA,1,NA,NA,NA,NA,NA,NA,NA,NA,NA,NA,TRUE,"<buffer","7074093",c(137333.363581693, 215113.913599405),"47902","2",NA,9.26352525710453
"gbif_data",NA,NA,NA,2024,2024-11-08,51.24558,4.1862,4,"Benedenscheldebekken",1,NA,NA,NA,1,NA,NA,NA,NA,NA,NA,NA,NA,NA,NA,TRUE,"<buffer","7074093",c(137252.303535992, 215089.635158652),"47902","2",NA,7.86457340567894
"gbif_data",NA,NA,NA,2024,2024-11-08,51.24554,4.18598,4,"Benedenscheldebekken",1,NA,NA,NA,1,NA,NA,NA,NA,NA,NA,NA,NA,NA,NA,TRUE,"<buffer","7074093",c(137236.930463502, 215085.222589695),"47902","2",NA,10.6676704323284
"gbif_data",NA,NA,NA,2024,2024-11-08,51.24563,4.18645,4,"Benedenscheldebekken",1,NA,NA,1,NA,NA,NA,NA,NA,NA,NA,NA,NA,NA,NA,TRUE,"<buffer","7074093",c(137269.774141558, 215095.155203477),"47902","2",NA,6.34135126984416
"gbif_data",NA,NA,NA,2024,2024-11-08,51.24554,4.18598,4,"Benedenscheldebekken",1,NA,NA,NA,1,NA,NA,NA,NA,NA,NA,NA,NA,NA,NA,TRUE,"<buffer","7074093",c(137236.930463502, 215085.222589695),"47902","2",NA,10.6676704323284
"gbif_data",NA,NA,NA,2024,2024-11-08,51.24576,4.18713,4,"Benedenscheldebekken",2,NA,NA,NA,1,NA,NA,NA,NA,NA,NA,NA,NA,NA,NA,TRUE,"<buffer","7074093",c(137317.292373343, 215109.502491152),"47902","2",NA,7.24242178292177
"gbif_data",NA,NA,NA,2024,2024-11-10,50.9909,4.51415,8,"Dijle- en Zennebekken",23,1,NA,NA,NA,NA,NA,NA,NA,NA,NA,NA,NA,NA,NA,TRUE,"<buffer",NA,c(160208.191431361, 186750.904210849),NA,NA,"VBRZEM0059",0
"gbif_data",NA,NA,NA,2024,2024-11-10,50.99083,4.51413,8,"Dijle- en Zennebekken",3,1,NA,NA,NA,NA,NA,NA,NA,NA,NA,NA,NA,NA,NA,TRUE,"<buffer",NA,c(160206.802557219, 186743.114274989),NA,NA,"VBRZEM0059",0
"gbif_data",NA,NA,NA,2024,2024-11-10,50.99079,4.51411,8,"Dijle- en Zennebekken",6,1,NA,NA,NA,NA,NA,NA,NA,NA,NA,NA,NA,NA,NA,TRUE,"<buffer",NA,c(160205.407114472, 186738.661699571),NA,NA,"VBRZEM0059",0
"gbif_data",NA,NA,NA,2024,2024-11-16,51.21466,4.4779,4,"Benedenscheldebekken",40,NA,NA,NA,1,NA,NA,NA,NA,NA,NA,NA,NA,NA,NA,TRUE,"<buffer",NA,c(157626.265641183, 211639.753941293),NA,NA,"ANTANT0476",7.74531459073559
"gbif_data",NA,NA,NA,2024,2024-11-19,51.24539,4.17939,4,"Benedenscheldebekken",60,NA,NA,NA,1,NA,NA,NA,NA,NA,NA,NA,NA,NA,NA,FALSE,"not linked",NA,c(136776.721204815, 215069.683114074),NA,NA,NA,NA
"gbif_data",NA,NA,NA,2024,2024-11-25,51.21449,4.47432,4,"Benedenscheldebekken",11,NA,NA,NA,1,NA,NA,NA,NA,NA,NA,NA,NA,NA,NA,TRUE,"<buffer",NA,c(157376.142120658, 211620.4766908),NA,NA,"ANTANT0476",7.22920475183254
"gbif_data",NA,NA,NA,2024,2024-11-25,51.21454,4.47436,4,"Benedenscheldebekken",3,NA,NA,NA,1,NA,NA,NA,NA,NA,NA,NA,NA,NA,NA,TRUE,"<buffer",NA,c(157378.929145764, 211626.043405754),NA,NA,"ANTANT0476",1.51621509463415
"gbif_data",NA,NA,NA,2024,2024-11-28,51.24561,4.18606,4,"Benedenscheldebekken",7,NA,NA,NA,1,NA,NA,NA,NA,NA,NA,NA,NA,NA,NA,TRUE,"<buffer","7074093",c(137242.535797107, 215092.996774074),"47902","2",NA,3.2566448597394
"gbif_data",NA,NA,NA,2024,2024-11-28,51.24582,4.18727,4,"Benedenscheldebekken",7,NA,NA,NA,1,NA,NA,NA,NA,NA,NA,NA,NA,NA,NA,TRUE,"<buffer","7074093",c(137327.084508928, 215116.154005961),"47902","2",NA,4.80685206915342
"gbif_data",NA,NA,NA,2024,2024-11-28,51.24559,4.18604,4,"Benedenscheldebekken",7,NA,NA,1,NA,NA,NA,NA,NA,NA,NA,NA,NA,NA,NA,TRUE,"<buffer","7074093",c(137241.133783456, 215090.775088822),"47902","2",NA,5.38696115273693
"gbif_data",NA,NA,NA,2024,2024-11-28,51.24715,4.18957,4,"Benedenscheldebekken",7,NA,NA,NA,1,NA,NA,NA,NA,NA,NA,NA,NA,NA,NA,TRUE,"<buffer","7074060",c(137488.043786188, 215263.735242521),"47902","2",NA,8.1957793444306
"gbif_data",NA,NA,NA,2024,2024-11-28,51.24572,4.18679,4,"Benedenscheldebekken",7,NA,NA,1,NA,NA,NA,NA,NA,NA,NA,NA,NA,NA,NA,TRUE,"<buffer","7074093",c(137293.540080557, 215105.110178663),"47902","2",NA,3.18702892565061
"gbif_data",NA,NA,NA,2024,2024-11-28,51.24562,4.18605,4,"Benedenscheldebekken",7,NA,NA,NA,1,NA,NA,NA,NA,NA,NA,NA,NA,NA,NA,TRUE,"<buffer","7074093",c(137241.840244707, 215094.11103996),"47902","2",NA,2.10132931045215
"gbif_data",NA,NA,NA,2024,2024-11-30,51.22551,3.15112,2,"Bekken van de Brugse Polders",10,1,NA,NA,NA,NA,NA,NA,NA,NA,NA,NA,NA,NA,NA,TRUE,"<buffer","6002379",c(64941.7227121506, 213537.831714218),"18299","2",NA,7.09326274867579
"gbif_data",NA,NA,NA,2024,2024-12-04,51.17994,4.0558,3,"Bekken van de Gentse Kanalen",30,1,NA,NA,NA,NA,NA,NA,NA,NA,NA,NA,NA,NA,NA,TRUE,"<buffer","6030202",c(128116.045864418, 207817.262943497),"871","2",NA,3.39919993398729
"gbif_data",NA,NA,NA,2024,2024-12-04,51.17994,4.0558,3,"Bekken van de Gentse Kanalen",30,1,NA,NA,NA,NA,NA,NA,NA,NA,NA,NA,NA,NA,NA,TRUE,"<buffer","6030202",c(128116.045864418, 207817.262943497),"871","2",NA,3.39919993398729
"gbif_data",NA,NA,NA,2024,2024-12-04,51.17994,4.0558,3,"Bekken van de Gentse Kanalen",30,1,NA,NA,NA,NA,NA,NA,NA,NA,NA,NA,NA,NA,NA,TRUE,"<buffer","6030202",c(128116.045864418, 207817.262943497),"871","2",NA,3.39919993398729
"gbif_data",NA,NA,NA,2024,2024-12-04,51.17994,4.0558,3,"Bekken van de Gentse Kanalen",30,1,NA,NA,NA,NA,NA,NA,NA,NA,NA,NA,NA,NA,NA,TRUE,"<buffer","6030202",c(128116.045864418, 207817.262943497),"871","2",NA,3.39919993398729
"gbif_data",NA,NA,NA,2024,2024-12-05,51.24561,4.18599,4,"Benedenscheldebekken",7,NA,NA,NA,1,NA,NA,NA,NA,NA,NA,NA,NA,NA,NA,TRUE,"<buffer","7074093",c(137237.647840346, 215093.008757275),"47902","2",NA,2.94109219719508
"gbif_data",NA,NA,NA,2024,2024-12-05,51.24732,4.18962,4,"Benedenscheldebekken",4,NA,NA,NA,1,NA,NA,NA,NA,NA,NA,NA,NA,NA,NA,TRUE,"<buffer","7074060",c(137491.580520925, 215282.640288523),"47902","2",NA,5.37001650877675
"gbif_data",NA,NA,NA,2024,2024-12-08,51.2147,4.47356,4,"Benedenscheldebekken",3,NA,NA,NA,1,NA,NA,NA,NA,NA,NA,NA,NA,NA,NA,TRUE,"<buffer",NA,c(157323.004134624, 211643.764365301),NA,NA,"ANTANT0476",0
"gbif_data",NA,NA,NA,2024,2024-12-10,51.24602,4.18793,4,"Benedenscheldebekken",15,NA,NA,NA,1,NA,NA,NA,NA,NA,NA,NA,NA,NA,NA,TRUE,"<buffer","7074093",c(137373.224732493, 215138.293089326),"47902","2",NA,6.12812061254976
"gbif_data",NA,NA,NA,2024,2024-12-15,50.85928,4.48048,8,"Dijle- en Zennebekken",30,NA,NA,NA,NA,NA,NA,1,NA,NA,NA,NA,NA,NA,NA,TRUE,"<buffer",NA,c(157866.39916083, 172104.963624713),NA,NA,"VBRZAV0055",0
"gbif_data",NA,NA,NA,2024,2024-12-17,51.24701,4.18951,4,"Benedenscheldebekken",4,NA,NA,NA,1,NA,NA,NA,NA,NA,NA,NA,NA,NA,NA,TRUE,"<buffer","7066952",c(137483.816792784, 215248.169544308),"65266","99",NA,6.41914462259523
"gbif_data",NA,NA,NA,2024,2024-12-20,50.8983,4.83614,9,"Demerbekken",5,NA,NA,NA,1,NA,NA,NA,NA,NA,NA,NA,NA,NA,NA,TRUE,"<buffer",NA,c(182879.770596002, 176543.414761564),NA,NA,"VBRLUB0035",0
"gbif_data",NA,NA,NA,2024,2024-12-24,51.0434,3.68939,3,"Bekken van de Gentse Kanalen",7,NA,NA,NA,1,NA,NA,NA,NA,NA,NA,NA,NA,NA,NA,TRUE,"<buffer",NA,c(102356.014728201, 192798.770972669),NA,NA,"OVLGNT0817",0
"gbif_data",NA,NA,NA,2024,2024-12-26,51.24651,4.18892,4,"Benedenscheldebekken",4,NA,NA,NA,1,NA,NA,NA,NA,NA,NA,NA,NA,NA,NA,TRUE,"<buffer","7074094",c(137442.485326609, 215192.641027734),"47902","2",NA,6.40248482983837
"gbif_data",NA,NA,NA,2024,2024-12-26,51.24577,4.18705,4,"Benedenscheldebekken",4,NA,NA,1,NA,NA,NA,NA,NA,NA,NA,NA,NA,NA,NA,TRUE,"<buffer","7074093",c(137311.708866983, 215110.628660457),"47902","2",NA,4.08064181728614
"gbif_data",NA,NA,NA,2024,2024-12-26,51.42838,4.71219,11,"Maasbekken",30,NA,NA,NA,1,NA,NA,NA,NA,NA,NA,NA,NA,NA,NA,TRUE,"<buffer",NA,c(173886.883703389, 235467.883386876),NA,NA,"ANTHGS0175",3.51150491748049
"gbif_data",NA,NA,NA,2024,2024-12-26,51.24716,4.18953,4,"Benedenscheldebekken",4,NA,NA,NA,1,NA,NA,NA,NA,NA,NA,NA,NA,NA,NA,TRUE,"<buffer","7074060",c(137485.253435011, 215264.85451234),"47902","2",NA,5.19293520117208
"gbif_data",NA,NA,NA,2024,2024-12-26,51.24652,4.18895,4,"Benedenscheldebekken",4,NA,NA,NA,1,NA,NA,NA,NA,NA,NA,NA,NA,NA,NA,TRUE,"<buffer","7074094",c(137444.582808651, 215193.748529062),"47902","2",NA,7.14513162530292
"gbif_data",NA,NA,NA,2024,2024-12-26,51.24568,4.18656,4,"Benedenscheldebekken",4,NA,NA,NA,1,NA,NA,NA,NA,NA,NA,NA,NA,NA,NA,TRUE,"<buffer","7074093",c(137277.468810776, 215100.699193994),"47902","2",NA,2.80600360622829
"gbif_data",NA,NA,NA,2024,2024-12-26,51.24733,4.18961,4,"Benedenscheldebekken",4,NA,NA,NA,1,NA,NA,NA,NA,NA,NA,NA,NA,NA,NA,TRUE,"<buffer","7074060",c(137490.884940726, 215283.754521761),"47902","2",NA,4.34892491770819
"gbif_data",NA,NA,NA,2024,2024-12-26,51.24654,4.18895,4,"Benedenscheldebekken",4,NA,NA,1,NA,NA,NA,NA,NA,NA,NA,NA,NA,NA,NA,TRUE,"<buffer","7074094",c(137444.588176024, 215195.973638655),"47902","2",NA,5.60556706371656
"gbif_data",NA,NA,NA,2024,2024-12-26,51.24611,4.1881,4,"Benedenscheldebekken",4,NA,NA,1,NA,NA,NA,NA,NA,NA,NA,NA,NA,NA,NA,TRUE,"<buffer","7074094",c(137385.119648768, 215148.277296692),"47902","2",NA,3.84929491163908
"gbif_data",NA,NA,NA,2024,2024-12-26,51.24595,4.1877,4,"Benedenscheldebekken",4,NA,NA,NA,1,NA,NA,NA,NA,NA,NA,NA,NA,NA,NA,TRUE,"<buffer","7074093",c(137357.145526575, 215130.544193626),"47902","2",NA,4.90044141479275
"gbif_data",NA,NA,NA,2024,2024-12-26,51.24589,4.18747,4,"Benedenscheldebekken",4,NA,NA,1,NA,NA,NA,NA,NA,NA,NA,NA,NA,NA,NA,TRUE,"<buffer","7074093",c(137341.068978393, 215123.907902464),"47902","2",NA,3.38691136821555
"gbif_data",NA,NA,NA,2024,2024-12-26,51.24583,4.18729,4,"Benedenscheldebekken",4,NA,NA,1,NA,NA,NA,NA,NA,NA,NA,NA,NA,NA,NA,TRUE,"<buffer","7074093",c(137328.483770326, 215117.263160233),"47902","2",NA,4.3120233404512
"gbif_data",NA,NA,NA,2024,2024-12-30,51.32721,4.85466,10,"Netebekken",15,NA,NA,NA,1,NA,NA,NA,NA,NA,NA,NA,NA,NA,NA,FALSE,"not linked",NA,c(183869.895984313, 224267.186159588),NA,NA,NA,NA
"gbif_data",NA,NA,NA,2025,2025-01-01,51.21466,4.47458,4,"Benedenscheldebekken",15,NA,NA,NA,1,NA,NA,NA,NA,NA,NA,NA,NA,NA,NA,TRUE,"<buffer",NA,c(157394.282415573, 211639.415950988),NA,NA,"ANTANT0476",0
"gbif_data",NA,NA,NA,2025,2025-01-02,51.24582,4.18729,4,"Benedenscheldebekken",4,NA,NA,NA,1,NA,NA,NA,NA,NA,NA,NA,NA,NA,NA,TRUE,"<buffer","7074093",c(137328.481061767, 215116.150605809),"47902","2",NA,5.34023940567963
"gbif_data",NA,NA,NA,2025,2025-01-02,51.24734,4.18961,4,"Benedenscheldebekken",7,NA,NA,NA,1,NA,NA,NA,NA,NA,NA,NA,NA,NA,NA,TRUE,"<buffer","7074060",c(137490.887614523, 215284.86707694),"47902","2",NA,3.98841441826088
"gbif_data",NA,NA,NA,2025,2025-01-02,51.24688,4.18941,4,"Benedenscheldebekken",4,NA,NA,NA,1,NA,NA,NA,NA,NA,NA,NA,NA,NA,NA,TRUE,"<buffer","7074094",c(137476.799408069, 215233.723124654),"47902","2",NA,8.50770592812075
"gbif_data",NA,NA,NA,2025,2025-01-05,51.19044,4.03742,3,"Bekken van de Gentse Kanalen",3,1,NA,NA,NA,NA,NA,NA,NA,NA,NA,NA,NA,NA,NA,TRUE,"<buffer","6030225",c(126836.009497995, 208990.973369073),"555","2",NA,4.97279467470699
"gbif_data",NA,NA,NA,2025,2025-01-07,51.24569,4.1868,4,"Benedenscheldebekken",3,NA,NA,NA,1,NA,NA,NA,NA,NA,NA,NA,NA,NA,NA,TRUE,"<buffer","7074093",c(137294.230210763, 215101.770810969),"47902","2",NA,6.58408579043991
"gbif_data",NA,NA,NA,2025,2025-01-09,51.21458,4.47443,4,"Benedenscheldebekken",15,NA,NA,NA,1,NA,NA,NA,NA,NA,NA,NA,NA,NA,NA,TRUE,"<buffer",NA,c(157383.813995872, 211630.500582039),NA,NA,"ANTANT0476",0
"gbif_data",NA,NA,NA,2025,2025-01-12,51.21986,3.13151,2,"Bekken van de Brugse Polders",5,1,NA,NA,NA,NA,NA,NA,NA,NA,NA,NA,NA,NA,NA,TRUE,"<buffer","7005416",c(63561.5212178012, 212931.961635125),"129","2",NA,5.04821250093182
"gbif_data",NA,NA,NA,2025,2025-01-14,51.24565,4.18653,4,"Benedenscheldebekken",3,NA,NA,1,NA,NA,NA,NA,NA,NA,NA,NA,NA,NA,NA,TRUE,"<buffer","7074093",c(137275.365815437, 215097.366652003),"47902","2",NA,5.42012505565951
"gbif_data",NA,NA,NA,2025,2025-01-14,51.24603,4.18792,4,"Benedenscheldebekken",3,NA,NA,NA,1,NA,NA,NA,NA,NA,NA,NA,NA,NA,NA,TRUE,"<buffer","7074093",c(137372.529158174, 215139.407337862),"47902","2",NA,4.81492248962296
"gbif_data",NA,NA,NA,2025,2025-01-14,51.24556,4.18602,4,"Benedenscheldebekken",3,NA,NA,NA,1,NA,NA,NA,NA,NA,NA,NA,NA,NA,NA,TRUE,"<buffer","7074093",c(137239.729041019, 215087.440849707),"47902","2",NA,8.6275138046363
"gbif_data",NA,NA,NA,2025,2025-01-14,51.24582,4.18731,4,"Benedenscheldebekken",3,NA,NA,1,NA,NA,NA,NA,NA,NA,NA,NA,NA,NA,NA,TRUE,"<buffer","7074093",c(137329.877614608, 215116.147206033),"47902","2",NA,5.8736263945239
"gbif_data",NA,NA,NA,2025,2025-01-15,51.21456,4.4743,4,"Benedenscheldebekken",15,NA,NA,NA,1,NA,NA,NA,NA,NA,NA,NA,NA,NA,NA,TRUE,"<buffer",NA,c(157374.733483163, 211628.262491073),NA,NA,"ANTANT0476",0
"gbif_data",NA,NA,NA,2025,2025-01-15,51.21456,4.4743,4,"Benedenscheldebekken",15,NA,NA,NA,1,NA,NA,NA,NA,NA,NA,NA,NA,NA,NA,TRUE,"<buffer",NA,c(157374.733483163, 211628.262491073),NA,NA,"ANTANT0476",0
"gbif_data",NA,NA,NA,2025,2025-01-21,51.24567,4.18679,4,"Benedenscheldebekken",3,NA,NA,NA,1,NA,NA,NA,NA,NA,NA,NA,NA,NA,NA,TRUE,"<buffer","7074093",c(137293.526500306, 215099.54740693),"47902","2",NA,8.51246099006797
"gbif_data",NA,NA,NA,2025,2025-01-21,51.24699,4.18949,4,"Benedenscheldebekken",3,NA,NA,1,NA,NA,NA,NA,NA,NA,NA,NA,NA,NA,NA,TRUE,"<buffer","7066952",c(137482.414924313, 215245.947792568),"65266","99",NA,3.8169125411325
"gbif_data",NA,NA,NA,2025,2025-01-21,51.24718,4.18969,4,"Benedenscheldebekken",3,NA,NA,1,NA,NA,NA,NA,NA,NA,NA,NA,NA,NA,NA,TRUE,"GRB/2 + buffer","7074060",c(137496.430882527, 215267.052772702),"47902","2",NA,15.0412460027489
"gbif_data",NA,NA,NA,2025,2025-01-22,51.07253,4.18306,4,"Benedenscheldebekken",4,1,NA,NA,NA,NA,NA,NA,NA,NA,NA,NA,NA,NA,NA,TRUE,"<buffer","4204340",c(136985.076538563, 195838.063297707),"3120","3",NA,2.22430613305695
"gbif_data",NA,NA,NA,2025,2025-01-25,51.18088,4.6529,10,"Netebekken",1,NA,NA,1,NA,NA,NA,NA,NA,NA,NA,NA,NA,NA,NA,TRUE,"<buffer","6011675",c(169868.681032814, 207914.131166467),"8854","2",NA,5.22546856585017
"gbif_data",NA,NA,NA,2025,2025-01-26,51.28421,4.39067,4,"Benedenscheldebekken",30,NA,NA,NA,1,NA,NA,NA,NA,NA,NA,NA,NA,NA,NA,TRUE,"<buffer",NA,c(151528.755925089, 219372.167951719),NA,NA,"ANTANT0297",0
"gbif_data",NA,NA,NA,2025,2025-01-28,51.24587,4.18747,4,"Benedenscheldebekken",3,NA,NA,NA,1,NA,NA,NA,NA,NA,NA,NA,NA,NA,NA,TRUE,"<buffer","7074093",c(137341.06356667, 215121.68279356),"47902","2",NA,5.35949651854782
"gbif_data",NA,NA,NA,2025,2025-01-28,51.24729,4.18965,4,"Benedenscheldebekken",3,NA,NA,1,NA,NA,NA,NA,NA,NA,NA,NA,NA,NA,NA,TRUE,"<buffer","7074060",c(137493.667263324, 215279.297589399),"47902","2",NA,8.43329279096347
"gbif_data",NA,NA,NA,2025,2025-01-28,51.24621,4.18838,4,"Benedenscheldebekken",3,NA,NA,NA,1,NA,NA,NA,NA,NA,NA,NA,NA,NA,NA,TRUE,"<buffer","7074094",c(137404.698189735, 215159.355493756),"47902","2",NA,6.2108142987704
"gbif_data",NA,NA,NA,2025,2025-01-28,51.24702,4.18952,4,"Benedenscheldebekken",3,NA,NA,NA,1,NA,NA,NA,NA,NA,NA,NA,NA,NA,NA,TRUE,"<buffer","7066952",c(137484.517726571, 215249.280420328),"65266","99",NA,7.72511644784989
"gbif_data",NA,NA,NA,2025,2025-01-28,51.24588,4.18748,4,"Benedenscheldebekken",3,NA,NA,NA,1,NA,NA,NA,NA,NA,NA,NA,NA,NA,NA,TRUE,"<buffer","7074093",c(137341.764548057, 215122.793649768),"47902","2",NA,4.69630472277357
"gbif_data",NA,NA,NA,2025,2025-01-28,51.2463,4.18856,4,"Benedenscheldebekken",3,NA,NA,NA,1,NA,NA,NA,NA,NA,NA,NA,NA,NA,NA,TRUE,"<buffer","7074094",c(137417.291266363, 215169.338086021),"47902","2",NA,6.24003581219491
"gbif_data",NA,NA,NA,2025,2025-01-31,51.21513,4.4737,4,"Benedenscheldebekken",7,NA,NA,NA,1,NA,NA,NA,NA,NA,NA,NA,NA,NA,NA,TRUE,"<buffer",NA,c(157332.718488374, 211691.617624969),NA,NA,"ANTANT0476",0
"gbif_data",NA,NA,NA,2025,2025-01-31,51.21191,4.46576,4,"Benedenscheldebekken",15,NA,NA,NA,1,NA,NA,NA,NA,NA,NA,NA,NA,NA,NA,TRUE,"<buffer",NA,c(156778.392132184, 211332.619230861),NA,NA,"ANTANT0477",0
"gbif_data",NA,NA,NA,2025,2025-02-04,51.20471,3.1087,2,"Bekken van de Brugse Polders",15,1,NA,NA,NA,NA,NA,NA,NA,NA,NA,NA,NA,NA,NA,FALSE,"not linked",NA,c(61939.5000752232, 211273.485139071),NA,NA,NA,NA
"gbif_data",NA,NA,NA,2025,2025-02-07,51.24593,4.18772,4,"Benedenscheldebekken",3,NA,NA,NA,1,NA,NA,NA,NA,NA,NA,NA,NA,NA,NA,TRUE,"<buffer","7074093",c(137358.536671307, 215128.315692591),"47902","2",NA,7.51922674578535
"gbif_data",NA,NA,NA,2025,2025-02-07,51.24564,4.18652,4,"Benedenscheldebekken",3,NA,NA,NA,1,NA,NA,NA,NA,NA,NA,NA,NA,NA,NA,TRUE,"<buffer","7074093",c(137274.664816392, 215096.255804871),"47902","2",NA,6.34861851569705
"gbif_data",NA,NA,NA,2025,2025-02-07,51.24699,4.1895,4,"Benedenscheldebekken",3,NA,NA,1,NA,NA,NA,NA,NA,NA,NA,NA,NA,NA,NA,TRUE,"<buffer","7066952",c(137483.113183253, 215245.946113366),"65266","99",NA,4.12203718550045
"gbif_data",NA,NA,NA,2025,2025-02-07,51.24573,4.18699,4,"Benedenscheldebekken",3,NA,NA,NA,1,NA,NA,NA,NA,NA,NA,NA,NA,NA,NA,TRUE,"<buffer","7074093",c(137307.508351792, 215106.188658085),"47902","2",NA,6.59332179459774
"gbif_data",NA,NA,NA,2025,2025-02-07,51.2463,4.18859,4,"Benedenscheldebekken",3,NA,NA,1,NA,NA,NA,NA,NA,NA,NA,NA,NA,NA,NA,TRUE,"<buffer","7074094",c(137419.386074134, 215169.333022381),"47902","2",NA,7.54828185705731
"gbif_data",NA,NA,NA,2025,2025-02-07,51.24559,4.18632,4,"Benedenscheldebekken",3,NA,NA,NA,1,NA,NA,NA,NA,NA,NA,NA,NA,NA,NA,TRUE,"<buffer","7074093",c(137260.685618992, 215090.727196808),"47902","2",NA,8.65166832217086
"gbif_data",NA,NA,NA,2025,2025-02-07,51.2465,4.18894,4,"Benedenscheldebekken",3,NA,NA,NA,1,NA,NA,NA,NA,NA,NA,NA,NA,NA,NA,TRUE,"<buffer","7074094",c(137443.87917501, 215191.525103878),"47902","2",NA,8.18055310899236
"gbif_data",NA,NA,NA,2025,2025-02-12,51.24713,4.18953,4,"Benedenscheldebekken",5,NA,NA,1,NA,NA,NA,NA,NA,NA,NA,NA,NA,NA,NA,TRUE,"<buffer","7074060",c(137485.245410022, 215261.516847067),"47902","2",NA,6.27446321496887
"gbif_data",NA,NA,NA,2025,2025-02-20,51.24712,4.18957,4,"Benedenscheldebekken",3,NA,NA,NA,1,NA,NA,NA,NA,NA,NA,NA,NA,NA,NA,TRUE,"<buffer","7074060",c(137488.035762997, 215260.397577261),"47902","2",NA,9.27730905369809
"gbif_data",NA,NA,NA,2025,2025-02-20,51.24618,4.18834,4,"Benedenscheldebekken",3,NA,NA,1,NA,NA,NA,NA,NA,NA,NA,NA,NA,NA,NA,TRUE,"<buffer","7074094",c(137401.897028854, 215156.024589501),"47902","2",NA,7.07323158072793
"gbif_data",NA,NA,NA,2025,2025-02-24,51.11779,4.17165,4,"Benedenscheldebekken",4,NA,NA,NA,1,NA,NA,NA,NA,NA,NA,NA,NA,NA,NA,TRUE,"<buffer",NA,c(136198.699842395, 200875.250287488),NA,NA,"OVLTEM0017",0
"gbif_data",NA,NA,NA,2025,2025-02-25,51.24574,4.18701,4,"Benedenscheldebekken",3,NA,NA,1,NA,NA,NA,NA,NA,NA,NA,NA,NA,NA,NA,TRUE,"<buffer","7074093",c(137308.907620069, 215107.29780703),"47902","2",NA,6.09850060529554
"gbif_data",NA,NA,NA,2025,2025-02-25,51.24585,4.18754,4,"Benedenscheldebekken",3,NA,NA,1,NA,NA,NA,NA,NA,NA,NA,NA,NA,NA,NA,TRUE,"<buffer","7074093",c(137345.946086775, 215119.445798956),"47902","2",NA,9.5937867960572
"gbif_data",NA,NA,NA,2025,2025-02-25,51.24713,4.1896,4,"Benedenscheldebekken",3,NA,NA,1,NA,NA,NA,NA,NA,NA,NA,NA,NA,NA,NA,TRUE,"<buffer","7074060",c(137490.133207925, 215261.505097286),"47902","2",NA,10.8985507856264
"gbif_data",NA,NA,NA,2025,2025-02-25,51.24561,4.18656,4,"Benedenscheldebekken",3,NA,NA,1,NA,NA,NA,NA,NA,NA,NA,NA,NA,NA,NA,TRUE,"<buffer","7074093",c(137277.449774302, 215092.911313784),"47902","2",NA,10.2616013724527
"gbif_data",NA,NA,NA,2025,2025-02-25,51.2458,4.1873,4,"Benedenscheldebekken",3,NA,NA,NA,1,NA,NA,NA,NA,NA,NA,NA,NA,NA,NA,TRUE,"<buffer","7074093",c(137329.17392137, 215113.923797042),"47902","2",NA,7.66336517187918
"gbif_data",NA,NA,NA,2025,2025-02-25,51.24646,4.18894,4,"Benedenscheldebekken",3,NA,NA,1,NA,NA,NA,NA,NA,NA,NA,NA,NA,NA,NA,TRUE,"<buffer","7074094",c(137443.868439665, 215187.074884785),"47902","2",NA,11.2596817361453
"gbif_data",NA,NA,NA,2025,2025-02-25,51.24661,4.18913,4,"Benedenscheldebekken",3,NA,NA,1,NA,NA,NA,NA,NA,NA,NA,NA,NA,NA,NA,TRUE,"<buffer","7074094",c(137457.175725041, 215203.731219443),"47902","2",NA,10.1483002904251
"gbif_data",NA,NA,NA,2025,2025-02-25,51.24594,4.18777,4,"Benedenscheldebekken",3,NA,NA,1,NA,NA,NA,NA,NA,NA,NA,NA,NA,NA,NA,TRUE,"<buffer","7074093",c(137362.030746585, 215129.419768587),"47902","2",NA,8.14842296021165
"gbif_data",NA,NA,NA,2025,2025-02-25,51.24726,4.18971,4,"Benedenscheldebekken",3,NA,NA,1,NA,NA,NA,NA,NA,NA,NA,NA,NA,NA,NA,TRUE,"<buffer","7074060",c(137497.848773117, 215275.949859213),"47902","2",NA,13.4783164374122
"gbif_data",NA,NA,NA,2025,2025-02-25,50.95989,4.47655,8,"Dijle- en Zennebekken",5,1,NA,NA,NA,NA,NA,NA,NA,NA,NA,NA,NA,NA,NA,TRUE,"<buffer",NA,c(157573.34737297, 183296.674909426),NA,NA,"VBRZEM0077",0
"gbif_data",NA,NA,NA,2025,2025-02-25,51.24564,4.18656,4,"Benedenscheldebekken",3,NA,NA,1,NA,NA,NA,NA,NA,NA,NA,NA,NA,NA,NA,TRUE,"<buffer","7074093",c(137277.457932791, 215096.248976706),"47902","2",NA,7.06634521141154
"gbif_data",NA,NA,NA,2025,2025-02-25,51.24563,4.18655,4,"Benedenscheldebekken",3,NA,NA,1,NA,NA,NA,NA,NA,NA,NA,NA,NA,NA,NA,TRUE,"<buffer","7074093",c(137276.756934045, 215095.138129293),"47902","2",NA,7.92963056955955
"gbif_data",NA,NA,NA,2025,2025-02-25,51.2458,4.1873,4,"Benedenscheldebekken",3,NA,NA,1,NA,NA,NA,NA,NA,NA,NA,NA,NA,NA,NA,TRUE,"<buffer","7074093",c(137329.17392137, 215113.923797042),"47902","2",NA,7.66336517187918
"gbif_data",NA,NA,NA,2025,2025-02-25,51.24661,4.18914,4,"Benedenscheldebekken",3,NA,NA,1,NA,NA,NA,NA,NA,NA,NA,NA,NA,NA,NA,TRUE,"<buffer","7074094",c(137457.873989666, 215203.729536839),"47902","2",NA,10.700826083201
"gbif_data",NA,NA,NA,2025,2025-02-25,51.24662,4.18912,4,"Benedenscheldebekken",3,NA,NA,1,NA,NA,NA,NA,NA,NA,NA,NA,NA,NA,NA,TRUE,"<buffer","7074094",c(137456.480141555, 215204.845456979),"47902","2",NA,8.91549936041994
"gbif_data",NA,NA,NA,2025,2025-02-25,51.24703,4.18956,4,"Benedenscheldebekken",3,NA,NA,1,NA,NA,NA,NA,NA,NA,NA,NA,NA,NA,NA,TRUE,"<buffer","7066952",c(137487.313435082, 215250.38626025),"65266","99",NA,10.1638599096848
"gbif_data",NA,NA,NA,2025,2025-02-25,51.24562,4.18656,4,"Benedenscheldebekken",3,NA,NA,1,NA,NA,NA,NA,NA,NA,NA,NA,NA,NA,NA,TRUE,"<buffer","7074093",c(137277.452493798, 215094.023868086),"47902","2",NA,9.19651599080079
"gbif_data",NA,NA,NA,2025,2025-02-25,51.24614,4.18842,4,"Benedenscheldebekken",3,NA,NA,1,NA,NA,NA,NA,NA,NA,NA,NA,NA,NA,NA,TRUE,"<buffer","7074094",c(137407.472430751, 215151.560853303),"47902","2",NA,14.0375844585886
"gbif_data",NA,NA,NA,2025,2025-02-25,51.24728,4.1897,4,"Benedenscheldebekken",3,NA,NA,1,NA,NA,NA,NA,NA,NA,NA,NA,NA,NA,NA,TRUE,"<buffer","7074060",c(137497.155863117, 215278.17664674),"47902","2",NA,12.096711235937
"gbif_data",NA,NA,NA,2025,2025-02-28,51.25236,3.28057,2,"Bekken van de Brugse Polders",30,1,NA,NA,NA,NA,NA,NA,NA,NA,NA,NA,NA,NA,NA,TRUE,"<buffer","6005808",c(74027.5353942193, 216384.397116422),"10","0",NA,12.4251963807665
"gbif_data",NA,NA,NA,2025,2025-02-28,51.22662,3.24447,2,"Bekken van de Brugse Polders",5,1,NA,NA,NA,NA,NA,NA,NA,NA,NA,NA,NA,NA,NA,TRUE,"GRB/2 + buffer","6005810",c(71464.0508238114, 213558.534423595),"10","0",NA,17.1521450505231
"gbif_data",NA,NA,NA,2025,2025-02-28,51.22662,3.24447,2,"Bekken van de Brugse Polders",5,1,NA,NA,NA,NA,NA,NA,NA,NA,NA,NA,NA,NA,NA,TRUE,"GRB/2 + buffer","6005810",c(71464.0508238114, 213558.534423595),"10","0",NA,17.1521450505231
"gbif_data",NA,NA,NA,2025,2025-03-03,51.21473,4.4736,4,"Benedenscheldebekken",7,NA,NA,NA,1,NA,NA,NA,NA,NA,NA,NA,NA,NA,NA,TRUE,"<buffer",NA,c(157325.79436687, 211647.105966222),NA,NA,"ANTANT0476",0
"gbif_data",NA,NA,NA,2025,2025-03-03,51.21473,4.4736,4,"Benedenscheldebekken",7,NA,NA,NA,1,NA,NA,NA,NA,NA,NA,NA,NA,NA,NA,TRUE,"<buffer",NA,c(157325.79436687, 211647.105966222),NA,NA,"ANTANT0476",0
"gbif_data",NA,NA,NA,2025,2025-03-06,51.24573,4.18705,4,"Benedenscheldebekken",3,NA,NA,NA,1,NA,NA,NA,NA,NA,NA,NA,NA,NA,NA,TRUE,"<buffer","7074093",c(137311.698018365, 215106.17844294),"47902","2",NA,8.19350044988773
"gbif_data",NA,NA,NA,2025,2025-03-06,51.24585,4.18748,4,"Benedenscheldebekken",3,NA,NA,1,NA,NA,NA,NA,NA,NA,NA,NA,NA,NA,NA,TRUE,"<buffer","7074093",c(137341.756430922, 215119.455986429),"47902","2",NA,7.65518263960819
"gbif_data",NA,NA,NA,2025,2025-03-06,51.24585,4.18747,4,"Benedenscheldebekken",3,NA,NA,1,NA,NA,NA,NA,NA,NA,NA,NA,NA,NA,NA,TRUE,"<buffer","7074093",c(137341.058154947, 215119.457684669),"47902","2",NA,7.33208165653362
"gbif_data",NA,NA,NA,2025,2025-03-06,51.24593,4.1877,4,"Benedenscheldebekken",3,NA,NA,1,NA,NA,NA,NA,NA,NA,NA,NA,NA,NA,NA,TRUE,"<buffer","7074093",c(137357.140121745, 215128.319084649),"47902","2",NA,6.87302980384437
"gbif_data",NA,NA,NA,2025,2025-03-06,51.24593,4.18771,4,"Benedenscheldebekken",3,NA,NA,NA,1,NA,NA,NA,NA,NA,NA,NA,NA,NA,NA,TRUE,"<buffer","7074093",c(137357.838396526, 215128.317388573),"47902","2",NA,7.19612831697511
"gbif_data",NA,NA,NA,2025,2025-03-06,51.24609,4.18813,4,"Benedenscheldebekken",3,NA,NA,1,NA,NA,NA,NA,NA,NA,NA,NA,NA,NA,NA,TRUE,"<buffer","7074094",c(137387.209073104, 215146.047110901),"47902","2",NA,6.87238243722009
"gbif_data",NA,NA,NA,2025,2025-03-06,51.24638,4.18875,4,"Benedenscheldebekken",3,NA,NA,NA,1,NA,NA,NA,NA,NA,NA,NA,NA,NA,NA,TRUE,"<buffer","7074094",c(137430.579875748, 215178.206468232),"47902","2",NA,7.83918354826971
"gbif_data",NA,NA,NA,2025,2025-03-06,51.24672,4.18923,4,"Benedenscheldebekken",3,NA,NA,1,NA,NA,NA,NA,NA,NA,NA,NA,NA,NA,NA,TRUE,"<buffer","7074094",c(137464.187845704, 215215.952501183),"47902","2",NA,8.19051522115835
"gbif_data",NA,NA,NA,2025,2025-03-06,51.24698,4.18949,4,"Benedenscheldebekken",3,NA,NA,1,NA,NA,NA,NA,NA,NA,NA,NA,NA,NA,NA,TRUE,"<buffer","7066952",c(137482.412248718, 215244.835237551),"65266","99",NA,2.81001247754193
"gbif_data",NA,NA,NA,2025,2025-03-06,51.24559,4.18629,4,"Benedenscheldebekken",3,NA,NA,1,NA,NA,NA,NA,NA,NA,NA,NA,NA,NA,NA,TRUE,"<buffer","7074093",c(137258.590779461, 215090.732324569),"47902","2",NA,8.18378283590564
"gbif_data",NA,NA,NA,2025,2025-03-06,51.24564,4.18681,4,"Benedenscheldebekken",3,NA,NA,NA,1,NA,NA,NA,NA,NA,NA,NA,NA,NA,NA,TRUE,"<buffer","7074093",c(137294.914910367, 215096.206334752),"47902","2",NA,12.1113157471624
"gbif_data",NA,NA,NA,2025,2025-03-06,51.24637,4.18875,4,"Benedenscheldebekken",3,NA,NA,NA,1,NA,NA,NA,NA,NA,NA,NA,NA,NA,NA,TRUE,"<buffer","7074094",c(137430.577189065, 215177.093913511),"47902","2",NA,8.60896361790228
"gbif_data",NA,NA,NA,2025,2025-03-06,51.24699,4.1895,4,"Benedenscheldebekken",3,NA,NA,NA,1,NA,NA,NA,NA,NA,NA,NA,NA,NA,NA,TRUE,"<buffer","7066952",c(137483.113183253, 215245.946113366),"65266","99",NA,4.12203718550045
"gbif_data",NA,NA,NA,2025,2025-03-06,51.24709,4.18954,4,"Benedenscheldebekken",3,NA,NA,1,NA,NA,NA,NA,NA,NA,NA,NA,NA,NA,NA,TRUE,"<buffer","7074060",c(137485.932967478, 215257.06494794),"47902","2",NA,8.3770851435792
"gbif_data",NA,NA,NA,2025,2025-03-06,51.24559,4.186,4,"Benedenscheldebekken",3,NA,NA,NA,1,NA,NA,NA,NA,NA,NA,NA,NA,NA,NA,TRUE,"<buffer","7074093",c(137238.340664108, 215090.781936557),"47902","2",NA,5.20664508032848
"gbif_data",NA,NA,NA,2025,2025-03-06,51.24578,4.18733,4,"Benedenscheldebekken",3,NA,NA,1,NA,NA,NA,NA,NA,NA,NA,NA,NA,NA,NA,TRUE,"<buffer","7074093",c(137331.263335612, 215111.693588985),"47902","2",NA,10.5198781603275
"gbif_data",NA,NA,NA,2025,2025-03-06,51.24608,4.18812,4,"Benedenscheldebekken",3,NA,NA,1,NA,NA,NA,NA,NA,NA,NA,NA,NA,NA,NA,TRUE,"<buffer","7074094",c(137386.508104588, 215144.936248453),"47902","2",NA,7.38638937115661
"gbif_data",NA,NA,NA,2025,2025-03-06,51.24649,4.18891,4,"Benedenscheldebekken",3,NA,NA,1,NA,NA,NA,NA,NA,NA,NA,NA,NA,NA,NA,TRUE,"<buffer","7074094",c(137441.781691919, 215190.417602845),"47902","2",NA,7.43790535434893
"gbif_data",NA,NA,NA,2025,2025-03-06,51.24559,4.18632,4,"Benedenscheldebekken",3,NA,NA,NA,1,NA,NA,NA,NA,NA,NA,NA,NA,NA,NA,TRUE,"<buffer","7074093",c(137260.685618992, 215090.727196808),"47902","2",NA,8.65166832217086
"gbif_data",NA,NA,NA,2025,2025-03-06,51.24673,4.18923,4,"Benedenscheldebekken",3,NA,NA,1,NA,NA,NA,NA,NA,NA,NA,NA,NA,NA,NA,TRUE,"<buffer","7074094",c(137464.190525195, 215217.065056076),"47902","2",NA,7.51023880553867
"gbif_data",NA,NA,NA,2025,2025-03-06,51.24699,4.18951,4,"Benedenscheldebekken",3,NA,NA,NA,1,NA,NA,NA,NA,NA,NA,NA,NA,NA,NA,TRUE,"<buffer","7066952",c(137483.811442193, 215245.944434257),"65266","99",NA,4.50970217892527
"gbif_data",NA,NA,NA,2025,2025-03-12,50.98465,5.06318,9,"Demerbekken",15,NA,NA,NA,1,NA,NA,NA,NA,NA,NA,NA,NA,NA,NA,TRUE,"<buffer",NA,c(198761.279317126, 186274.003004108),NA,NA,"VBRDIE0437",0
"gbif_data",NA,NA,NA,2025,2025-03-20,51.24708,4.18953,4,"Benedenscheldebekken",5,NA,NA,1,NA,NA,NA,NA,NA,NA,NA,NA,NA,NA,NA,TRUE,"<buffer","7074060",c(137485.23203504, 215255.954071699),"47902","2",NA,8.07700987608983
"gbif_data",NA,NA,NA,2025,2025-03-20,51.24666,4.18907,4,"Benedenscheldebekken",5,NA,NA,NA,1,NA,NA,NA,NA,NA,NA,NA,NA,NA,NA,TRUE,"<buffer","7074094",c(137452.999546738, 215209.30409127),"47902","2",NA,3.4317718629789
"gbif_data",NA,NA,NA,2025,2025-03-20,51.24707,4.18949,4,"Benedenscheldebekken",5,NA,NA,NA,1,NA,NA,NA,NA,NA,NA,NA,NA,NA,NA,TRUE,"<buffer","7074060",c(137482.436329079, 215254.848232877),"47902","2",NA,5.79517937655991
"gbif_data",NA,NA,NA,2025,2025-03-20,51.2466,4.18911,4,"Benedenscheldebekken",3,NA,NA,NA,1,NA,NA,NA,NA,NA,NA,NA,NA,NA,NA,TRUE,"<buffer","7074094",c(137455.776514503, 215202.622030093),"47902","2",NA,9.72352349667415
"gbif_data",NA,NA,NA,2025,2025-03-20,51.24684,4.18938,4,"Benedenscheldebekken",3,NA,NA,NA,1,NA,NA,NA,NA,NA,NA,NA,NA,NA,NA,TRUE,"<buffer","7074094",c(137474.693917338, 215229.277945261),"47902","2",NA,8.69205009180451
"gbif_data",NA,NA,NA,2025,2025-03-20,51.24717,4.18953,4,"Benedenscheldebekken",4,NA,NA,NA,1,NA,NA,NA,NA,NA,NA,NA,NA,NA,NA,TRUE,"<buffer","7074060",c(137485.256110007, 215265.967067439),"47902","2",NA,4.83242586080862
"gbif_data",NA,NA,NA,2025,2025-03-20,51.24559,4.1863,4,"Benedenscheldebekken",3,NA,NA,1,NA,NA,NA,NA,NA,NA,NA,NA,NA,NA,NA,TRUE,"<buffer","7074093",c(137259.289059304, 215090.730615221),"47902","2",NA,8.33974475693402
"gbif_data",NA,NA,NA,2025,2025-03-20,51.24558,4.18626,4,"Benedenscheldebekken",3,NA,NA,1,NA,NA,NA,NA,NA,NA,NA,NA,NA,NA,NA,TRUE,"<buffer","7074093",c(137256.493215942, 215089.624898899),"47902","2",NA,8.80034870006575
"gbif_data",NA,NA,NA,2025,2025-03-20,51.24566,4.18679,4,"Benedenscheldebekken",3,NA,NA,NA,1,NA,NA,NA,NA,NA,NA,NA,NA,NA,NA,TRUE,"<buffer","7074093",c(137293.523784256, 215098.434852597),"47902","2",NA,9.57754738905255
"gbif_data",NA,NA,NA,2025,2025-03-24,50.95869,5.13255,9,"Demerbekken",1,NA,NA,NA,1,NA,NA,NA,NA,NA,NA,NA,NA,NA,NA,TRUE,"<buffer","6036588",c(203661.880492844, 183434.115386513),"7621","1",NA,5.2244406276378
"gbif_data",NA,NA,NA,2025,2025-03-25,51.17707,4.64031,10,"Netebekken",10,NA,NA,1,NA,NA,NA,NA,NA,NA,NA,NA,NA,NA,NA,TRUE,"<buffer","7023945",c(168989.883703079, 207486.95798838),"8854","2",NA,0.480413009684464
"gbif_data",NA,NA,NA,2025,2025-03-25,51.17707,4.64031,10,"Netebekken",10,NA,NA,1,NA,NA,NA,NA,NA,NA,NA,NA,NA,NA,NA,TRUE,"<buffer","7023945",c(168989.883703079, 207486.95798838),"8854","2",NA,0.480413009684464
"gbif_data",NA,NA,NA,2025,2025-03-25,51.24561,4.18629,4,"Benedenscheldebekken",3,NA,NA,1,NA,NA,NA,NA,NA,NA,NA,NA,NA,NA,NA,TRUE,"<buffer","7074093",c(137258.596226545, 215092.957433139),"47902","2",NA,6.0148782733596
"gbif_data",NA,NA,NA,2025,2025-03-25,51.2456,4.18631,4,"Benedenscheldebekken",3,NA,NA,NA,1,NA,NA,NA,NA,NA,NA,NA,NA,NA,NA,TRUE,"<buffer","7074093",c(137259.99006239, 215091.841460251),"47902","2",NA,7.41125423880259
"gbif_data",NA,NA,NA,2025,2025-03-25,51.24561,4.1863,4,"Benedenscheldebekken",3,NA,NA,NA,1,NA,NA,NA,NA,NA,NA,NA,NA,NA,NA,TRUE,"<buffer","7074093",c(137259.294506088, 215092.955723792),"47902","2",NA,6.17084012638451
"gbif_data",NA,NA,NA,2025,2025-03-25,51.24569,4.18679,4,"Benedenscheldebekken",3,NA,NA,NA,1,NA,NA,NA,NA,NA,NA,NA,NA,NA,NA,TRUE,"<buffer","7074093",c(137293.531932406, 215101.772515611),"47902","2",NA,6.38228817606356
"gbif_data",NA,NA,NA,2025,2025-03-25,51.24603,4.18795,4,"Benedenscheldebekken",3,NA,NA,1,NA,NA,NA,NA,NA,NA,NA,NA,NA,NA,NA,TRUE,"<buffer","7074094",c(137374.623978039, 215139.402256136),"47902","2",NA,5.88807323866956
"gbif_data",NA,NA,NA,2025,2025-03-25,51.24603,4.18794,4,"Benedenscheldebekken",3,NA,NA,1,NA,NA,NA,NA,NA,NA,NA,NA,NA,NA,NA,TRUE,"<buffer","7074094",c(137373.925704751, 215139.403949951),"47902","2",NA,5.53035829613477
"gbif_data",NA,NA,NA,2025,2025-03-25,51.24603,4.18794,4,"Benedenscheldebekken",3,NA,NA,NA,1,NA,NA,NA,NA,NA,NA,NA,NA,NA,NA,TRUE,"<buffer","7074094",c(137373.925704751, 215139.403949951),"47902","2",NA,5.53035829613477
"gbif_data",NA,NA,NA,2025,2025-03-25,51.2466,4.1891,4,"Benedenscheldebekken",3,NA,NA,NA,1,NA,NA,NA,NA,NA,NA,NA,NA,NA,NA,TRUE,"<buffer","7074094",c(137455.078249728, 215202.623712978),"47902","2",NA,9.17099741415196
"gbif_data",NA,NA,NA,2025,2025-03-25,51.24661,4.18911,4,"Benedenscheldebekken",3,NA,NA,NA,1,NA,NA,NA,NA,NA,NA,NA,NA,NA,NA,TRUE,"<buffer","7074094",c(137455.779195792, 215203.73458493),"47902","2",NA,9.0432485352665
"gbif_data",NA,NA,NA,2025,2025-03-25,51.2462,4.18838,4,"Benedenscheldebekken",3,NA,NA,NA,1,NA,NA,NA,NA,NA,NA,NA,NA,NA,NA,TRUE,"<buffer","7074094",c(137404.695497509, 215158.242939125),"47902","2",NA,7.07973301898689
"gbif_data",NA,NA,NA,2025,2025-03-25,51.24629,4.18857,4,"Benedenscheldebekken",3,NA,NA,NA,1,NA,NA,NA,NA,NA,NA,NA,NA,NA,NA,TRUE,"<buffer","7074094",c(137417.98684624, 215168.223843369),"47902","2",NA,7.54503843027075
"gbif_data",NA,NA,NA,2025,2025-03-25,51.24661,4.18909,4,"Benedenscheldebekken",3,NA,NA,NA,1,NA,NA,NA,NA,NA,NA,NA,NA,NA,NA,TRUE,"<buffer","7074094",c(137454.382666543, 215203.737950792),"47902","2",NA,7.938196551162
"gbif_data",NA,NA,NA,2025,2025-03-25,51.24699,4.1895,4,"Benedenscheldebekken",3,NA,NA,1,NA,NA,NA,NA,NA,NA,NA,NA,NA,NA,NA,TRUE,"<buffer","7066952",c(137483.113183253, 215245.946113366),"65266","99",NA,4.12203718550045
"gbif_data",NA,NA,NA,2025,2025-03-25,51.24588,4.18747,4,"Benedenscheldebekken",3,NA,NA,NA,1,NA,NA,NA,NA,NA,NA,NA,NA,NA,NA,TRUE,"<buffer","7074093",c(137341.066272532, 215122.795348009),"47902","2",NA,4.37320394589521
"gbif_data",NA,NA,NA,2025,2025-03-25,51.24594,4.18772,4,"Benedenscheldebekken",3,NA,NA,1,NA,NA,NA,NA,NA,NA,NA,NA,NA,NA,NA,TRUE,"<buffer","7074093",c(137358.539373423, 215129.428247079),"47902","2",NA,6.53293241409331
"gbif_data",NA,NA,NA,2025,2025-03-25,51.2466,4.18909,4,"Benedenscheldebekken",3,NA,NA,NA,1,NA,NA,NA,NA,NA,NA,NA,NA,NA,NA,TRUE,"<buffer","7074094",c(137454.379984954, 215202.625395959),"47902","2",NA,8.61847127313759
"gbif_data",NA,NA,NA,2025,2025-03-25,51.24564,4.18652,4,"Benedenscheldebekken",3,NA,NA,1,NA,NA,NA,NA,NA,NA,NA,NA,NA,NA,NA,TRUE,"<buffer","7074093",c(137274.664816392, 215096.255804871),"47902","2",NA,6.34861851569705
"gbif_data",NA,NA,NA,2025,2025-03-25,51.24565,4.18652,4,"Benedenscheldebekken",3,NA,NA,1,NA,NA,NA,NA,NA,NA,NA,NA,NA,NA,NA,TRUE,"<buffer","7074093",c(137274.667536488, 215097.368359187),"47902","2",NA,5.26416544297962
"gbif_data",NA,NA,NA,2025,2025-03-25,51.17686,4.64034,10,"Netebekken",9,NA,NA,1,NA,NA,NA,NA,NA,NA,NA,NA,NA,NA,NA,TRUE,"GRB/2 + buffer","7023945",c(168992.067287274, 207463.602750917),"8854","2",NA,17.0247801214727
"gbif_data",NA,NA,NA,2025,2025-03-29,51.24891,5.41621,11,"Maasbekken",8,NA,NA,NA,1,NA,NA,NA,NA,NA,NA,NA,NA,NA,NA,FALSE,"not linked",NA,c(223134.030801102, 215961.107833446),NA,NA,NA,NA
"gbif_data",NA,NA,NA,2025,2025-03-31,51.18616,4.93716,10,"Netebekken",5,NA,NA,NA,1,NA,NA,NA,NA,NA,NA,NA,NA,NA,NA,TRUE,"GRB/2 + buffer","7025502",c(189740.762845194, 208615.828331912),"5","0",NA,22.0862382702188
"gbif_data",NA,NA,NA,2025,2025-04-03,51.24571,4.18698,4,"Benedenscheldebekken",3,NA,NA,1,NA,NA,NA,NA,NA,NA,NA,NA,NA,NA,NA,TRUE,"<buffer","7074093",c(137306.804647624, 215103.96525221),"47902","2",NA,8.38305353906968
"gbif_data",NA,NA,NA,2025,2025-04-03,51.04429,3.68454,3,"Bekken van de Gentse Kanalen",4,NA,NA,NA,1,NA,NA,NA,NA,NA,NA,NA,NA,NA,NA,TRUE,"<buffer",NA,c(102016.804469671, 192900.896994717),NA,NA,"OVLGNT0817",0
"gbif_data",NA,NA,NA,2025,2025-04-03,51.24564,4.18644,4,"Benedenscheldebekken",3,NA,NA,1,NA,NA,NA,NA,NA,NA,NA,NA,NA,NA,NA,TRUE,"<buffer","7074093",c(137269.078583605, 215096.269465721),"47902","2",NA,5.10093805776282
"gbif_data",NA,NA,NA,2025,2025-04-03,51.24568,4.18663,4,"Benedenscheldebekken",3,NA,NA,1,NA,NA,NA,NA,NA,NA,NA,NA,NA,NA,NA,TRUE,"<buffer","7074093",c(137282.356760288, 215100.687248333),"47902","2",NA,4.21859981456414
"gbif_data",NA,NA,NA,2025,2025-04-03,51.24577,4.18723,4,"Benedenscheldebekken",3,NA,NA,NA,1,NA,NA,NA,NA,NA,NA,NA,NA,NA,NA,TRUE,"<buffer","7074093",c(137324.277855965, 215110.59803536),"47902","2",NA,8.8811548922806
"gbif_data",NA,NA,NA,2025,2025-04-03,51.24631,4.18864,4,"Benedenscheldebekken",3,NA,NA,NA,1,NA,NA,NA,NA,NA,NA,NA,NA,NA,NA,TRUE,"<buffer","7074094",c(137422.880108756, 215170.437139546),"47902","2",NA,8.85976927536253
"gbif_data",NA,NA,NA,2025,2025-04-03,51.24659,4.18905,4,"Benedenscheldebekken",3,NA,NA,NA,1,NA,NA,NA,NA,NA,NA,NA,NA,NA,NA,TRUE,"<buffer","7074094",c(137451.584243673, 215201.519573986),"47902","2",NA,7.08864038535175
"gbif_data",NA,NA,NA,2025,2025-04-03,51.24567,4.18679,4,"Benedenscheldebekken",3,NA,NA,NA,1,NA,NA,NA,NA,NA,NA,NA,NA,NA,NA,TRUE,"<buffer","7074093",c(137293.526500306, 215099.54740693),"47902","2",NA,8.51246099006797
"gbif_data",NA,NA,NA,2025,2025-04-03,51.24574,4.18709,4,"Benedenscheldebekken",3,NA,NA,NA,1,NA,NA,NA,NA,NA,NA,NA,NA,NA,NA,TRUE,"<buffer","7074093",c(137314.493840974, 215107.284189096),"47902","2",NA,8.23206960356727
"gbif_data",NA,NA,NA,2025,2025-04-03,51.24586,4.18745,4,"Benedenscheldebekken",3,NA,NA,1,NA,NA,NA,NA,NA,NA,NA,NA,NA,NA,NA,TRUE,"<buffer","7074093",c(137339.66430916, 215120.573635876),"47902","2",NA,5.69958700879126
"gbif_data",NA,NA,NA,2025,2025-04-03,51.24607,4.1881,4,"Benedenscheldebekken",3,NA,NA,1,NA,NA,NA,NA,NA,NA,NA,NA,NA,NA,NA,TRUE,"<buffer","7074094",c(137385.10886308, 215143.827078411),"47902","2",NA,7.50138097785937
"gbif_data",NA,NA,NA,2025,2025-04-03,51.24592,4.18769,4,"Benedenscheldebekken",3,NA,NA,NA,1,NA,NA,NA,NA,NA,NA,NA,NA,NA,NA,TRUE,"<buffer","7074093",c(137356.439144399, 215127.208226336),"47902","2",NA,7.53622532801028
"gbif_data",NA,NA,NA,2025,2025-04-03,51.24684,4.18935,4,"Benedenscheldebekken",3,NA,NA,1,NA,NA,NA,NA,NA,NA,NA,NA,NA,NA,NA,TRUE,"<buffer","7074094",c(137472.599133786, 215229.282986556),"47902","2",NA,6.99879931324201
"gbif_data",NA,NA,NA,2025,2025-04-03,51.24724,4.1896,4,"Benedenscheldebekken",3,NA,NA,NA,1,NA,NA,NA,NA,NA,NA,NA,NA,NA,NA,TRUE,"<buffer","7074060",c(137490.162621349, 215273.743203512),"47902","2",NA,6.93293709003082
"gbif_data",NA,NA,NA,2025,2025-04-03,51.24559,4.186,4,"Benedenscheldebekken",3,NA,NA,NA,1,NA,NA,NA,NA,NA,NA,NA,NA,NA,NA,TRUE,"<buffer","7074093",c(137238.340664108, 215090.781936557),"47902","2",NA,5.20664508032848
"gbif_data",NA,NA,NA,2025,2025-04-03,51.24562,4.18621,4,"Benedenscheldebekken",3,NA,NA,NA,1,NA,NA,NA,NA,NA,NA,NA,NA,NA,NA,TRUE,"<buffer","7074093",c(137253.012714945, 215094.08366559),"47902","2",NA,3.68272812576745
"gbif_data",NA,NA,NA,2025,2025-04-03,51.24562,4.18629,4,"Benedenscheldebekken",3,NA,NA,NA,1,NA,NA,NA,NA,NA,NA,NA,NA,NA,NA,TRUE,"<buffer","7074093",c(137258.598950087, 215094.069987433),"47902","2",NA,4.93042598302928
"gbif_data",NA,NA,NA,2025,2025-04-03,51.24572,4.18699,4,"Benedenscheldebekken",3,NA,NA,1,NA,NA,NA,NA,NA,NA,NA,NA,NA,NA,NA,TRUE,"<buffer","7074093",c(137307.505638738, 215105.076103715),"47902","2",NA,7.62153610236903
"gbif_data",NA,NA,NA,2025,2025-04-03,51.2466,4.18904,4,"Benedenscheldebekken",3,NA,NA,1,NA,NA,NA,NA,NA,NA,NA,NA,NA,NA,NA,TRUE,"<buffer","7074094",c(137450.888661088, 215202.633812265),"47902","2",NA,5.85583971059026
"gbif_data",NA,NA,NA,2025,2025-04-03,51.24608,4.18812,4,"Benedenscheldebekken",3,NA,NA,1,NA,NA,NA,NA,NA,NA,NA,NA,NA,NA,NA,TRUE,"<buffer","7074094",c(137386.508104588, 215144.936248453),"47902","2",NA,7.38638937115661
"gbif_data",NA,NA,NA,2025,2025-04-03,51.24684,4.18935,4,"Benedenscheldebekken",3,NA,NA,1,NA,NA,NA,NA,NA,NA,NA,NA,NA,NA,NA,TRUE,"<buffer","7074094",c(137472.599133786, 215229.282986556),"47902","2",NA,6.99879931324201
"gbif_data",NA,NA,NA,2025,2025-04-04,51.23336,3.21335,2,"Bekken van de Brugse Polders",14,1,NA,NA,NA,NA,NA,NA,NA,NA,NA,NA,NA,NA,NA,TRUE,"<buffer","5012572",c(69302.029764639, 214341.653536893),"32203","2",NA,10.1690592319577
"gbif_data",NA,NA,NA,2025,2025-04-07,50.95297,4.4551,8,"Dijle- en Zennebekken",3,1,NA,NA,NA,NA,NA,NA,NA,NA,NA,NA,NA,NA,NA,TRUE,"<buffer","6026272",c(156067.254393176, 182524.880444355),"17798","99",NA,2.1609510771512
"gbif_data",NA,NA,NA,2025,2025-04-10,51.2467,4.18925,4,"Benedenscheldebekken",3,NA,NA,1,NA,NA,NA,NA,NA,NA,NA,NA,NA,NA,NA,TRUE,"<buffer","7074094",c(137465.579013279, 215213.724028185),"47902","2",NA,10.656116286848
"gbif_data",NA,NA,NA,2025,2025-04-10,51.24607,4.18809,4,"Benedenscheldebekken",3,NA,NA,NA,1,NA,NA,NA,NA,NA,NA,NA,NA,NA,NA,TRUE,"<buffer","7074094",c(137384.410590388, 215143.828770814),"47902","2",NA,7.10236582437186
"gbif_data",NA,NA,NA,2025,2025-04-10,51.24567,4.18683,4,"Benedenscheldebekken",3,NA,NA,NA,1,NA,NA,NA,NA,NA,NA,NA,NA,NA,NA,TRUE,"<buffer","7074093",c(137296.319614931, 215099.540588923),"47902","2",NA,9.319651255309
"gbif_data",NA,NA,NA,2025,2025-04-10,51.24557,4.18602,4,"Benedenscheldebekken",3,NA,NA,NA,1,NA,NA,NA,NA,NA,NA,NA,NA,NA,NA,TRUE,"<buffer","7074093",c(137239.731768607, 215088.553403966),"47902","2",NA,7.51727697722232
"gbif_data",NA,NA,NA,2025,2025-04-10,50.95298,4.45502,8,"Dijle- en Zennebekken",3,1,NA,NA,NA,NA,NA,NA,NA,NA,NA,NA,NA,NA,NA,TRUE,"<buffer",NA,c(156061.631764419, 182525.986299425),NA,NA,"VBRVIL0060",0.144263243277049
"gbif_data",NA,NA,NA,2025,2025-04-10,51.24593,4.18774,4,"Benedenscheldebekken",3,NA,NA,NA,1,NA,NA,NA,NA,NA,NA,NA,NA,NA,NA,TRUE,"<buffer","7074093",c(137359.933220871, 215128.312300912),"47902","2",NA,8.16542335262043
"gbif_data",NA,NA,NA,2025,2025-04-10,51.24651,4.189,4,"Benedenscheldebekken",3,NA,NA,1,NA,NA,NA,NA,NA,NA,NA,NA,NA,NA,NA,TRUE,"<buffer","7074094",c(137448.071455564, 215192.627553716),"47902","2",NA,10.4356277197114
"gbif_data",NA,NA,NA,2025,2025-04-10,51.24627,4.18858,4,"Benedenscheldebekken",3,NA,NA,NA,1,NA,NA,NA,NA,NA,NA,NA,NA,NA,NA,TRUE,"<buffer","7074094",c(137418.679737187, 215165.997046145),"47902","2",NA,9.71896177446746
"gbif_data",NA,NA,NA,2025,2025-04-10,51.246,4.18791,4,"Benedenscheldebekken",3,NA,NA,NA,1,NA,NA,NA,NA,NA,NA,NA,NA,NA,NA,TRUE,"<buffer","7074093",c(137371.82278708, 215136.07136837),"47902","2",NA,7.32363619323665
"gbif_data",NA,NA,NA,2025,2025-04-10,51.24579,4.18731,4,"Benedenscheldebekken",3,NA,NA,1,NA,NA,NA,NA,NA,NA,NA,NA,NA,NA,NA,TRUE,"<buffer","7074093",c(137329.869489831, 215112.809542791),"47902","2",NA,8.95827490230862
"gbif_data",NA,NA,NA,2025,2025-04-10,51.24571,4.18699,4,"Benedenscheldebekken",3,NA,NA,NA,1,NA,NA,NA,NA,NA,NA,NA,NA,NA,NA,TRUE,"<buffer","7074093",c(137307.502925685, 215103.963549355),"47902","2",NA,8.64975040148029
"gbif_data",NA,NA,NA,2025,2025-04-13,51.07898,3.99887,4,"Benedenscheldebekken",15,NA,NA,NA,1,NA,NA,NA,NA,NA,NA,NA,NA,NA,NA,TRUE,"<buffer",NA,c(124079.322579275, 196603.784333404),NA,NA,"OVLLOK0343",0
"gbif_data",NA,NA,NA,2025,2025-04-13,51.07898,3.99887,4,"Benedenscheldebekken",15,NA,NA,NA,1,NA,NA,NA,NA,NA,NA,NA,NA,NA,NA,TRUE,"<buffer",NA,c(124079.322579275, 196603.784333404),NA,NA,"OVLLOK0343",0
"gbif_data",NA,NA,NA,2025,2025-04-13,51.26735,3.53988,3,"Bekken van de Gentse Kanalen",5,1,NA,NA,NA,NA,NA,NA,NA,NA,NA,NA,NA,NA,NA,TRUE,"<buffer","7074034",c(92149.1378391847, 217818.488048516),"18660","99",NA,1.23048235583027
"gbif_data",NA,NA,NA,2025,2025-04-14,51.07898,3.99887,4,"Benedenscheldebekken",15,NA,NA,NA,1,NA,NA,NA,NA,NA,NA,NA,NA,NA,NA,TRUE,"<buffer",NA,c(124079.322579275, 196603.784333404),NA,NA,"OVLLOK0343",0
"gbif_data",NA,NA,NA,2025,2025-04-14,51.07898,3.99887,4,"Benedenscheldebekken",15,NA,NA,NA,1,NA,NA,NA,NA,NA,NA,NA,NA,NA,NA,TRUE,"<buffer",NA,c(124079.322579275, 196603.784333404),NA,NA,"OVLLOK0343",0
"gbif_data",NA,NA,NA,2025,2025-04-18,50.95294,4.45506,8,"Dijle- en Zennebekken",10,1,NA,NA,NA,NA,NA,NA,NA,NA,NA,NA,NA,NA,NA,TRUE,"<buffer","6026272",c(156064.447640446, 182521.539826234),"17798","99",NA,2.01755173522631
"gbif_data",NA,NA,NA,2025,2025-04-18,50.95294,4.45507,8,"Dijle- en Zennebekken",16,1,NA,NA,NA,NA,NA,NA,NA,NA,NA,NA,NA,NA,NA,TRUE,"<buffer","6026272",c(156065.150306638, 182521.540649576),"17798","99",NA,1.42935270873469
"gbif_data",NA,NA,NA,2025,2025-04-18,51.06637,3.70092,3,"Bekken van de Gentse Kanalen",5,NA,NA,NA,1,NA,NA,NA,NA,NA,NA,NA,NA,NA,NA,FALSE,"not linked",NA,c(103187.552769788, 195346.704124415),NA,NA,NA,NA
"gbif_data",NA,NA,NA,2025,2025-04-20,50.97813,5.73584,11,"Maasbekken",1,NA,NA,NA,1,NA,NA,NA,NA,NA,NA,NA,NA,NA,NA,TRUE,"<buffer","6025662",c(246003.545163867, 186204.918754363),"9520","2",NA,4.97841994247716
"gbif_data",NA,NA,NA,2025,2025-04-26,51.04761,4.93335,10,"Netebekken",8,1,NA,NA,NA,NA,NA,NA,NA,NA,NA,NA,NA,NA,NA,TRUE,"<buffer",NA,c(189591.732253099, 193200.503004599),NA,NA,"ANTHST0272",7.12941229173443
"gbif_data",NA,NA,NA,2025,2025-04-27,51.04767,4.9333,10,"Netebekken",7,1,NA,NA,NA,NA,NA,NA,NA,NA,NA,NA,NA,NA,NA,TRUE,"<buffer",NA,c(189588.17530122, 193207.150977376),NA,NA,"ANTHST0272",0.890822140232632
"gbif_data",NA,NA,NA,2025,2025-04-28,51.24571,4.18699,4,"Benedenscheldebekken",3,NA,NA,1,NA,NA,NA,NA,NA,NA,NA,NA,NA,NA,NA,TRUE,"<buffer","7074093",c(137307.502925685, 215103.963549355),"47902","2",NA,8.64975040148029
"gbif_data",NA,NA,NA,2025,2025-04-28,51.24577,4.18728,4,"Benedenscheldebekken",3,NA,NA,NA,1,NA,NA,NA,NA,NA,NA,NA,NA,NA,NA,TRUE,"<buffer","7074093",c(137327.769241806, 215110.589533795),"47902","2",NA,10.2146257498902
"gbif_data",NA,NA,NA,2025,2025-04-28,51.24638,4.18875,4,"Benedenscheldebekken",3,NA,NA,NA,1,NA,NA,NA,NA,NA,NA,NA,NA,NA,NA,TRUE,"<buffer","7074094",c(137430.579875748, 215178.206468232),"47902","2",NA,7.83918354826971
"gbif_data",NA,NA,NA,2025,2025-04-28,51.2466,4.18907,4,"Benedenscheldebekken",3,NA,NA,1,NA,NA,NA,NA,NA,NA,NA,NA,NA,NA,NA,TRUE,"<buffer","7074094",c(137452.983455407, 215202.6287622),"47902","2",NA,7.5134188206321
"gbif_data",NA,NA,NA,2025,2025-04-28,51.24628,4.18857,4,"Benedenscheldebekken",3,NA,NA,1,NA,NA,NA,NA,NA,NA,NA,NA,NA,NA,NA,TRUE,"<buffer","7074094",c(137417.98415686, 215167.111288692),"47902","2",NA,8.41395895872232
"gbif_data",NA,NA,NA,2025,2025-04-28,51.24586,4.18752,4,"Benedenscheldebekken",3,NA,NA,NA,1,NA,NA,NA,NA,NA,NA,NA,NA,NA,NA,TRUE,"<buffer","7074093",c(137344.552239935, 215120.561748849),"47902","2",NA,7.96129283022511
"gbif_data",NA,NA,NA,2025,2025-04-28,51.24685,4.18938,4,"Benedenscheldebekken",3,NA,NA,1,NA,NA,NA,NA,NA,NA,NA,NA,NA,NA,NA,TRUE,"<buffer","7074094",c(137474.696594582, 215230.390500215),"47902","2",NA,8.08268747199806
"gbif_data",NA,NA,NA,2025,2025-04-28,51.24645,4.18884,4,"Benedenscheldebekken",3,NA,NA,1,NA,NA,NA,NA,NA,NA,NA,NA,NA,NA,NA,TRUE,"<buffer","7074094",c(137436.88308566, 215185.979179144),"47902","2",NA,6.98802423117528
"gbif_data",NA,NA,NA,2025,2025-04-28,51.24565,4.18599,4,"Benedenscheldebekken",5,NA,NA,1,NA,NA,NA,NA,NA,NA,NA,NA,NA,NA,NA,TRUE,"<buffer","7074093",c(137237.658752493, 215097.458974426),"47902","2",NA,1.49985511697126
"gbif_data",NA,NA,NA,2025,2025-04-28,51.24609,4.1882,4,"Benedenscheldebekken",3,NA,NA,1,NA,NA,NA,NA,NA,NA,NA,NA,NA,NA,NA,TRUE,"<buffer","7074094",c(137392.096979865, 215146.035268697),"47902","2",NA,9.66548353354387
"gbif_data",NA,NA,NA,2025,2025-04-28,51.24628,4.18857,4,"Benedenscheldebekken",3,NA,NA,1,NA,NA,NA,NA,NA,NA,NA,NA,NA,NA,NA,TRUE,"<buffer","7074094",c(137417.98415686, 215167.111288692),"47902","2",NA,8.41395895872232
"gbif_data",NA,NA,NA,2025,2025-04-28,51.24697,4.18949,4,"Benedenscheldebekken",3,NA,NA,1,NA,NA,NA,NA,NA,NA,NA,NA,NA,NA,NA,TRUE,"<buffer","7066952",c(137482.409573122, 215243.722682536),"65266","99",NA,1.89047258087907
"gbif_data",NA,NA,NA,2025,2025-04-28,51.24726,4.18963,4,"Benedenscheldebekken",3,NA,NA,1,NA,NA,NA,NA,NA,NA,NA,NA,NA,NA,NA,TRUE,"<buffer","7074060",c(137492.262733934, 215275.963279597),"47902","2",NA,8.19366222992036
"gbif_data",NA,NA,NA,2025,2025-04-29,51.08273,4.993102,10,"Netebekken",NA,1,NA,NA,NA,NA,NA,NA,NA,NA,NA,NA,NA,NA,NA,TRUE,"<buffer","6004452",c(193748.807962022, 197140.990618984),"9154","2",NA,2.87157986412632
"gbif_data",NA,NA,NA,2025,2025-04-29,51.08267,4.99312,10,"Netebekken",20,1,NA,NA,NA,NA,NA,NA,NA,NA,NA,NA,NA,NA,NA,TRUE,"<buffer","6004452",c(193750.125407078, 197134.326534069),"9154","2",NA,1.33231610332028
"gbif_data",NA,NA,NA,2025,2025-05-02,51.21943,5.1807,10,"Netebekken",9,NA,NA,NA,1,NA,NA,NA,NA,NA,NA,NA,NA,NA,NA,TRUE,"<buffer","7029245",c(206727.155284356, 212475.454781844),"41337","9",NA,3.56219346998713
"gbif_data",NA,NA,NA,2025,2025-05-02,50.98427,5.33479,9,"Demerbekken",6,NA,NA,1,NA,NA,NA,NA,NA,NA,NA,NA,NA,NA,NA,TRUE,"<buffer",NA,c(217832.852154889, 186445.159442872),NA,NA,"LIMZNH0189",4.25173700121172
"gbif_data",NA,NA,NA,2025,2025-05-02,51.21945,5.18065,10,"Netebekken",18,NA,NA,NA,1,NA,NA,NA,NA,NA,NA,NA,NA,NA,NA,TRUE,"<buffer","7029245",c(206723.637773275, 212477.641510026),"41337","9",NA,6.47608618764107
"gbif_data",NA,NA,NA,2025,2025-05-03,50.98611,4.49076,8,"Dijle- en Zennebekken",8,1,NA,NA,NA,NA,NA,NA,NA,NA,NA,NA,NA,NA,NA,TRUE,"<buffer","6032335",c(158566.867555876, 186215.066809314),"6560","1",NA,1.52548216408048
"gbif_data",NA,NA,NA,2025,2025-05-03,50.98629,4.49058,8,"Dijle- en Zennebekken",4,1,NA,NA,NA,NA,NA,NA,NA,NA,NA,NA,NA,NA,NA,TRUE,"<buffer","6033077",c(158554.195477332, 186235.07008039),"6560","1",NA,0.722674094282975
"gbif_data",NA,NA,NA,2025,2025-05-04,50.98634,4.49056,8,"Dijle- en Zennebekken",4,1,NA,NA,NA,NA,NA,NA,NA,NA,NA,NA,NA,NA,NA,TRUE,"<buffer","6033077",c(158552.781968689, 186240.63002508),"6560","1",NA,0.73976928422855
"gbif_data",NA,NA,NA,2025,2025-05-04,50.89385,4.53708,8,"Dijle- en Zennebekken",5,1,NA,NA,NA,NA,NA,NA,NA,NA,NA,NA,NA,NA,NA,FALSE,"not linked",NA,c(161842.673715707, 175958.13087933),NA,NA,NA,NA
"gbif_data",NA,NA,NA,2025,2025-05-06,51.09886,4.01995,4,"Benedenscheldebekken",10,1,NA,NA,NA,NA,NA,NA,NA,NA,NA,NA,NA,NA,NA,TRUE,"<buffer",NA,c(125566.914580717, 198808.259061238),NA,NA,"OVLLOK0118",9.72354763448334
"gbif_data",NA,NA,NA,2025,2025-05-09,51.24556,4.1863,4,"Benedenscheldebekken",7,NA,NA,1,NA,NA,NA,NA,NA,NA,NA,NA,NA,NA,NA,TRUE,"<buffer","7074093",c(137259.280889128, 215087.392952396),"47902","2",NA,11.5931016719467
"gbif_data",NA,NA,NA,2025,2025-05-09,51.24685,4.1894,4,"Benedenscheldebekken",3,NA,NA,NA,1,NA,NA,NA,NA,NA,NA,NA,NA,NA,NA,TRUE,"<buffer","7074094",c(137476.093116651, 215230.387139821),"47902","2",NA,9.31857107951217
"gbif_data",NA,NA,NA,2025,2025-05-09,51.24608,4.18818,4,"Benedenscheldebekken",5,NA,NA,NA,1,NA,NA,NA,NA,NA,NA,NA,NA,NA,NA,TRUE,"<buffer","7074094",c(137390.697739851, 215144.926097143),"47902","2",NA,9.78047723391275
"gbif_data",NA,NA,NA,2025,2025-05-09,51.24724,4.18966,4,"Benedenscheldebekken",3,NA,NA,NA,1,NA,NA,NA,NA,NA,NA,NA,NA,NA,NA,TRUE,"<buffer","7074060",c(137494.352152528, 215273.733135963),"47902","2",NA,10.896430178017
"gbif_data",NA,NA,NA,2025,2025-05-09,51.24713,4.18962,4,"Benedenscheldebekken",3,NA,NA,NA,1,NA,NA,NA,NA,NA,NA,NA,NA,NA,NA,TRUE,"<buffer","7074060",c(137491.529721614, 215261.501741051),"47902","2",NA,12.2197183889543
"gbif_data",NA,NA,NA,2025,2025-05-09,51.24593,4.18772,4,"Benedenscheldebekken",3,NA,NA,NA,1,NA,NA,NA,NA,NA,NA,NA,NA,NA,NA,TRUE,"<buffer","7074093",c(137358.536671307, 215128.315692591),"47902","2",NA,7.51922674578535
"gbif_data",NA,NA,NA,2025,2025-05-09,51.24699,4.18954,4,"Benedenscheldebekken",3,NA,NA,NA,1,NA,NA,NA,NA,NA,NA,NA,NA,NA,NA,TRUE,"<buffer","7066952",c(137485.906219013, 215245.939397492),"65266","99",NA,5.75680175396676
"gbif_data",NA,NA,NA,2025,2025-05-09,51.246,4.18794,4,"Benedenscheldebekken",4,NA,NA,NA,1,NA,NA,NA,NA,NA,NA,NA,NA,NA,NA,TRUE,"<buffer","7066961",c(137373.917608293, 215136.066286358),"65274","99",NA,6.14818951756797
"gbif_data",NA,NA,NA,2025,2025-05-09,51.24707,4.18956,4,"Benedenscheldebekken",3,NA,NA,1,NA,NA,NA,NA,NA,NA,NA,NA,NA,NA,NA,TRUE,"<buffer","7074060",c(137487.324133269, 215254.83648045),"47902","2",NA,10.4192737534471
"gbif_data",NA,NA,NA,2025,2025-05-09,51.24562,4.18655,4,"Benedenscheldebekken",8,NA,NA,NA,1,NA,NA,NA,NA,NA,NA,NA,NA,NA,NA,TRUE,"<buffer","7074093",c(137276.754214398, 215094.025574987),"47902","2",NA,8.99629270068119
"gbif_data",NA,NA,NA,2025,2025-05-09,51.24685,4.18941,4,"Benedenscheldebekken",3,NA,NA,NA,1,NA,NA,NA,NA,NA,NA,NA,NA,NA,NA,TRUE,"<buffer","7074094",c(137476.791377686, 215230.385459769),"47902","2",NA,9.94841595316176
"gbif_data",NA,NA,NA,2025,2025-05-09,51.24627,4.1886,4,"Benedenscheldebekken",3,NA,NA,1,NA,NA,NA,NA,NA,NA,NA,NA,NA,NA,NA,TRUE,"<buffer","7074094",c(137420.076276601, 215165.993670664),"47902","2",NA,10.5911261461606
"gbif_data",NA,NA,NA,2025,2025-05-09,51.24578,4.18726,4,"Benedenscheldebekken",4,NA,NA,NA,1,NA,NA,NA,NA,NA,NA,NA,NA,NA,NA,TRUE,"<buffer","7074093",c(137326.375396477, 215111.705488538),"47902","2",NA,8.65302179583177
"gbif_data",NA,NA,NA,2025,2025-05-09,51.24557,4.18631,4,"Benedenscheldebekken",6,NA,NA,1,NA,NA,NA,NA,NA,NA,NA,NA,NA,NA,NA,TRUE,"<buffer","7074093",c(137259.981892664, 215088.503797412),"47902","2",NA,10.6646112667652
"gbif_data",NA,NA,NA,2025,2025-05-11,51.2285,5.19516,10,"Netebekken",30,NA,NA,NA,1,NA,NA,NA,NA,NA,NA,NA,NA,NA,NA,TRUE,"<buffer",NA,c(207726.136165771, 213495.628513645),NA,NA,"ANTMOL0164",0
"gbif_data",NA,NA,NA,2025,2025-05-12,51.24788,5.08367,10,"Netebekken",8,NA,NA,NA,1,NA,NA,NA,NA,NA,NA,NA,NA,NA,NA,TRUE,"<buffer","6030567",c(199917.776395435, 215570.755323404),"8710","2",NA,7.62162207724679
"gbif_data",NA,NA,NA,2025,2025-05-12,51.24788,5.08375,10,"Netebekken",2,NA,NA,NA,1,NA,NA,NA,NA,NA,NA,NA,NA,NA,NA,TRUE,"<buffer","6030567",c(199923.362117493, 215570.8091614),"8710","2",NA,9.16491193716277
"gbif_data",NA,NA,NA,2025,2025-05-15,51.24638,4.18877,4,"Benedenscheldebekken",8,NA,NA,NA,1,NA,NA,NA,NA,NA,NA,NA,NA,NA,NA,TRUE,"<buffer","7074094",c(137431.976411873, 215178.203095957),"47902","2",NA,8.84747468602512
"gbif_data",NA,NA,NA,2025,2025-05-15,51.24619,4.18839,4,"Benedenscheldebekken",4,NA,NA,NA,1,NA,NA,NA,NA,NA,NA,NA,NA,NA,NA,TRUE,"<buffer","7074094",c(137405.391076183, 215157.128694827),"47902","2",NA,8.38473617598746
"gbif_data",NA,NA,NA,2025,2025-05-15,51.24556,4.18604,4,"Benedenscheldebekken",3,NA,NA,1,NA,NA,NA,NA,NA,NA,NA,NA,NA,NA,NA,TRUE,"<buffer","7074093",c(137241.125601592, 215087.437426027),"47902","2",NA,8.71767171033895
"gbif_data",NA,NA,NA,2025,2025-05-15,51.24579,4.18729,4,"Benedenscheldebekken",6,NA,NA,NA,1,NA,NA,NA,NA,NA,NA,NA,NA,NA,NA,TRUE,"<buffer","7074093",c(137328.472936092, 215112.81294257),"47902","2",NA,8.42488756954161
"gbif_data",NA,NA,NA,2025,2025-05-15,51.24579,4.18726,4,"Benedenscheldebekken",3,NA,NA,NA,1,NA,NA,NA,NA,NA,NA,NA,NA,NA,NA,TRUE,"<buffer","7074093",c(137326.378105485, 215112.818042941),"47902","2",NA,7.62480592102245
"gbif_data",NA,NA,NA,2025,2025-05-15,51.24593,4.18772,4,"Benedenscheldebekken",4,NA,NA,NA,1,NA,NA,NA,NA,NA,NA,NA,NA,NA,NA,TRUE,"<buffer","7074093",c(137358.536671307, 215128.315692591),"47902","2",NA,7.51922674578535
"gbif_data",NA,NA,NA,2025,2025-05-15,51.24586,4.18751,4,"Benedenscheldebekken",4,NA,NA,NA,1,NA,NA,NA,NA,NA,NA,NA,NA,NA,NA,TRUE,"<buffer","7074093",c(137343.853964109, 215120.563446713),"47902","2",NA,7.63819224967329
"gbif_data",NA,NA,NA,2025,2025-05-15,51.24565,4.18673,4,"Benedenscheldebekken",3,NA,NA,NA,1,NA,NA,NA,NA,NA,NA,NA,NA,NA,NA,TRUE,"<buffer","7074093",c(137289.331394476, 215097.332528103),"47902","2",NA,9.43184516735527
"gbif_data",NA,NA,NA,2025,2025-05-15,51.24593,4.18771,4,"Benedenscheldebekken",4,NA,NA,NA,1,NA,NA,NA,NA,NA,NA,NA,NA,NA,NA,TRUE,"<buffer","7074093",c(137357.838396526, 215128.317388573),"47902","2",NA,7.19612831697511
"gbif_data",NA,NA,NA,2025,2025-05-15,51.24619,4.18839,4,"Benedenscheldebekken",4,NA,NA,NA,1,NA,NA,NA,NA,NA,NA,NA,NA,NA,NA,TRUE,"<buffer","7074094",c(137405.391076183, 215157.128694827),"47902","2",NA,8.38473617598746
"gbif_data",NA,NA,NA,2025,2025-05-19,51.28865,3.33184,2,"Bekken van de Brugse Polders",15,1,NA,NA,NA,NA,NA,NA,NA,NA,NA,NA,NA,NA,NA,FALSE,"not linked",NA,c(77663.0840384014, 220370.327050353),NA,NA,NA,NA
"gbif_data",NA,NA,NA,2025,2025-05-20,50.79378,3.92009,7,"Denderbekken",30,1,NA,NA,NA,NA,NA,NA,NA,NA,NA,NA,NA,NA,NA,TRUE,"<buffer",NA,c(118367.263981286, 164908.020325114),NA,NA,"OVLGER0177",0
"gbif_data",NA,NA,NA,2025,2025-05-20,51.22719,3.24559,2,"Bekken van de Brugse Polders",3,1,NA,NA,NA,NA,NA,NA,NA,NA,NA,NA,NA,NA,NA,TRUE,"GRB/2 + buffer","6005810",c(71543.2398978739, 213620.759187934),"10","0",NA,18.0999726926194
"gbif_data",NA,NA,NA,2025,2025-05-21,51.03755,3.96706,4,"Benedenscheldebekken",15,NA,NA,NA,1,NA,NA,NA,NA,NA,NA,NA,NA,NA,NA,TRUE,"<buffer",NA,c(121825.285815423, 192006.406805823),NA,NA,"OVLBLE0077",0
"gbif_data",NA,NA,NA,2025,2025-05-22,51.01756,4.10156,7,"Denderbekken",16,NA,NA,1,NA,NA,NA,NA,NA,NA,NA,NA,NA,NA,NA,FALSE,"not linked",NA,c(131251.024052227, 189740.192452498),NA,NA,NA,NA
"gbif_data",NA,NA,NA,2025,2025-05-23,51.07029,4.97644,10,"Netebekken",36,1,NA,NA,NA,NA,NA,NA,NA,NA,NA,NA,NA,NA,NA,FALSE,"not linked",NA,c(192592.64411646, 195747.405575033),NA,NA,NA,NA
"gbif_data",NA,NA,NA,2025,2025-05-27,51.2472,4.18965,4,"Benedenscheldebekken",3,NA,NA,1,NA,NA,NA,NA,NA,NA,NA,NA,NA,NA,NA,TRUE,"<buffer","7074060",c(137493.643204537, 215269.284593139),"47902","2",NA,11.6778922714227
"gbif_data",NA,NA,NA,2025,2025-05-27,51.24634,4.18868,4,"Benedenscheldebekken",3,NA,NA,NA,1,NA,NA,NA,NA,NA,NA,NA,NA,NA,NA,TRUE,"<buffer","7074094",c(137425.681248389, 215173.768055312),"47902","2",NA,7.99732975549997
"gbif_data",NA,NA,NA,2025,2025-05-27,51.24607,4.1881,4,"Benedenscheldebekken",3,NA,NA,NA,1,NA,NA,NA,NA,NA,NA,NA,NA,NA,NA,TRUE,"<buffer","7074094",c(137385.10886308, 215143.827078411),"47902","2",NA,7.50138097785937
"gbif_data",NA,NA,NA,2025,2025-05-27,51.24561,4.18646,4,"Benedenscheldebekken",3,NA,NA,NA,1,NA,NA,NA,NA,NA,NA,NA,NA,NA,NA,TRUE,"<buffer","7074093",c(137270.466978817, 215092.928387034),"47902","2",NA,8.66621730965262
"gbif_data",NA,NA,NA,2025,2025-05-27,51.24599,4.18795,4,"Benedenscheldebekken",3,NA,NA,1,NA,NA,NA,NA,NA,NA,NA,NA,NA,NA,NA,TRUE,"<buffer","7066961",c(137374.613183361, 215134.952038022),"65274","99",NA,4.83591156039338
"gbif_data",NA,NA,NA,2025,2025-05-27,51.24707,4.18955,4,"Benedenscheldebekken",3,NA,NA,NA,1,NA,NA,NA,NA,NA,NA,NA,NA,NA,NA,TRUE,"<buffer","7074060",c(137486.625875527, 215254.838159085),"47902","2",NA,9.75868893401127
"gbif_data",NA,NA,NA,2025,2025-05-27,51.24557,4.1863,4,"Benedenscheldebekken",3,NA,NA,NA,1,NA,NA,NA,NA,NA,NA,NA,NA,NA,NA,TRUE,"<buffer","7074093",c(137259.28361252, 215088.505506666),"47902","2",NA,10.5086493711855
"gbif_data",NA,NA,NA,2025,2025-05-27,51.24569,4.18691,4,"Benedenscheldebekken",3,NA,NA,NA,1,NA,NA,NA,NA,NA,NA,NA,NA,NA,NA,TRUE,"<buffer","7074093",c(137301.911272698, 215101.752066116),"47902","2",NA,8.80385360884002
"gbif_data",NA,NA,NA,2025,2025-05-27,51.24572,4.18707,4,"Benedenscheldebekken",3,NA,NA,NA,1,NA,NA,NA,NA,NA,NA,NA,NA,NA,NA,TRUE,"<buffer","7074093",c(137313.091862037, 215105.062484271),"47902","2",NA,9.75510740606217
"gbif_data",NA,NA,NA,2025,2025-05-27,51.24555,4.18627,4,"Benedenscheldebekken",3,NA,NA,NA,1,NA,NA,NA,NA,NA,NA,NA,NA,NA,NA,TRUE,"<buffer","7074093",c(137257.18332441, 215086.28552646),"47902","2",NA,12.2096675299618
"gbif_data",NA,NA,NA,2025,2025-05-27,51.24555,4.18604,4,"Benedenscheldebekken",3,NA,NA,1,NA,NA,NA,NA,NA,NA,NA,NA,NA,NA,NA,TRUE,"<buffer","7074093",c(137241.122874305, 215086.324871769),"47902","2",NA,9.82790855544219
"gbif_data",NA,NA,NA,2025,2025-05-27,51.24608,4.18811,4,"Benedenscheldebekken",3,NA,NA,NA,1,NA,NA,NA,NA,NA,NA,NA,NA,NA,NA,TRUE,"<buffer","7074094",c(137385.809832045, 215144.937940666),"47902","2",NA,6.98737445806714
"gbif_data",NA,NA,NA,2025,2025-05-28,50.78078,3.88456,7,"Denderbekken",9,NA,NA,NA,1,NA,NA,NA,NA,NA,NA,NA,NA,NA,NA,FALSE,"not linked",NA,c(115852.850102597, 163477.657107239),NA,NA,NA,NA
"gbif_data",NA,NA,NA,2025,2025-05-29,50.96704,5.33583,9,"Demerbekken",30,NA,NA,1,NA,NA,NA,NA,NA,NA,NA,NA,NA,NA,NA,TRUE,"<buffer",NA,c(217930.856028981, 184529.521866559),NA,NA,"LIMZNH0225",0
"gbif_data",NA,NA,NA,2025,2025-05-30,51.00636,2.83965,1,"Ijzerbekken",7,1,NA,NA,NA,NA,NA,NA,NA,NA,NA,NA,NA,NA,NA,TRUE,"<buffer","6033221",c(42684.8827643591, 189564.71154347),"69721","1",NA,10.6080767386729
"gbif_data",NA,NA,NA,2025,2025-05-30,51.14542,4.08967,3,"Bekken van de Gentse Kanalen",7,1,NA,NA,NA,NA,NA,NA,NA,NA,NA,NA,NA,NA,NA,FALSE,"not linked",NA,c(130470.040907572, 203967.444258152),NA,NA,NA,NA
"gbif_data",NA,NA,NA,2025,2025-06-03,50.95301,4.45501,8,"Dijle- en Zennebekken",5,1,NA,NA,NA,NA,NA,NA,NA,NA,NA,NA,NA,NA,NA,TRUE,"<buffer",NA,c(156060.925190833, 182529.322800797),NA,NA,"VBRVIL0060",0
"gbif_data",NA,NA,NA,2025,2025-06-03,51.22885,5.19533,10,"Netebekken",7,NA,NA,NA,1,NA,NA,NA,NA,NA,NA,NA,NA,NA,NA,TRUE,"<buffer",NA,c(207737.576744664, 213534.697646286),NA,NA,"ANTMOL0164",0
"gbif_data",NA,NA,NA,2025,2025-06-05,51.23462,5.20693,10,"Netebekken",30,NA,NA,NA,1,NA,NA,NA,NA,NA,NA,NA,NA,NA,NA,TRUE,"<buffer",NA,c(208540.571519708, 214185.689971528),NA,NA,"ANTMOL0165",0
"gbif_data",NA,NA,NA,2025,2025-06-06,51.25851,4.20013,4,"Benedenscheldebekken",8,NA,NA,1,NA,NA,NA,NA,NA,NA,NA,NA,NA,NA,NA,TRUE,"<buffer",NA,c(138228.261195259, 216525.881076952),NA,NA,"OVLBVN0046",0
"gbif_data",NA,NA,NA,2025,2025-06-08,50.99101,2.81742,1,"Ijzerbekken",4,1,NA,NA,NA,NA,NA,NA,NA,NA,NA,NA,NA,NA,NA,TRUE,"<buffer","6033627",c(41089.310804426, 187889.808455348),"1201","0",NA,13.756097156937
"gbif_data",NA,NA,NA,2025,2025-06-11,51.14326,5.85129,11,"Maasbekken",2,NA,NA,NA,1,NA,NA,NA,NA,NA,NA,NA,NA,NA,NA,TRUE,"<buffer",NA,c(253743.043055465, 204727.315120987),NA,NA,"LIMKIN0231",11.5208274494269
"gbif_data",NA,NA,NA,2025,2025-06-11,51.22879,5.19546,10,"Netebekken",15,NA,NA,NA,1,NA,NA,NA,NA,NA,NA,NA,NA,NA,NA,TRUE,"<buffer",NA,c(207746.731490631, 213528.123939491),NA,NA,"ANTMOL0164",0
"gbif_data",NA,NA,NA,2025,2025-06-13,51.15089,3.92336,3,"Bekken van de Gentse Kanalen",7,1,NA,NA,NA,NA,NA,NA,NA,NA,NA,NA,NA,NA,NA,TRUE,"<buffer","6019537",c(118835.738130823, 204632.647244613),"26","1",NA,14.5647675373083
"gbif_data",NA,NA,NA,2025,2025-06-13,51.21471,4.47519,4,"Benedenscheldebekken",16,NA,NA,NA,1,NA,NA,NA,NA,NA,NA,NA,NA,NA,NA,TRUE,"<buffer",NA,c(157436.89781469, 211645.039988359),NA,NA,"ANTANT0476",0
"gbif_data",NA,NA,NA,2025,2025-06-18,50.98245,5.33554,9,"Demerbekken",11,NA,NA,1,NA,NA,NA,NA,NA,NA,NA,NA,NA,NA,NA,TRUE,"<buffer",NA,c(217888.150498708, 186243.396123535),NA,NA,"LIMZNH0233",0
"gbif_data",NA,NA,NA,2025,2025-06-18,51.25491,4.20082,4,"Benedenscheldebekken",6,NA,NA,1,NA,NA,NA,NA,NA,NA,NA,NA,NA,NA,NA,TRUE,"<buffer",NA,c(138275.527066321, 216125.250849958),NA,NA,"OVLBVN0046",11.3577740737078
"gbif_data",NA,NA,NA,2025,2025-06-18,51.25522,4.2013,4,"Benedenscheldebekken",6,NA,NA,1,NA,NA,NA,NA,NA,NA,NA,NA,NA,NA,NA,FALSE,"not linked",NA,c(138309.115269459, 216159.664811581),NA,NA,NA,NA
"gbif_data",NA,NA,NA,2025,2025-06-20,51.12106,3.98399,3,"Bekken van de Gentse Kanalen",3,1,NA,NA,NA,NA,NA,NA,NA,NA,NA,NA,NA,NA,NA,TRUE,"<buffer","7056717",c(123060.79252374, 201290.396268994),"19399","99",NA,1.28897289256471
"gbif_data",NA,NA,NA,2025,2025-06-20,51.12109,3.98365,3,"Bekken van de Gentse Kanalen",3,1,NA,NA,NA,NA,NA,NA,NA,NA,NA,NA,NA,NA,NA,TRUE,"<buffer","7064530",c(123037.005096396, 201293.856925418),"291","2",NA,5.16858394443855
"gbif_data",NA,NA,NA,2025,2025-06-21,51.12106,3.9839,3,"Bekken van de Gentse Kanalen",6,1,NA,NA,NA,NA,NA,NA,NA,NA,NA,NA,NA,NA,NA,TRUE,"<buffer","7064530",c(123054.491277981, 201290.428866579),"291","2",NA,2.64363414549936
"gbif_data",NA,NA,NA,2025,2025-06-21,51.2264,3.04194,2,"Bekken van de Brugse Polders",15,1,NA,NA,NA,NA,NA,NA,NA,NA,NA,NA,NA,NA,NA,TRUE,"<buffer",NA,c(57317.4838138222, 213767.437825257),NA,NA,"WVLDEH0152",1.59467049098909
"gbif_data",NA,NA,NA,2025,2025-06-22,51.12314,3.984,3,"Bekken van de Gentse Kanalen",30,1,NA,NA,NA,NA,NA,NA,NA,NA,NA,NA,NA,NA,NA,TRUE,"<buffer","6030434",c(123062.689558168, 201521.790653401),"196","2",NA,8.40535345979902
"gbif_data",NA,NA,NA,2025,2025-06-22,50.98173,5.33448,9,"Demerbekken",4,NA,NA,1,NA,NA,NA,NA,NA,NA,NA,NA,NA,NA,NA,TRUE,"<buffer",NA,c(217814.763465298, 186162.337010616),NA,NA,"LIMZNH0233",3.36485632653426
"gbif_data",NA,NA,NA,2025,2025-06-23,51.1211,3.98368,3,"Bekken van de Gentse Kanalen",14,1,NA,NA,NA,NA,NA,NA,NA,NA,NA,NA,NA,NA,NA,TRUE,"<buffer","7064530",c(123039.11126936, 201294.958541626),"291","2",NA,2.89397517697877
"gbif_data",NA,NA,NA,2025,2025-06-24,51.12304,3.98327,3,"Bekken van de Gentse Kanalen",15,1,NA,NA,NA,NA,NA,NA,NA,NA,NA,NA,NA,NA,NA,TRUE,"<buffer","6030434",c(123011.52407729, 201510.930350075),"196","2",NA,0.317702989924827
"gbif_data",NA,NA,NA,2025,2025-06-24,51.24556,3.35564,2,"Bekken van de Brugse Polders",10,1,NA,NA,NA,NA,NA,NA,NA,NA,NA,NA,NA,NA,NA,TRUE,"<buffer","6025208",c(79257.9366144132, 215553.816122975),"9","0",NA,14.3763032394782
"gbif_data",NA,NA,NA,2025,2025-06-25,51.14261,3.92412,3,"Bekken van de Gentse Kanalen",3,1,NA,NA,NA,NA,NA,NA,NA,NA,NA,NA,NA,NA,NA,TRUE,"<buffer","6025587",c(118883.406978851, 203711.182821556),"74","2",NA,5.98910114028489
"gbif_data",NA,NA,NA,2025,2025-06-25,51.2457,3.35559,2,"Bekken van de Brugse Polders",2,1,NA,NA,NA,NA,NA,NA,NA,NA,NA,NA,NA,NA,NA,FALSE,"not linked",NA,c(79254.6579068943, 215569.438085504),NA,NA,NA,NA
"gbif_data",NA,NA,NA,2025,2025-06-26,51.12006,5.1461,10,"Netebekken",7,NA,NA,NA,1,NA,NA,NA,NA,NA,NA,NA,NA,NA,NA,TRUE,"<buffer",NA,c(204425.720787879, 201395.005988332),NA,NA,"ANTBAL0155",0.0856602713570253
"gbif_data",NA,NA,NA,2025,2025-06-27,51.24179,3.05692,2,"Bekken van de Brugse Polders",2,1,NA,NA,NA,NA,NA,NA,NA,NA,NA,NA,NA,NA,NA,TRUE,"<buffer",NA,c(58394.0086097017, 215460.806063415),NA,NA,"WVLDEH0160",0
"gbif_data",NA,NA,NA,2025,2025-06-27,50.98187,5.33433,9,"Demerbekken",5,NA,NA,1,NA,NA,NA,NA,NA,NA,NA,NA,NA,NA,NA,TRUE,"<buffer",NA,c(217804.028156346, 186177.772940571),NA,NA,"LIMZNH0274",1.39330005633567
"gbif_data",NA,NA,NA,2025,2025-06-27,50.98191,5.33436,9,"Demerbekken",8,NA,NA,1,NA,NA,NA,NA,NA,NA,NA,NA,NA,NA,NA,TRUE,"<buffer",NA,c(217806.076770385, 186182.249788371),NA,NA,"LIMZNH0233",2.83655607297365
"gbif_data",NA,NA,NA,2025,2025-06-28,51.0749,4.9693,10,"Netebekken",60,1,NA,NA,NA,NA,NA,NA,NA,NA,NA,NA,NA,NA,NA,TRUE,"<buffer",NA,c(192088.059304895, 196256.168449923),NA,NA,"ANTLKD0080",0
"gbif_data",NA,NA,NA,2025,2025-06-28,50.99054,2.8169,1,"Ijzerbekken",4,1,NA,NA,NA,NA,NA,NA,NA,NA,NA,NA,NA,NA,NA,TRUE,"GRB/2 + buffer","6033627",c(41051.7175717991, 187838.296979093),"1201","0",NA,16.0087416942655
"gbif_data",NA,NA,NA,2025,2025-07-01,51.07487,4.97877,10,"Netebekken",17,1,NA,NA,NA,NA,NA,NA,NA,NA,NA,NA,NA,NA,NA,TRUE,"<buffer",NA,c(192751.759624973, 196258.247524834),NA,NA,"ANTLKD0185",12.3255056190916
"gbif_data",NA,NA,NA,2025,2025-07-02,51.24561,4.18652,4,"Benedenscheldebekken",3,NA,NA,1,NA,NA,NA,NA,NA,NA,NA,NA,NA,NA,NA,TRUE,"<buffer","7074093",c(137274.656656105, 215092.918141955),"47902","2",NA,9.60197770484155
"gbif_data",NA,NA,NA,2025,2025-07-02,51.24556,4.1861,4,"Benedenscheldebekken",3,NA,NA,1,NA,NA,NA,NA,NA,NA,NA,NA,NA,NA,NA,TRUE,"<buffer","7074093",c(137245.315283318, 215087.427157238),"47902","2",NA,8.98814317927072
"gbif_data",NA,NA,NA,2025,2025-07-02,51.24568,4.18679,4,"Benedenscheldebekken",3,NA,NA,1,NA,NA,NA,NA,NA,NA,NA,NA,NA,NA,NA,TRUE,"<buffer","7074093",c(137293.529216356, 215100.659961269),"47902","2",NA,7.44737458392881
"gbif_data",NA,NA,NA,2025,2025-07-02,51.24557,4.18605,4,"Benedenscheldebekken",3,NA,NA,NA,1,NA,NA,NA,NA,NA,NA,NA,NA,NA,NA,TRUE,"<buffer","7074093",c(137241.826609017, 215088.548268587),"47902","2",NA,7.65251366612729
"gbif_data",NA,NA,NA,2025,2025-07-02,51.24628,4.18859,4,"Benedenscheldebekken",3,NA,NA,1,NA,NA,NA,NA,NA,NA,NA,NA,NA,NA,NA,TRUE,"<buffer","7074094",c(137419.380695974, 215167.107913027),"47902","2",NA,9.2861232878333
"gbif_data",NA,NA,NA,2025,2025-07-02,51.24627,4.1886,4,"Benedenscheldebekken",3,NA,NA,NA,1,NA,NA,NA,NA,NA,NA,NA,NA,NA,NA,TRUE,"<buffer","7074094",c(137420.076276601, 215165.993670664),"47902","2",NA,10.5911261461606
"gbif_data",NA,NA,NA,2025,2025-07-03,51.29274,3.24893,2,"Bekken van de Brugse Polders",18,1,NA,NA,NA,NA,NA,NA,NA,NA,NA,NA,NA,NA,NA,FALSE,"not linked",NA,c(71886.4461172251, 220909.266128282),NA,NA,NA,NA
"gbif_data",NA,NA,NA,2025,2025-07-04,51.14972,3.86728,3,"Bekken van de Gentse Kanalen",3,1,NA,NA,NA,NA,NA,NA,NA,NA,NA,NA,NA,NA,NA,TRUE,"<buffer",NA,c(114911.017588741, 204527.468100061),NA,NA,"OVLWAC0067",0
"gbif_data",NA,NA,NA,2025,2025-07-04,50.98223,5.32564,9,"Demerbekken",18,NA,NA,NA,1,NA,NA,NA,NA,NA,NA,NA,NA,NA,NA,TRUE,"<buffer",NA,c(217193.322156132, 186209.912497193),NA,NA,"LIMZNH0256",3.79951343135594
"gbif_data",NA,NA,NA,2025,2025-07-05,51.26313,3.58018,3,"Bekken van de Gentse Kanalen",3,1,NA,NA,NA,NA,NA,NA,NA,NA,NA,NA,NA,NA,NA,FALSE,"not linked",NA,c(94956.7515464466, 217318.402770611),NA,NA,NA,NA
"gbif_data",NA,NA,NA,2025,2025-07-05,51.26313,3.58018,3,"Bekken van de Gentse Kanalen",3,1,NA,NA,NA,NA,NA,NA,NA,NA,NA,NA,NA,NA,NA,FALSE,"not linked",NA,c(94956.7515464466, 217318.402770611),NA,NA,NA,NA
"gbif_data",NA,NA,NA,2025,2025-07-06,51.13143,3.97635,3,"Bekken van de Gentse Kanalen",3,1,NA,NA,NA,NA,NA,NA,NA,NA,NA,NA,NA,NA,NA,TRUE,"<buffer","6007934",c(122531.972998543, 202446.844307258),"15074","0",NA,11.4269536123085
"gbif_data",NA,NA,NA,2025,2025-07-06,51.23225,3.13628,2,"Bekken van de Brugse Polders",4,1,NA,NA,NA,NA,NA,NA,NA,NA,NA,NA,NA,NA,NA,TRUE,"<buffer","6002161",c(63917.6059024099, 214304.680965043),"14310","99",NA,2.84255885091158
"gbif_data",NA,NA,NA,2025,2025-07-06,51.23224,3.13628,2,"Bekken van de Brugse Polders",5,1,NA,NA,NA,NA,NA,NA,NA,NA,NA,NA,NA,NA,NA,TRUE,"<buffer","6002161",c(63917.5874468569, 214303.568566534),"14310","99",NA,2.75661167450663
"gbif_data",NA,NA,NA,2025,2025-07-07,51.29852,5.21035,10,"Netebekken",7,NA,NA,NA,1,NA,NA,NA,NA,NA,NA,NA,NA,NA,NA,TRUE,"<buffer",NA,c(208698.780358841, 221297.241056417),NA,NA,"ANTMOL0531",0
"gbif_data",NA,NA,NA,2025,2025-07-09,51.26169,4.80563,10,"Netebekken",56,1,NA,NA,NA,NA,NA,NA,NA,NA,NA,NA,NA,NA,NA,TRUE,"<buffer",NA,c(180495.240237208, 216956.420338763),NA,NA,"ANTLIL0245",0
"gbif_data",NA,NA,NA,2025,2025-07-09,51.104,5.80917,11,"Maasbekken",3,1,NA,NA,NA,NA,NA,NA,NA,NA,NA,NA,NA,NA,NA,TRUE,"<buffer","7016229",c(250880.757619352, 200302.397430693),"10004","1",NA,6.51264993701829
"gbif_data",NA,NA,NA,2025,2025-07-09,51.10401,5.80917,11,"Maasbekken",3,1,NA,NA,NA,NA,NA,NA,NA,NA,NA,NA,NA,NA,NA,TRUE,"<buffer","7016229",c(250880.736028811, 200303.509719452),"10004","1",NA,6.04377442305619
"gbif_data",NA,NA,NA,2025,2025-07-09,51.10401,5.80917,11,"Maasbekken",3,1,NA,NA,NA,NA,NA,NA,NA,NA,NA,NA,NA,NA,NA,TRUE,"<buffer","7016229",c(250880.736028811, 200303.509719452),"10004","1",NA,6.04377442305619
"gbif_data",NA,NA,NA,2025,2025-07-09,51.09748,5.80703,11,"Maasbekken",4,1,NA,NA,NA,NA,NA,NA,NA,NA,NA,NA,NA,NA,NA,TRUE,"<buffer",NA,c(250744.95556637, 199574.278872617),NA,NA,"LIMMSK0456",6.54050459632544
"gbif_data",NA,NA,NA,2025,2025-07-10,51.10395,5.80943,11,"Maasbekken",32,1,NA,NA,NA,NA,NA,NA,NA,NA,NA,NA,NA,NA,NA,TRUE,"<buffer","7036592",c(250899.072652943, 200297.189434924),"10004","1",NA,3.67112548393113
"gbif_data",NA,NA,NA,2025,2025-07-10,51.29293,3.24853,2,"Bekken van de Brugse Polders",8,1,NA,NA,NA,NA,NA,NA,NA,NA,NA,NA,NA,NA,NA,FALSE,"not linked",NA,c(71858.8649832637, 220930.823340922),NA,NA,NA,NA
"gbif_data",NA,NA,NA,2025,2025-07-11,51.10402,5.80923,11,"Maasbekken",4,1,NA,NA,NA,NA,NA,NA,NA,NA,NA,NA,NA,NA,NA,TRUE,"<buffer","7016229",c(250884.916066138, 200304.703567351),"10004","1",NA,5.28425225380399
"gbif_data",NA,NA,NA,2025,2025-07-11,51.09744,5.80749,11,"Maasbekken",6,1,NA,NA,NA,NA,NA,NA,NA,NA,NA,NA,NA,NA,NA,TRUE,"<buffer",NA,c(250777.25883089, 199570.454258369),NA,NA,"LIMMSK0456",0.182867659474424
"gbif_data",NA,NA,NA,2025,2025-07-11,51.07504,4.96946,10,"Netebekken",15,1,NA,NA,NA,NA,NA,NA,NA,NA,NA,NA,NA,NA,NA,TRUE,"<buffer",NA,c(192099.146221968, 196271.833564567),NA,NA,"ANTLKD0080",0
"gbif_data",NA,NA,NA,2025,2025-07-12,51.23814,5.195,10,"Netebekken",4,NA,NA,NA,1,NA,NA,NA,NA,NA,NA,NA,NA,NA,NA,TRUE,"<buffer",NA,c(207703.016032456, 214567.93794016),NA,NA,"ANTMOL0730",0
"gbif_data",NA,NA,NA,2025,2025-07-12,51.09754,5.80716,11,"Maasbekken",6,1,NA,NA,NA,NA,NA,NA,NA,NA,NA,NA,NA,NA,NA,TRUE,"<buffer",NA,c(250753.931009739, 199581.129071333),NA,NA,"LIMMSK0456",1.67701508168141
"gbif_data",NA,NA,NA,2025,2025-07-12,51.10396,5.80938,11,"Maasbekken",5,1,NA,NA,NA,NA,NA,NA,NA,NA,NA,NA,NA,NA,NA,TRUE,"<buffer","7036592",c(250895.549697643, 200298.23374789),"10004","1",NA,4.81043473596993
"gbif_data",NA,NA,NA,2025,2025-07-12,51.10396,5.80938,11,"Maasbekken",5,1,NA,NA,NA,NA,NA,NA,NA,NA,NA,NA,NA,NA,NA,TRUE,"<buffer","7036592",c(250895.549697643, 200298.23374789),"10004","1",NA,4.81043473596993
"gbif_data",NA,NA,NA,2025,2025-07-13,51.28216,3.22887,2,"Bekken van de Brugse Polders",60,1,NA,NA,NA,NA,NA,NA,NA,NA,NA,NA,NA,NA,NA,FALSE,"not linked",NA,c(70469.212940069, 219753.577955863),NA,NA,NA,NA
"gbif_data",NA,NA,NA,2025,2025-07-14,51.206,3.51539,2,"Bekken van de Brugse Polders",14,1,NA,NA,NA,NA,NA,NA,NA,NA,NA,NA,NA,NA,NA,TRUE,"<buffer","6039107",c(90361.5743628945, 211012.767870531),"9","0",NA,2.03408773083746
"gbif_data",NA,NA,NA,2025,2025-07-14,51.206,3.51539,2,"Bekken van de Brugse Polders",14,1,NA,NA,NA,NA,NA,NA,NA,NA,NA,NA,NA,NA,NA,TRUE,"<buffer","6039107",c(90361.5743628945, 211012.767870531),"9","0",NA,2.03408773083746
"gbif_data",NA,NA,NA,2025,2025-07-14,51.11812,5.74462,11,"Maasbekken",32,1,NA,NA,NA,NA,NA,NA,NA,NA,NA,NA,NA,NA,NA,TRUE,"<buffer",NA,c(246331.346218969, 201787.201605074),NA,NA,"LIMMSK0182",0
"gbif_data",NA,NA,NA,2025,2025-07-14,51.13685,5.08163,10,"Netebekken",5,NA,NA,NA,1,NA,NA,NA,NA,NA,NA,NA,NA,NA,NA,TRUE,"<buffer","7027787",c(199894.048150132, 203217.481938872),"8501","1",NA,0.523595624816725
"gbif_data",NA,NA,NA,2025,2025-07-14,51.22075,5.09434,10,"Netebekken",4,NA,NA,NA,1,NA,NA,NA,NA,NA,NA,NA,NA,NA,NA,TRUE,"<buffer",NA,c(200692.294724706, 212559.77789681),NA,NA,"ANTMOL0060",1.22395668223409
"gbif_data",NA,NA,NA,2025,2025-07-15,51.09344,5.7425,11,"Maasbekken",60,1,NA,NA,NA,NA,NA,NA,NA,NA,NA,NA,NA,NA,NA,TRUE,"<buffer",NA,c(246233.751626511, 199039.27478547),NA,NA,"LIMMSK0341",0
"gbif_data",NA,NA,NA,2025,2025-07-15,50.98856,4.48485,8,"Dijle- en Zennebekken",3,1,NA,NA,NA,NA,NA,NA,NA,NA,NA,NA,NA,NA,NA,TRUE,"<buffer","6032482",c(158151.457101733, 186486.94852474),"6560","1",NA,0.347581649346309
"gbif_data",NA,NA,NA,2025,2025-07-16,50.93281,5.660469,11,"Maasbekken",8,NA,NA,NA,1,NA,NA,NA,NA,NA,NA,NA,NA,NA,NA,TRUE,"<buffer",NA,c(240798.917889766, 181069.27563736),NA,NA,"LIMLNK0245",8.64233954664076
"gbif_data",NA,NA,NA,2025,2025-07-16,51.12168,3.98676,3,"Bekken van de Gentse Kanalen",7,1,NA,NA,NA,NA,NA,NA,NA,NA,NA,NA,NA,NA,NA,TRUE,"<buffer","7064533",c(123255.085087887, 201358.371123437),"291","2",NA,6.58767561372611
"gbif_data",NA,NA,NA,2025,2025-07-16,51.20496,3.1229,2,"Bekken van de Brugse Polders",5,1,NA,NA,NA,NA,NA,NA,NA,NA,NA,NA,NA,NA,NA,FALSE,"not linked",NA,c(62932.2553593309, 211284.558105527),NA,NA,NA,NA
"gbif_data",NA,NA,NA,2025,2025-07-17,50.93061,5.71004,11,"Maasbekken",11,NA,NA,NA,1,NA,NA,NA,NA,NA,NA,NA,NA,NA,NA,TRUE,"<buffer",NA,c(244287.476932435, 180886.393512709),NA,NA,"LIMLNK0003",3.32158603373684
"gbif_data",NA,NA,NA,2025,2025-07-17,51.27539,3.19677,2,"Bekken van de Brugse Polders",6,1,NA,NA,NA,NA,NA,NA,NA,NA,NA,NA,NA,NA,NA,TRUE,"<buffer","5012248",c(68217.8770727395, 219035.305322066),"32203","2",NA,6.81144013740089
"gbif_data",NA,NA,NA,2025,2025-07-17,51.27441,3.19679,2,"Bekken van de Brugse Polders",3,1,NA,NA,NA,NA,NA,NA,NA,NA,NA,NA,NA,NA,NA,TRUE,"<buffer","5012571",c(68217.552737318, 218926.264945248),"2163","99",NA,1.35208001742549
"gbif_data",NA,NA,NA,2025,2025-07-17,51.27543,3.19677,2,"Bekken van de Brugse Polders",6,1,NA,NA,NA,NA,NA,NA,NA,NA,NA,NA,NA,NA,NA,TRUE,"<buffer","5012248",c(68217.9472711965, 219039.755052026),"32203","2",NA,7.05870447369964
"gbif_data",NA,NA,NA,2025,2025-07-17,50.93062,5.71006,11,"Maasbekken",9,NA,NA,NA,1,NA,NA,NA,NA,NA,NA,NA,NA,NA,NA,TRUE,"<buffer",NA,c(244288.862600766, 180887.531175757),NA,NA,"LIMLNK0003",3.26513232808909
"gbif_data",NA,NA,NA,2025,2025-07-17,51.25303,3.2863,2,"Bekken van de Brugse Polders",2,1,NA,NA,NA,NA,NA,NA,NA,NA,NA,NA,NA,NA,NA,TRUE,"<buffer","7065872",c(74428.6360450841, 216453.087178481),"2124","1",NA,7.74004758454332
"gbif_data",NA,NA,NA,2025,2025-07-17,51.25305,3.2863,2,"Bekken van de Brugse Polders",2,1,NA,NA,NA,NA,NA,NA,NA,NA,NA,NA,NA,NA,NA,TRUE,"<buffer","7065872",c(74428.6684613366, 216455.312064011),"2124","1",NA,7.40571512663393
"gbif_data",NA,NA,NA,2025,2025-07-17,51.25308,3.28629,2,"Bekken van de Brugse Polders",4,1,NA,NA,NA,NA,NA,NA,NA,NA,NA,NA,NA,NA,NA,TRUE,"<buffer","7065872",c(74428.018990165, 216458.659563535),"2124","1",NA,7.59446009603603
"gbif_data",NA,NA,NA,2025,2025-07-17,51.27542,3.19688,2,"Bekken van de Brugse Polders",4,1,NA,NA,NA,NA,NA,NA,NA,NA,NA,NA,NA,NA,NA,TRUE,"<buffer","5012248",c(68225.6049505375, 219038.521541637),"32203","2",NA,14.6612149650854
"gbif_data",NA,NA,NA,2025,2025-07-17,50.93059,5.71005,11,"Maasbekken",5,NA,NA,NA,1,NA,NA,NA,NA,NA,NA,NA,NA,NA,NA,TRUE,"<buffer",NA,c(244288.220027982, 180884.181711674),NA,NA,"LIMLNK0003",1.16778611339646
"gbif_data",NA,NA,NA,2025,2025-07-18,51.24903,3.70213,3,"Bekken van de Gentse Kanalen",3,1,NA,NA,NA,NA,NA,NA,NA,NA,NA,NA,NA,NA,NA,TRUE,"<buffer","4100509",c(103454.616530352, 215666.420905082),"2826","2",NA,6.43429721279397
"gbif_data",NA,NA,NA,2025,2025-07-18,51.07522,4.96896,10,"Netebekken",60,1,NA,NA,NA,NA,NA,NA,NA,NA,NA,NA,NA,NA,NA,TRUE,"<buffer",NA,c(192063.943448379, 196291.573972687),NA,NA,"ANTLKD0080",0.837083911590539
"gbif_data",NA,NA,NA,2025,2025-07-18,51.24905,3.70212,3,"Bekken van de Gentse Kanalen",3,1,NA,NA,NA,NA,NA,NA,NA,NA,NA,NA,NA,NA,NA,TRUE,"<buffer","4100509",c(103453.938284164, 215668.652195849),"2826","2",NA,6.69405517464932
"gbif_data",NA,NA,NA,2025,2025-07-20,51.06825,4.44666,10,"Netebekken",15,NA,NA,NA,1,NA,NA,NA,NA,NA,NA,NA,NA,NA,NA,TRUE,"<buffer",NA,c(155460.629133079, 195348.682865531),NA,NA,"ANTMEC0180",0.790016121164064
"gbif_data",NA,NA,NA,2025,2025-07-20,51.15162,3.94852,3,"Bekken van de Gentse Kanalen",5,1,NA,NA,NA,NA,NA,NA,NA,NA,NA,NA,NA,NA,NA,TRUE,"GRB/2 + buffer","6019449",c(120596.614498881, 204703.614547603),"195","2",NA,16.5364594815437
"gbif_data",NA,NA,NA,2025,2025-07-20,50.93377,5.66204,11,"Maasbekken",30,NA,NA,1,NA,NA,NA,NA,NA,NA,NA,NA,NA,NA,NA,FALSE,"not linked",NA,c(240907.476473874, 181177.976539786),NA,NA,NA,NA
"gbif_data",NA,NA,NA,2025,2025-07-21,50.98223,5.33458,9,"Demerbekken",2,NA,NA,1,NA,NA,NA,NA,NA,NA,NA,NA,NA,NA,NA,TRUE,"<buffer",NA,c(217821.061215991, 186218.046320567),NA,NA,"LIMZNH0233",1.89585455744269
"gbif_data",NA,NA,NA,2025,2025-07-21,51.22486,3.07842,2,"Bekken van de Brugse Polders",2,1,NA,NA,NA,NA,NA,NA,NA,NA,NA,NA,NA,NA,NA,TRUE,"<buffer","6026459",c(59862.4939655881, 213551.245930637),"2493","2",NA,1.4245620676067
"gbif_data",NA,NA,NA,2025,2025-07-23,51.25664,4.20068,4,"Benedenscheldebekken",5,NA,NA,1,NA,NA,NA,NA,NA,NA,NA,NA,NA,NA,NA,TRUE,"<buffer",NA,c(138266.186972102, 216317.745638377),NA,NA,"OVLBVN0046",8.13317856384911
"gbif_data",NA,NA,NA,2025,2025-07-23,51.28491,3.13194,2,"Bekken van de Brugse Polders",4,1,NA,NA,NA,NA,NA,NA,NA,NA,NA,NA,NA,NA,NA,TRUE,"<buffer","6019170",c(63712.0370250649, 220167.66516983),"2226","2",NA,8.04691332348399
"gbif_data",NA,NA,NA,2025,2025-07-23,51.24731,4.19007,4,"Benedenscheldebekken",5,NA,NA,1,NA,NA,NA,NA,NA,NA,NA,NA,NA,NA,NA,TRUE,"<buffer","639",c(137522.999284146, 215281.452317832),"47902","2",NA,14.1228000989756
"gbif_data",NA,NA,NA,2025,2025-07-24,51.21731,3.73402,3,"Bekken van de Gentse Kanalen",4,1,NA,NA,NA,NA,NA,NA,NA,NA,NA,NA,NA,NA,NA,TRUE,"<buffer","7068936",c(105651.053727787, 212118.042917266),"66161","9",NA,0.460210685802235
"gbif_data",NA,NA,NA,2025,2025-07-24,51.03321,5.72685,11,"Maasbekken",11,NA,NA,NA,1,NA,NA,NA,NA,NA,NA,NA,NA,NA,NA,FALSE,"not linked",NA,c(245260.168875737, 192319.736716541),NA,NA,NA,NA
"gbif_data",NA,NA,NA,2025,2025-07-25,51.16601,4.43231,4,"Benedenscheldebekken",5,NA,NA,NA,1,NA,NA,NA,NA,NA,NA,NA,NA,NA,NA,TRUE,"<buffer",NA,c(154445.371132407, 206223.545329127),NA,NA,"ANTEDE0043",0
"gbif_data",NA,NA,NA,2025,2025-07-26,51.24212,3.50225,2,"Bekken van de Brugse Polders",2,1,NA,NA,NA,NA,NA,NA,NA,NA,NA,NA,NA,NA,NA,TRUE,"<buffer","6039072",c(89490.1708030117, 215041.644855351),"2637","2",NA,7.70061582978619
"gbif_data",NA,NA,NA,2025,2025-07-27,50.92265,3.94391,4,"Benedenscheldebekken",10,1,NA,NA,NA,NA,NA,NA,NA,NA,NA,NA,NA,NA,NA,TRUE,"<buffer",NA,c(120128.556908463, 179233.566651874),NA,NA,"OVLERP0125",6.12479652514979
"gbif_data",NA,NA,NA,2025,2025-07-27,51.29288,3.24872,2,"Bekken van de Brugse Polders",2,1,NA,NA,NA,NA,NA,NA,NA,NA,NA,NA,NA,NA,NA,FALSE,"not linked",NA,c(71872.0334981631, 220925.061267671),NA,NA,NA,NA
"gbif_data",NA,NA,NA,2025,2025-07-27,51.293,3.24861,2,"Bekken van de Brugse Polders",15,1,NA,NA,NA,NA,NA,NA,NA,NA,NA,NA,NA,NA,NA,FALSE,"not linked",NA,c(71864.5623407499, 220938.526373565),NA,NA,NA,NA
"gbif_data",NA,NA,NA,2025,2025-07-28,50.93059,5.71012,11,"Maasbekken",61,NA,NA,NA,1,NA,NA,NA,NA,NA,NA,NA,NA,NA,NA,TRUE,"<buffer",NA,c(244293.140235549, 180884.270649174),NA,NA,"LIMLNK0003",0
"gbif_data",NA,NA,NA,2025,2025-07-28,50.98321,5.31511,9,"Demerbekken",2,NA,NA,1,NA,NA,NA,NA,NA,NA,NA,NA,NA,NA,NA,FALSE,"not linked",NA,c(216452.546508722, 186309.440488454),NA,NA,NA,NA
"gbif_data",NA,NA,NA,2025,2025-07-28,51.29307,3.24846,2,"Bekken van de Brugse Polders",15,1,NA,NA,NA,NA,NA,NA,NA,NA,NA,NA,NA,NA,NA,FALSE,"not linked",NA,c(71854.2173849275, 220946.47129888),NA,NA,NA,NA
"gbif_data",NA,NA,NA,2025,2025-07-29,51.07511,4.9693,10,"Netebekken",60,1,NA,NA,NA,NA,NA,NA,NA,NA,NA,NA,NA,NA,NA,TRUE,"<buffer",NA,c(192087.870135271, 196279.529907621),NA,NA,"ANTLKD0080",0
"gbif_data",NA,NA,NA,2025,2025-07-30,50.98882,4.51265,8,"Dijle- en Zennebekken",5,1,NA,NA,NA,NA,NA,NA,NA,NA,NA,NA,NA,NA,NA,TRUE,"<buffer",NA,c(160103.327522095, 186519.307842666),NA,NA,"VBRZEM0057",13.4538979924928
"gbif_data",NA,NA,NA,2025,2025-07-30,51.10131,5.81175,11,"Maasbekken",4,NA,NA,NA,1,NA,NA,NA,NA,NA,NA,NA,NA,NA,NA,TRUE,"<buffer",NA,c(251067.245884618, 200006.702210317),NA,NA,"LIMMSK0456",0
"gbif_data",NA,NA,NA,2025,2025-07-30,51.10459,5.81323,11,"Maasbekken",1,1,NA,NA,NA,NA,NA,NA,NA,NA,NA,NA,NA,NA,NA,TRUE,"<buffer",NA,c(251163.790314336, 200373.548899726),NA,NA,"LIMMSK0456",0
"gbif_data",NA,NA,NA,2025,2025-07-31,51.07508,4.96884,10,"Netebekken",60,1,NA,NA,NA,NA,NA,NA,NA,NA,NA,NA,NA,NA,NA,TRUE,"<buffer",NA,c(192055.659724289, 196275.931613342),NA,NA,"ANTLKD0080",3.70279329099837
"gbif_data",NA,NA,NA,2025,2025-07-31,51.0749,4.96922,10,"Netebekken",60,1,NA,NA,NA,NA,NA,NA,NA,NA,NA,NA,NA,NA,NA,TRUE,"<buffer",NA,c(192082.452772964, 196256.123053999),NA,NA,"ANTLKD0080",0
"gbif_data",NA,NA,NA,2025,2025-07-31,51.29256,3.24911,2,"Bekken van de Brugse Polders",13,1,NA,NA,NA,NA,NA,NA,NA,NA,NA,NA,NA,NA,NA,FALSE,"not linked",NA,c(71898.6992679058, 220889.052755287),NA,NA,NA,NA
"gbif_data",NA,NA,NA,2025,2025-07-31,51.29265,3.24887,2,"Bekken van de Brugse Polders",30,1,NA,NA,NA,NA,NA,NA,NA,NA,NA,NA,NA,NA,NA,FALSE,"not linked",NA,c(71882.1102178329, 220899.317139121),NA,NA,NA,NA
"gbif_data",NA,NA,NA,2025,2025-07-31,51.14692,4.458,4,"Benedenscheldebekken",18,1,NA,NA,NA,NA,NA,NA,NA,NA,NA,NA,NA,NA,NA,FALSE,"not linked",NA,c(156244.892267798, 204101.61316584),NA,NA,NA,NA
"gbif_data",NA,NA,NA,2025,2025-08-02,51.06995,4.18334,4,"Benedenscheldebekken",46,1,NA,NA,NA,NA,NA,NA,NA,NA,NA,NA,NA,NA,NA,TRUE,"<buffer","4204331",c(137003.986935693, 195550.994122212),"3640","2",NA,13.0596297855215
"gbif_data",NA,NA,NA,2025,2025-08-03,51.13349,4.07292,3,"Bekken van de Gentse Kanalen",15,1,NA,NA,NA,NA,NA,NA,NA,NA,NA,NA,NA,NA,NA,FALSE,"not linked",NA,c(129292.637924058, 202644.754372102),NA,NA,NA,NA
"gbif_data",NA,NA,NA,2025,2025-08-04,51.12241,3.75148,3,"Bekken van de Gentse Kanalen",23,1,NA,NA,NA,NA,NA,NA,NA,NA,NA,NA,NA,NA,NA,FALSE,"not linked",NA,c(106783.279897381, 201550.27105236),NA,NA,NA,NA
"gbif_data",NA,NA,NA,2025,2025-08-04,51.29308,3.24844,2,"Bekken van de Brugse Polders",7,1,NA,NA,NA,NA,NA,NA,NA,NA,NA,NA,NA,NA,NA,FALSE,"not linked",NA,c(71852.8391782602, 220947.604787336),NA,NA,NA,NA
"gbif_data",NA,NA,NA,2025,2025-08-06,51.07511,4.96965,10,"Netebekken",60,1,NA,NA,NA,NA,NA,NA,NA,NA,NA,NA,NA,NA,NA,TRUE,"<buffer",NA,c(192112.398601773, 196279.728584927),NA,NA,"ANTLKD0080",0.0138129412855628
"gbif_data",NA,NA,NA,2025,2025-08-06,51.07526,4.96832,10,"Netebekken",30,1,NA,NA,NA,NA,NA,NA,NA,NA,NA,NA,NA,NA,NA,TRUE,"<buffer",NA,c(192019.05552316, 196295.660984583),NA,NA,"ANTLKD0087",3.86211610075935
"gbif_data",NA,NA,NA,2025,2025-08-06,51.28287,4.39043,4,"Benedenscheldebekken",1,NA,NA,NA,1,NA,NA,NA,NA,NA,NA,NA,NA,NA,NA,FALSE,"not linked",NA,c(151512.055967218, 219223.077868559),NA,NA,NA,NA
"gbif_data",NA,NA,NA,2025,2025-08-06,51.21858,4.70546,10,"Netebekken",5,1,NA,NA,NA,NA,NA,NA,NA,NA,NA,NA,NA,NA,NA,FALSE,"not linked",NA,c(173524.856032265, 212123.754530003),NA,NA,NA,NA
"gbif_data",NA,NA,NA,2025,2025-08-07,50.89264,4.72191,8,"Dijle- en Zennebekken",11,NA,1,NA,NA,NA,NA,NA,NA,NA,NA,NA,NA,NA,NA,TRUE,"<buffer",NA,c(174846.98226486, 175869.314142918),NA,NA,"VBRLEU0051",14.4949095488208
"gbif_data",NA,NA,NA,2025,2025-08-10,51.267,3.29767,2,"Bekken van de Brugse Polders",4,1,NA,NA,NA,NA,NA,NA,NA,NA,NA,NA,NA,NA,NA,TRUE,"<buffer","7052332",c(75244.7772612908, 217995.673707391),"10","0",NA,0.0374077724247149
"gbif_data",NA,NA,NA,2025,2025-08-10,51.07506,4.9693,10,"Netebekken",60,1,NA,NA,NA,NA,NA,NA,NA,NA,NA,NA,NA,NA,NA,TRUE,"<buffer",NA,c(192087.915175659, 196273.967655634),NA,NA,"ANTLKD0080",0
"gbif_data",NA,NA,NA,2025,2025-08-10,50.89247,4.72612,8,"Dijle- en Zennebekken",5,NA,1,NA,NA,NA,NA,NA,NA,NA,NA,NA,NA,NA,NA,TRUE,"<buffer",NA,c(175143.273068869, 175851.823142538),NA,NA,"VBRLEU0066",11.9841136302188
"gbif_data",NA,NA,NA,2025,2025-08-11,51.07316,5.03217,10,"Netebekken",8,1,NA,NA,NA,NA,NA,NA,NA,NA,NA,NA,NA,NA,NA,TRUE,"<buffer",NA,c(196495.808250275, 196100.146768248),NA,NA,"LIMTES0022",6.03283460614919
"gbif_data",NA,NA,NA,2025,2025-08-11,51.29301,3.24858,2,"Bekken van de Brugse Polders",2,1,NA,NA,NA,NA,NA,NA,NA,NA,NA,NA,NA,NA,NA,FALSE,"not linked",NA,c(71862.4866376369, 220939.670375946),NA,NA,NA,NA
"gbif_data",NA,NA,NA,2025,2025-08-11,50.96195,4.72865,9,"Demerbekken",93,NA,NA,NA,1,NA,NA,NA,NA,NA,NA,NA,NA,NA,NA,FALSE,"not linked",NA,c(175283.739762027, 183581.781354561),NA,NA,NA,NA
"gbif_data",NA,NA,NA,2025,2025-08-13,51.22071,5.09455,10,"Netebekken",16,NA,NA,NA,1,NA,NA,NA,NA,NA,NA,NA,NA,NA,NA,TRUE,"<buffer",NA,c(200707.009301495, 212555.471450754),NA,NA,"ANTMOL0060",1.63273254498516
"gbif_data",NA,NA,NA,2025,2025-08-15,50.89133,4.72159,8,"Dijle- en Zennebekken",5,NA,1,NA,NA,NA,NA,NA,NA,NA,NA,NA,NA,NA,NA,TRUE,"<buffer",NA,c(174825.162112584, 175723.481295182),NA,NA,"VBRLEU0131",5.16202415024765
"gbif_data",NA,NA,NA,2025,2025-08-16,51.00525,4.96803,9,"Demerbekken",4,NA,NA,NA,1,NA,NA,NA,NA,NA,NA,NA,NA,NA,NA,TRUE,"<buffer","7036972",c(192061.663548083, 188507.32268708),"7151","0",NA,3.81641123266071
"gbif_data",NA,NA,NA,2025,2025-08-17,50.98878,4.50352,8,"Dijle- en Zennebekken",6,1,NA,NA,NA,NA,NA,NA,NA,NA,NA,NA,NA,NA,NA,TRUE,"<buffer",NA,c(159462.292894633, 186513.649150568),NA,NA,"VBRZEM0068",1.9167102280921
"gbif_data",NA,NA,NA,2025,2025-08-17,51.10281,4.00622,3,"Bekken van de Gentse Kanalen",5,1,NA,NA,NA,NA,NA,NA,NA,NA,NA,NA,NA,NA,NA,TRUE,"<buffer","6007999",c(124607.307407968, 199252.287957649),"15074","0",NA,10.1475724743338
"gbif_data",NA,NA,NA,2025,2025-08-17,51.21512,4.47783,4,"Benedenscheldebekken",5,NA,NA,NA,1,NA,NA,NA,NA,NA,NA,NA,NA,NA,NA,TRUE,"<buffer",NA,c(157621.298770054, 211690.923683416),NA,NA,"ANTANT0476",0
"gbif_data",NA,NA,NA,2025,2025-08-19,51.29301,3.2486,2,"Bekken van de Brugse Polders",3,1,NA,NA,NA,NA,NA,NA,NA,NA,NA,NA,NA,NA,NA,FALSE,"not linked",NA,c(71863.8816217541, 220939.649342619),NA,NA,NA,NA
"gbif_data",NA,NA,NA,2025,2025-08-20,51.25696,3.57289,3,"Bekken van de Gentse Kanalen",3,1,NA,NA,NA,NA,NA,NA,NA,NA,NA,NA,NA,NA,NA,TRUE,"<buffer",NA,c(94440.5734053255, 216637.41444868),NA,NA,"OVLSTL0089",3.63208732256292
"gbif_data",NA,NA,NA,2025,2025-08-21,50.80516,4.6304,8,"Dijle- en Zennebekken",1,NA,NA,NA,1,NA,NA,NA,NA,NA,NA,NA,NA,NA,NA,TRUE,"<buffer",NA,c(168443.049680416, 166111.31278769),NA,NA,"VBRHLB0078",0
"gbif_data",NA,NA,NA,2025,2025-08-21,51.30286,4.53619,4,"Benedenscheldebekken",15,NA,NA,NA,1,NA,NA,NA,NA,NA,NA,NA,NA,NA,NA,TRUE,"<buffer",NA,c(161677.025649522, 221460.164136814),NA,NA,"ANTBRS0068",0
"gbif_data",NA,NA,NA,2025,2025-08-22,51.03548,3.97103,4,"Benedenscheldebekken",64,NA,NA,NA,1,NA,NA,NA,NA,NA,NA,NA,NA,NA,NA,TRUE,"<buffer",NA,c(122102.505859958, 191774.632006726),NA,NA,"OVLBLE0018",0
"gbif_data",NA,NA,NA,2025,2025-08-24,51.18094,3.46147,2,"Bekken van de Brugse Polders",15,1,NA,NA,NA,NA,NA,NA,NA,NA,NA,NA,NA,NA,NA,TRUE,"<buffer",NA,c(86559.4645096404, 208269.604285114),NA,NA,"OVLMDG0160",0
"gbif_data",NA,NA,NA,2025,2025-08-24,51.07511,4.96939,10,"Netebekken",60,1,NA,NA,NA,NA,NA,NA,NA,NA,NA,NA,NA,NA,NA,TRUE,"<buffer",NA,c(192094.177455318, 196279.580985028),NA,NA,"ANTLKD0080",0
"gbif_data",NA,NA,NA,2025,2025-08-24,51.20455,3.12039,2,"Bekken van de Brugse Polders",3,1,NA,NA,NA,NA,NA,NA,NA,NA,NA,NA,NA,NA,NA,FALSE,"not linked",NA,c(62756.0920937849, 211241.894970875),NA,NA,NA,NA
"gbif_data",NA,NA,NA,2025,2025-08-26,51.01947,3.81577,4,"Benedenscheldebekken",14,NA,NA,NA,1,NA,NA,NA,NA,NA,NA,NA,NA,NA,NA,TRUE,"<buffer",NA,c(111199.080618811, 190063.23633734),NA,NA,"OVLDSB0107",0
"gbif_data",NA,NA,NA,2025,2025-08-26,51.28857,3.26006,2,"Bekken van de Brugse Polders",3,1,NA,NA,NA,NA,NA,NA,NA,NA,NA,NA,NA,NA,NA,FALSE,"not linked",NA,c(72655.8373822583, 220433.729423737),NA,NA,NA,NA
"gbif_data",NA,NA,NA,2025,2025-08-27,51.22874,5.19548,10,"Netebekken",15,NA,NA,NA,1,NA,NA,NA,NA,NA,NA,NA,NA,NA,NA,TRUE,"<buffer",NA,c(207748.190458537, 213522.577101059),NA,NA,"ANTMOL0164",0
"gbif_data",NA,NA,NA,2025,2025-08-27,51.20618,3.02651,2,"Bekken van de Brugse Polders",5,1,NA,NA,NA,NA,NA,NA,NA,NA,NA,NA,NA,NA,NA,TRUE,"<buffer","6002288",c(56199.123111026, 211537.6016886),"2132","2",NA,5.63819446463011
"gbif_data",NA,NA,NA,2025,2025-08-28,51.26584,3.57738,3,"Bekken van de Gentse Kanalen",4,1,NA,NA,NA,NA,NA,NA,NA,NA,NA,NA,NA,NA,NA,TRUE,"<buffer",NA,c(94764.5278060328, 217621.968565878),NA,NA,"OVLSTL0064",3.99576323180858
"gbif_data",NA,NA,NA,2025,2025-08-30,51.20887,3.06767,2,"Bekken van de Brugse Polders",60,1,NA,NA,NA,NA,NA,NA,NA,NA,NA,NA,NA,NA,NA,FALSE,"not linked",NA,c(59080.4674715972, 211785.656719942),NA,NA,NA,NA
"gbif_data",NA,NA,NA,2025,2025-08-30,50.93183,5.71114,11,"Maasbekken",3,NA,NA,NA,1,NA,NA,NA,NA,NA,NA,NA,NA,NA,NA,FALSE,"not linked",NA,c(244362.339693324, 181023.486483291),NA,NA,NA,NA
"gbif_data",NA,NA,NA,2025,2025-08-31,51.10311,4.00101,3,"Bekken van de Gentse Kanalen",6,1,NA,NA,NA,NA,NA,NA,NA,NA,NA,NA,NA,NA,NA,TRUE,"<buffer","6007999",c(124242.557328052, 199287.453585955),"15074","0",NA,5.222437131636
"gbif_data",NA,NA,NA,2025,2025-08-31,51.07561,4.96656,10,"Netebekken",5,1,NA,NA,NA,NA,NA,NA,NA,NA,NA,NA,NA,NA,NA,TRUE,"<buffer",NA,c(191895.39889958, 196333.601085436),NA,NA,"ANTLKD0084",13.1608226479525
"gbif_data",NA,NA,NA,2025,2025-09-01,51.07006,4.85641,10,"Netebekken",10,NA,NA,1,NA,NA,NA,NA,NA,NA,NA,NA,NA,NA,NA,TRUE,"<buffer",NA,c(184180.037658026, 195659.687603779),NA,NA,"ANTHUL0597",5.27958770413545
"gbif_data",NA,NA,NA,2025,2025-09-02,51.23896,5.07014,10,"Netebekken",4,NA,NA,NA,1,NA,NA,NA,NA,NA,NA,NA,NA,NA,NA,TRUE,"<buffer","7072552",c(198982.473775078, 214569.380286845),"8502","2",NA,11.0389871064376
"gbif_data",NA,NA,NA,2025,2025-09-02,51.20321,4.80755,10,"Netebekken",15,NA,NA,NA,1,NA,NA,NA,NA,NA,NA,NA,NA,NA,NA,TRUE,"<buffer","6011527",c(180667.771420363, 210451.122201697),"8504","1",NA,2.25693931737785
"gbif_data",NA,NA,NA,2025,2025-09-02,51.20317,4.80718,10,"Netebekken",15,NA,NA,NA,1,NA,NA,NA,NA,NA,NA,NA,NA,NA,NA,TRUE,"<buffer","6011527",c(180641.938262576, 210446.519124657),"8504","1",NA,3.7323803657672
"gbif_data",NA,NA,NA,2025,2025-09-02,51.23908,5.07055,10,"Netebekken",6,NA,NA,NA,1,NA,NA,NA,NA,NA,NA,NA,NA,NA,NA,FALSE,"not linked",NA,c(199010.979821093, 214583.001165807),NA,NA,NA,NA
"gbif_data",NA,NA,NA,2025,2025-09-05,51.01013,4.5224,8,"Dijle- en Zennebekken",5,1,NA,NA,NA,NA,NA,NA,NA,NA,NA,NA,NA,NA,NA,FALSE,"not linked",NA,c(160782.974414485, 188891.32996961),NA,NA,NA,NA
"gbif_data",NA,NA,NA,2025,2025-09-07,50.98634,4.50515,8,"Dijle- en Zennebekken",3,1,NA,NA,NA,NA,NA,NA,NA,NA,NA,NA,NA,NA,NA,TRUE,"<buffer",NA,c(159577.240995838, 186242.420807738),NA,NA,"VBRZEM0090",5.78314894963991
"gbif_data",NA,NA,NA,2025,2025-09-09,51.06813,4.3869,4,"Benedenscheldebekken",4,NA,NA,NA,1,NA,NA,NA,NA,NA,NA,NA,NA,NA,NA,TRUE,"<buffer",NA,c(151271.821725848, 195332.584594284),NA,NA,"ANTWIL0020",6.33562569836167
"gbif_data",NA,NA,NA,2025,2025-09-11,51.07511,4.9693,10,"Netebekken",60,1,NA,NA,NA,NA,NA,NA,NA,NA,NA,NA,NA,NA,NA,TRUE,"<buffer",NA,c(192087.870135271, 196279.529907621),NA,NA,"ANTLKD0080",0
"gbif_data",NA,NA,NA,2025,2025-09-12,51.14779,3.90646,3,"Bekken van de Gentse Kanalen",60,1,NA,NA,NA,NA,NA,NA,NA,NA,NA,NA,NA,NA,NA,TRUE,"GRB/2 + buffer","6019429",c(117651.121737704, 204294.99042182),"26","1",NA,15.343242916118
"gbif_data",NA,NA,NA,2025,2025-09-12,51.32715,4.85467,10,"Netebekken",15,NA,NA,NA,1,NA,NA,NA,NA,NA,NA,NA,NA,NA,NA,FALSE,"not linked",NA,c(183870.636776849, 224260.515300442),NA,NA,NA,NA
"gbif_data",NA,NA,NA,2025,2025-09-12,51.15735,3.83728,3,"Bekken van de Gentse Kanalen",83,1,NA,NA,NA,NA,NA,NA,NA,NA,NA,NA,NA,NA,NA,FALSE,"not linked",NA,c(112817.981022676, 205390.87911916),NA,NA,NA,NA
"gbif_data",NA,NA,NA,2025,2025-09-13,51.15125,3.94842,3,"Bekken van de Gentse Kanalen",12,1,NA,NA,NA,NA,NA,NA,NA,NA,NA,NA,NA,NA,NA,TRUE,"<buffer","6019449",c(120589.385075757, 204662.491605697),"195","2",NA,12.840198084556
"gbif_data",NA,NA,NA,2025,2025-09-14,51.10442,3.99984,3,"Bekken van de Gentse Kanalen",5,1,NA,NA,NA,NA,NA,NA,NA,NA,NA,NA,NA,NA,NA,TRUE,"GRB/2 + buffer","6007999",c(124161.332295386, 199433.594772273),"15074","0",NA,18.6744049208809
"gbif_data",NA,NA,NA,2025,2025-09-14,51.25059,3.76246,3,"Bekken van de Gentse Kanalen",4,1,NA,NA,NA,NA,NA,NA,NA,NA,NA,NA,NA,NA,NA,FALSE,"not linked",NA,c(107668.301298026, 215803.906883657),NA,NA,NA,NA
"gbif_data",NA,NA,NA,2025,2025-09-14,51.24713,3.2255,2,"Bekken van de Brugse Polders",30,1,NA,NA,NA,NA,NA,NA,NA,NA,NA,NA,NA,NA,NA,FALSE,"not linked",NA,c(70174.1361277492, 215860.333172121),NA,NA,NA,NA
"gbif_data",NA,NA,NA,2025,2025-09-17,50.79307,3.91226,7,"Denderbekken",4,1,NA,NA,NA,NA,NA,NA,NA,NA,NA,NA,NA,NA,NA,TRUE,"<buffer",NA,c(117814.734349135, 164832.401760173),NA,NA,"OVLGER0176",0
"gbif_data",NA,NA,NA,2025,2025-09-17,50.73778,4.28326,8,"Dijle- en Zennebekken",2,NA,NA,NA,1,NA,NA,NA,NA,NA,NA,NA,NA,NA,NA,TRUE,"<buffer","6013243",c(143965.301216357, 158586.813532991),"6903","2",NA,3.78189644934565
"gbif_data",NA,NA,NA,2025,2025-09-17,50.73797,4.28332,8,"Dijle- en Zennebekken",15,NA,NA,NA,1,NA,NA,NA,NA,NA,NA,NA,NA,NA,NA,TRUE,"<buffer",NA,c(143969.560676038, 158607.94382459),NA,NA,"VBRBSL0284",2.11480808214842
"gbif_data",NA,NA,NA,2025,2025-09-19,50.98511,4.51482,8,"Dijle- en Zennebekken",8,1,NA,NA,NA,NA,NA,NA,NA,NA,NA,NA,NA,NA,NA,TRUE,"<buffer",NA,c(160256.504991625, 186106.887098654),NA,NA,"VBRZEM0090",0
"gbif_data",NA,NA,NA,2025,2025-09-21,51.26357,3.62807,3,"Bekken van de Gentse Kanalen",60,1,NA,NA,NA,NA,NA,NA,NA,NA,NA,NA,NA,NA,NA,TRUE,"<buffer","17326",c(98299.8757961844, 217332.96149717),"2801","0",NA,0.00247086821188048
"gbif_data",NA,NA,NA,2025,2025-09-22,51.24304,3.20908,2,"Bekken van de Brugse Polders",14,1,NA,NA,NA,NA,NA,NA,NA,NA,NA,NA,NA,NA,NA,TRUE,"<buffer","5012573",c(69020.6306122887, 215423.121318423),"32203","2",NA,11.5004946556469
"gbif_data",NA,NA,NA,2025,2025-09-26,51.14158,5.14675,10,"Netebekken",32,NA,NA,NA,1,NA,NA,NA,NA,NA,NA,NA,NA,NA,NA,TRUE,"<buffer",NA,c(204446.121749551, 203789.470686633),NA,NA,"ANTBAL0076",7.56402006842795
"gbif_data",NA,NA,NA,2025,2025-09-26,50.80378,3.75614,6,"Bovenscheldebekken",5,NA,NA,NA,1,NA,NA,NA,NA,NA,NA,NA,NA,NA,NA,TRUE,"<buffer",NA,c(106817.415015185, 166102.875954372),NA,NA,"OVLBRK0099",5.29094375855503
"gbif_data",NA,NA,NA,2025,2025-09-29,51.29478,4.97406,10,"Netebekken",3,NA,NA,NA,1,NA,NA,NA,NA,NA,NA,NA,NA,NA,NA,TRUE,"<buffer",NA,c(192222.001621418, 220720.419672573),NA,NA,"ANTTUR0207",0
"gbif_data",NA,NA,NA,2025,2025-09-30,51.09013,4.74038,10,"Netebekken",3,NA,NA,1,NA,NA,NA,NA,NA,NA,NA,NA,NA,NA,NA,TRUE,"<buffer",NA,c(176036.297803491, 197845.290784659),NA,NA,"ANTHEI0433",5.91839748873619
"gbif_data",NA,NA,NA,2025,2025-09-30,51.09018,4.74044,10,"Netebekken",4,NA,NA,1,NA,NA,NA,NA,NA,NA,NA,NA,NA,NA,NA,TRUE,"<buffer",NA,c(176040.473521941, 197850.874258292),NA,NA,"ANTHEI0433",0
"gbif_data",NA,NA,NA,2025,2025-09-30,51.0901,4.7405,10,"Netebekken",6,NA,NA,1,NA,NA,NA,NA,NA,NA,NA,NA,NA,NA,NA,TRUE,"<buffer",NA,c(176044.721773338, 197841.995512128),NA,NA,"ANTHEI0433",3.96701310662437
"gbif_data",NA,NA,NA,2025,2025-10-01,51.09034,4.74089,10,"Netebekken",3,NA,NA,1,NA,NA,NA,NA,NA,NA,NA,NA,NA,NA,NA,TRUE,"<buffer",NA,c(176071.911222091, 197868.832126467),NA,NA,"ANTHEI0433",4.05479142268069
"gbif_data",NA,NA,NA,2025,2025-10-01,51.3072,4.31762,4,"Benedenscheldebekken",15,NA,NA,NA,1,NA,NA,NA,NA,NA,NA,NA,NA,NA,NA,TRUE,"<buffer",NA,c(146433.771264582, 221930.944563508),NA,NA,"ANTANT0213",0
"gbif_data",NA,NA,NA,2025,2025-10-02,51.22851,5.19512,10,"Netebekken",15,NA,NA,NA,1,NA,NA,NA,NA,NA,NA,NA,NA,NA,NA,TRUE,"<buffer",NA,c(207723.329794756, 213496.709871651),NA,NA,"ANTMOL0164",0
"gbif_data",NA,NA,NA,2025,2025-10-02,51.2287,5.19443,10,"Netebekken",15,NA,NA,NA,1,NA,NA,NA,NA,NA,NA,NA,NA,NA,NA,TRUE,"<buffer",NA,c(207674.898412784, 213517.310379323),NA,NA,"ANTMOL0164",0
"gbif_data",NA,NA,NA,2025,2025-10-02,51.06421,3.18876,2,"Bekken van de Brugse Polders",15,NA,NA,NA,NA,NA,1,NA,NA,NA,NA,NA,NA,NA,NA,TRUE,"<buffer",NA,c(67285.8488131365, 195552.803895318),NA,NA,"WVLOSK0223",0
"gbif_data",NA,NA,NA,2025,2025-10-03,51.08396,4.74995,10,"Netebekken",6,NA,NA,1,NA,NA,NA,NA,NA,NA,NA,NA,NA,NA,NA,TRUE,"<buffer",NA,c(176710.304438975, 197162.297823493),NA,NA,"ANTHEI0647",0
"gbif_data",NA,NA,NA,2025,2025-10-03,51.22515,4.03657,3,"Bekken van de Gentse Kanalen",11,1,NA,NA,NA,NA,NA,NA,NA,NA,NA,NA,NA,NA,NA,FALSE,"not linked",NA,c(126793.825680065, 212852.829841812),NA,NA,NA,NA
"gbif_data",NA,NA,NA,2025,2025-10-04,51.28215,4.39848,4,"Benedenscheldebekken",2,NA,NA,NA,1,NA,NA,NA,NA,NA,NA,NA,NA,NA,NA,TRUE,"<buffer",NA,c(152073.756054533, 219143.172206299),NA,NA,"ANTANT0297",0
"gbif_data",NA,NA,NA,2025,2025-10-05,50.99268,4.51014,8,"Dijle- en Zennebekken",5,1,NA,NA,NA,NA,NA,NA,NA,NA,NA,NA,NA,NA,NA,FALSE,"not linked",NA,c(159926.271779901, 186948.374658327),NA,NA,NA,NA
"gbif_data",NA,NA,NA,2025,2025-10-12,50.99081,4.51412,8,"Dijle- en Zennebekken",14,1,NA,NA,NA,NA,NA,NA,NA,NA,NA,NA,NA,NA,NA,TRUE,"<buffer",NA,c(160206.104836146, 186740.887987226),NA,NA,"VBRZEM0059",0
"gbif_data",NA,NA,NA,2025,2025-10-12,51.23387,3.25521,2,"Bekken van de Brugse Polders",5,1,NA,NA,NA,NA,NA,NA,NA,NA,NA,NA,NA,NA,NA,TRUE,"<buffer","6038263",c(72226.3142273809, 214353.744728463),"2164","2",NA,5.2039533636191
"gbif_data",NA,NA,NA,2025,2025-10-16,50.83908,3.31915,5,"Leiebekken",41,NA,NA,NA,1,NA,NA,NA,NA,NA,NA,NA,NA,NA,NA,TRUE,"<buffer",NA,c(76071.3742800255, 170373.748654293),NA,NA,"WVLHAR0329",0
"gbif_data",NA,NA,NA,2025,2025-10-22,50.98635,4.51411,8,"Dijle- en Zennebekken",8,NA,NA,NA,1,NA,NA,NA,NA,NA,NA,NA,NA,NA,NA,TRUE,"<buffer",NA,c(160206.378646215, 186244.732784141),NA,NA,"VBRZEM0090",0
"gbif_data",NA,NA,NA,2025,2025-10-27,50.84144,2.87711,1,"Ijzerbekken",4,NA,NA,NA,NA,NA,NA,1,NA,NA,NA,NA,NA,NA,NA,TRUE,"<buffer",NA,c(44945.167379025, 171168.720365949),NA,NA,"WVLIEP1274",5.70094539115216
"gbif_data",NA,NA,NA,2025,2025-10-27,50.71651,3.35533,6,"Bovenscheldebekken",1,1,NA,NA,NA,NA,NA,NA,NA,NA,NA,NA,NA,NA,NA,TRUE,"<buffer","6020825",c(78433.5895292377, 156705.110419486),"5619","1",NA,7.69473642818334
"gbif_data",NA,NA,NA,2025,2025-10-31,51.09454,4.19996,4,"Benedenscheldebekken",4,NA,NA,NA,1,NA,NA,NA,NA,NA,NA,NA,NA,NA,NA,TRUE,"<buffer",NA,c(138175.095218823, 198283.831281062),NA,NA,"ANTBRM0391",0
"gbif_data",NA,NA,NA,2025,2025-11-03,51.05171,3.72506,3,"Bekken van de Gentse Kanalen",5,NA,NA,NA,1,NA,NA,NA,NA,NA,NA,NA,NA,NA,NA,FALSE,"not linked",NA,c(104865.498684091, 193700.940419261),NA,NA,NA,NA
"gbif_data",NA,NA,NA,2010,NA,51.22618,3.2148,2,"Bekken van de Brugse Polders",30,1,NA,NA,NA,NA,NA,NA,NA,NA,NA,NA,NA,NA,NA,FALSE,"not linked",NA,c(69390.8885235425, 213541.364673867),NA,NA,NA,NA
